,home_team,away_team,home_goals,away_goals,result,season,Match ID
0,Arsenal,Coventry,0.0,3.0,A,1993-1994,0
1,Aston Villa,QPR,4.0,1.0,H,1993-1994,1
2,Chelsea,Blackburn,1.0,2.0,A,1993-1994,2
3,Liverpool,Sheffield Weds,2.0,0.0,H,1993-1994,3
4,Man City,Leeds,1.0,1.0,D,1993-1994,4
5,Newcastle,Tottenham,0.0,1.0,A,1993-1994,5
6,Oldham,Ipswich,0.0,3.0,A,1993-1994,6
7,Sheffield United,Swindon,3.0,1.0,H,1993-1994,7
8,Southampton,Everton,0.0,2.0,A,1993-1994,8
9,West Ham,Wimbledon,0.0,2.0,A,1993-1994,9
10,Norwich,Man United,0.0,2.0,A,1993-1994,10
11,Tottenham,Arsenal,0.0,1.0,A,1993-1994,11
12,Everton,Man City,1.0,0.0,H,1993-1994,12
13,Ipswich,Southampton,1.0,0.0,H,1993-1994,13
14,Leeds,West Ham,1.0,0.0,H,1993-1994,14
15,Wimbledon,Chelsea,1.0,1.0,D,1993-1994,15
16,Blackburn,Norwich,2.0,3.0,A,1993-1994,16
17,Coventry,Newcastle,2.0,1.0,H,1993-1994,17
18,Man United,Sheffield United,3.0,0.0,H,1993-1994,18
19,QPR,Liverpool,1.0,3.0,A,1993-1994,19
20,Sheffield Weds,Aston Villa,0.0,0.0,D,1993-1994,20
21,Swindon,Oldham,0.0,1.0,A,1993-1994,21
22,Blackburn,Oldham,1.0,0.0,H,1993-1994,22
23,Coventry,West Ham,1.0,1.0,D,1993-1994,23
24,Everton,Sheffield United,4.0,2.0,H,1993-1994,24
25,Ipswich,Chelsea,1.0,0.0,H,1993-1994,25
26,Leeds,Norwich,0.0,4.0,A,1993-1994,26
27,Man United,Newcastle,1.0,1.0,D,1993-1994,27
28,QPR,Southampton,2.0,1.0,H,1993-1994,28
29,Sheffield Weds,Arsenal,0.0,1.0,A,1993-1994,29
30,Tottenham,Man City,1.0,0.0,H,1993-1994,30
31,Wimbledon,Aston Villa,2.0,2.0,D,1993-1994,31
32,Swindon,Liverpool,0.0,5.0,A,1993-1994,32
33,Aston Villa,Man United,1.0,2.0,A,1993-1994,33
34,Arsenal,Leeds,2.0,1.0,H,1993-1994,34
35,Man City,Blackburn,0.0,2.0,A,1993-1994,35
36,Oldham,Coventry,3.0,3.0,D,1993-1994,36
37,Sheffield United,Wimbledon,2.0,1.0,H,1993-1994,37
38,Chelsea,QPR,2.0,0.0,H,1993-1994,38
39,Liverpool,Tottenham,1.0,2.0,A,1993-1994,39
40,Newcastle,Everton,1.0,0.0,H,1993-1994,40
41,Norwich,Ipswich,1.0,0.0,H,1993-1994,41
42,Southampton,Swindon,5.0,1.0,H,1993-1994,42
43,West Ham,Sheffield Weds,2.0,0.0,H,1993-1994,43
44,Man City,Coventry,1.0,1.0,D,1993-1994,44
45,Arsenal,Everton,2.0,0.0,H,1993-1994,45
46,Aston Villa,Tottenham,1.0,0.0,H,1993-1994,46
47,Chelsea,Sheffield Weds,1.0,1.0,D,1993-1994,47
48,Liverpool,Leeds,2.0,0.0,H,1993-1994,48
49,Norwich,Swindon,0.0,0.0,D,1993-1994,49
50,Oldham,Wimbledon,1.0,1.0,D,1993-1994,50
51,Sheffield United,Ipswich,1.0,1.0,D,1993-1994,51
52,Southampton,Man United,1.0,3.0,A,1993-1994,52
53,West Ham,QPR,0.0,4.0,A,1993-1994,53
54,Newcastle,Blackburn,1.0,1.0,D,1993-1994,54
55,Leeds,Oldham,1.0,0.0,H,1993-1994,55
56,Everton,Aston Villa,0.0,1.0,A,1993-1994,56
57,Ipswich,Newcastle,1.0,1.0,D,1993-1994,57
58,Wimbledon,Southampton,1.0,0.0,H,1993-1994,58
59,Blackburn,Arsenal,1.0,1.0,D,1993-1994,59
60,Coventry,Liverpool,1.0,0.0,H,1993-1994,60
61,Man United,West Ham,3.0,0.0,H,1993-1994,61
62,QPR,Sheffield United,2.0,1.0,H,1993-1994,62
63,Sheffield Weds,Norwich,3.0,3.0,D,1993-1994,63
64,Swindon,Man City,1.0,3.0,A,1993-1994,64
65,Tottenham,Chelsea,1.0,1.0,D,1993-1994,65
66,Arsenal,Ipswich,4.0,0.0,H,1993-1994,66
67,Aston Villa,Coventry,0.0,0.0,D,1993-1994,67
68,Chelsea,Man United,1.0,0.0,H,1993-1994,68
69,Man City,QPR,3.0,0.0,H,1993-1994,69
70,Norwich,Wimbledon,0.0,1.0,A,1993-1994,70
71,Oldham,Everton,0.0,1.0,A,1993-1994,71
72,Sheffield United,Tottenham,2.0,2.0,D,1993-1994,72
73,Southampton,Leeds,0.0,2.0,A,1993-1994,73
74,West Ham,Swindon,0.0,0.0,D,1993-1994,74
75,Liverpool,Blackburn,0.0,1.0,A,1993-1994,75
76,Newcastle,Sheffield Weds,4.0,2.0,H,1993-1994,76
77,Blackburn,West Ham,0.0,2.0,A,1993-1994,77
78,Coventry,Chelsea,1.0,1.0,D,1993-1994,78
79,Everton,Liverpool,2.0,0.0,H,1993-1994,79
80,Ipswich,Aston Villa,1.0,2.0,A,1993-1994,80
81,Leeds,Sheffield United,2.0,1.0,H,1993-1994,81
82,QPR,Norwich,2.0,2.0,D,1993-1994,82
83,Sheffield Weds,Southampton,2.0,0.0,H,1993-1994,83
84,Swindon,Newcastle,2.0,2.0,D,1993-1994,84
85,Tottenham,Oldham,5.0,0.0,H,1993-1994,85
86,Man United,Arsenal,1.0,0.0,H,1993-1994,86
87,Wimbledon,Man City,1.0,0.0,H,1993-1994,87
88,Arsenal,Southampton,1.0,0.0,H,1993-1994,88
89,Blackburn,Sheffield Weds,1.0,1.0,D,1993-1994,89
90,Chelsea,Liverpool,1.0,0.0,H,1993-1994,90
91,Coventry,Leeds,0.0,2.0,A,1993-1994,91
92,Everton,Norwich,1.0,5.0,A,1993-1994,92
93,Man United,Swindon,4.0,2.0,H,1993-1994,93
94,Newcastle,West Ham,2.0,0.0,H,1993-1994,94
95,Oldham,Aston Villa,1.0,1.0,D,1993-1994,95
96,Sheffield United,Man City,0.0,1.0,A,1993-1994,96
97,Ipswich,Tottenham,2.0,2.0,D,1993-1994,97
98,Wimbledon,QPR,1.0,1.0,D,1993-1994,98
99,Aston Villa,Newcastle,0.0,2.0,A,1993-1994,99
100,Leeds,Wimbledon,4.0,0.0,H,1993-1994,100
101,Liverpool,Arsenal,0.0,0.0,D,1993-1994,101
102,Norwich,Coventry,1.0,0.0,H,1993-1994,102
103,QPR,Ipswich,3.0,0.0,H,1993-1994,103
104,Sheffield Weds,Man United,2.0,3.0,A,1993-1994,104
105,Southampton,Sheffield United,3.0,3.0,D,1993-1994,105
106,Swindon,Blackburn,1.0,3.0,A,1993-1994,106
107,West Ham,Chelsea,1.0,0.0,H,1993-1994,107
108,Tottenham,Everton,3.0,2.0,H,1993-1994,108
109,Man City,Oldham,1.0,1.0,D,1993-1994,109
110,Arsenal,Man City,0.0,0.0,D,1993-1994,110
111,Chelsea,Norwich,1.0,2.0,A,1993-1994,111
112,Coventry,Southampton,1.0,1.0,D,1993-1994,112
113,Liverpool,Oldham,2.0,1.0,H,1993-1994,113
114,Man United,Tottenham,2.0,1.0,H,1993-1994,114
115,Newcastle,QPR,1.0,2.0,A,1993-1994,115
116,Sheffield Weds,Wimbledon,2.0,2.0,D,1993-1994,116
117,Swindon,Everton,1.0,1.0,D,1993-1994,117
118,West Ham,Aston Villa,0.0,0.0,D,1993-1994,118
119,Ipswich,Leeds,0.0,0.0,D,1993-1994,119
120,Blackburn,Sheffield United,0.0,0.0,D,1993-1994,120
121,Aston Villa,Chelsea,1.0,0.0,H,1993-1994,121
122,Everton,Man United,0.0,1.0,A,1993-1994,122
123,Leeds,Blackburn,3.0,3.0,D,1993-1994,123
124,Man City,Liverpool,1.0,1.0,D,1993-1994,124
125,Norwich,West Ham,0.0,0.0,D,1993-1994,125
126,Oldham,Arsenal,0.0,0.0,D,1993-1994,126
127,QPR,Coventry,5.0,1.0,H,1993-1994,127
128,Sheffield United,Sheffield Weds,1.0,1.0,D,1993-1994,128
129,Tottenham,Swindon,1.0,1.0,D,1993-1994,129
130,Southampton,Newcastle,2.0,1.0,H,1993-1994,130
131,Wimbledon,Ipswich,0.0,2.0,A,1993-1994,131
132,Arsenal,Norwich,0.0,0.0,D,1993-1994,132
133,Blackburn,Tottenham,1.0,0.0,H,1993-1994,133
134,Chelsea,Oldham,0.0,1.0,A,1993-1994,134
135,Ipswich,Everton,0.0,2.0,A,1993-1994,135
136,Liverpool,Southampton,4.0,2.0,H,1993-1994,136
137,Man United,QPR,2.0,1.0,H,1993-1994,137
138,Newcastle,Wimbledon,4.0,0.0,H,1993-1994,138
139,Sheffield Weds,Leeds,3.0,3.0,D,1993-1994,139
140,Swindon,Aston Villa,1.0,2.0,A,1993-1994,140
141,Coventry,Sheffield United,0.0,0.0,D,1993-1994,141
142,West Ham,Man City,3.0,1.0,H,1993-1994,142
143,Arsenal,Aston Villa,1.0,2.0,A,1993-1994,143
144,Coventry,Everton,2.0,1.0,H,1993-1994,144
145,Ipswich,Sheffield Weds,1.0,4.0,A,1993-1994,145
146,Leeds,Chelsea,4.0,1.0,H,1993-1994,146
147,Liverpool,West Ham,2.0,0.0,H,1993-1994,147
148,QPR,Blackburn,1.0,0.0,H,1993-1994,148
149,Sheffield United,Norwich,1.0,2.0,A,1993-1994,149
150,Southampton,Tottenham,1.0,0.0,H,1993-1994,150
151,Wimbledon,Swindon,3.0,0.0,H,1993-1994,151
152,Man City,Man United,2.0,3.0,A,1993-1994,152
153,Oldham,Newcastle,1.0,3.0,A,1993-1994,153
154,Aston Villa,Sheffield United,1.0,0.0,H,1993-1994,154
155,Blackburn,Southampton,2.0,0.0,H,1993-1994,155
156,Chelsea,Arsenal,0.0,2.0,A,1993-1994,156
157,Everton,QPR,0.0,3.0,A,1993-1994,157
158,Man United,Wimbledon,3.0,1.0,H,1993-1994,158
159,Norwich,Man City,1.0,1.0,D,1993-1994,159
160,Sheffield Weds,Coventry,0.0,0.0,D,1993-1994,160
161,Swindon,Ipswich,2.0,2.0,D,1993-1994,161
162,Tottenham,Leeds,1.0,1.0,D,1993-1994,162
163,West Ham,Oldham,2.0,0.0,H,1993-1994,163
164,Newcastle,Liverpool,3.0,0.0,H,1993-1994,164
165,Chelsea,Man City,0.0,0.0,D,1993-1994,165
166,Blackburn,Coventry,2.0,1.0,H,1993-1994,166
167,Everton,Leeds,1.0,1.0,D,1993-1994,167
168,Aston Villa,Southampton,0.0,2.0,A,1993-1994,168
169,Man United,Ipswich,0.0,0.0,D,1993-1994,169
170,Newcastle,Sheffield United,4.0,0.0,H,1993-1994,170
171,Sheffield Weds,Oldham,3.0,0.0,H,1993-1994,171
172,Swindon,QPR,1.0,0.0,H,1993-1994,172
173,Tottenham,Wimbledon,1.0,1.0,D,1993-1994,173
174,West Ham,Arsenal,0.0,0.0,D,1993-1994,174
175,Arsenal,Newcastle,2.0,1.0,H,1993-1994,175
176,Coventry,Man United,0.0,1.0,A,1993-1994,176
177,Ipswich,Blackburn,1.0,0.0,H,1993-1994,177
178,Leeds,Swindon,3.0,0.0,H,1993-1994,178
179,Man City,Sheffield Weds,1.0,3.0,A,1993-1994,179
180,Oldham,Norwich,2.0,1.0,H,1993-1994,180
181,QPR,Tottenham,1.0,1.0,D,1993-1994,181
182,Sheffield United,Chelsea,1.0,0.0,H,1993-1994,182
183,Wimbledon,Everton,1.0,1.0,D,1993-1994,183
184,Liverpool,Aston Villa,2.0,1.0,H,1993-1994,184
185,Southampton,West Ham,0.0,2.0,A,1993-1994,185
186,Coventry,Arsenal,1.0,0.0,H,1993-1994,186
187,Everton,Southampton,1.0,0.0,H,1993-1994,187
188,Ipswich,Oldham,0.0,0.0,D,1993-1994,188
189,Leeds,Man City,3.0,2.0,H,1993-1994,189
190,Man United,Norwich,2.0,2.0,D,1993-1994,190
191,QPR,Aston Villa,2.0,2.0,D,1993-1994,191
192,Sheffield Weds,Liverpool,3.0,1.0,H,1993-1994,192
193,Swindon,Sheffield United,0.0,0.0,D,1993-1994,193
194,Tottenham,Newcastle,1.0,2.0,A,1993-1994,194
195,Wimbledon,West Ham,1.0,2.0,A,1993-1994,195
196,Blackburn,Chelsea,2.0,0.0,H,1993-1994,196
197,Arsenal,Tottenham,1.0,1.0,D,1993-1994,197
198,Oldham,Swindon,2.0,1.0,H,1993-1994,198
199,Sheffield United,Man United,0.0,3.0,A,1993-1994,199
200,Aston Villa,Sheffield Weds,2.0,2.0,D,1993-1994,200
201,Liverpool,QPR,3.0,2.0,H,1993-1994,201
202,Man City,Everton,1.0,0.0,H,1993-1994,202
203,Southampton,Ipswich,0.0,1.0,A,1993-1994,203
204,West Ham,Leeds,0.0,1.0,A,1993-1994,204
205,Aston Villa,Wimbledon,0.0,1.0,A,1993-1994,205
206,Chelsea,Ipswich,1.0,1.0,D,1993-1994,206
207,Liverpool,Swindon,2.0,2.0,D,1993-1994,207
208,Man City,Tottenham,0.0,2.0,A,1993-1994,208
209,Newcastle,Man United,1.0,1.0,D,1993-1994,209
210,Oldham,Blackburn,1.0,2.0,A,1993-1994,210
211,Sheffield United,Everton,0.0,0.0,D,1993-1994,211
212,Southampton,QPR,0.0,1.0,A,1993-1994,212
213,West Ham,Coventry,3.0,2.0,H,1993-1994,213
214,Arsenal,Sheffield Weds,1.0,0.0,H,1993-1994,214
215,Norwich,Leeds,2.0,1.0,H,1993-1994,215
216,Blackburn,Man City,2.0,0.0,H,1993-1994,216
217,Coventry,Oldham,1.0,1.0,D,1993-1994,217
218,Everton,Newcastle,0.0,2.0,A,1993-1994,218
219,Ipswich,Norwich,2.0,1.0,H,1993-1994,219
220,Leeds,Arsenal,2.0,1.0,H,1993-1994,220
221,Sheffield Weds,West Ham,5.0,0.0,H,1993-1994,221
222,Swindon,Southampton,2.0,1.0,H,1993-1994,222
223,Tottenham,Liverpool,3.0,3.0,D,1993-1994,223
224,Wimbledon,Sheffield United,2.0,0.0,H,1993-1994,224
225,Man United,Aston Villa,3.0,1.0,H,1993-1994,225
226,Newcastle,Leeds,1.0,1.0,D,1993-1994,226
227,Man United,Blackburn,1.0,1.0,D,1993-1994,227
228,Sheffield United,Liverpool,0.0,0.0,D,1993-1994,228
229,Wimbledon,Coventry,1.0,2.0,A,1993-1994,229
230,Everton,Sheffield Weds,0.0,2.0,A,1993-1994,230
231,Ipswich,West Ham,1.0,1.0,D,1993-1994,231
232,QPR,Oldham,2.0,0.0,H,1993-1994,232
233,Southampton,Chelsea,3.0,1.0,H,1993-1994,233
234,Swindon,Arsenal,0.0,4.0,A,1993-1994,234
235,Tottenham,Norwich,1.0,3.0,A,1993-1994,235
236,Chelsea,Newcastle,1.0,0.0,H,1993-1994,236
237,Liverpool,Wimbledon,1.0,1.0,D,1993-1994,237
238,Man City,Southampton,1.0,1.0,D,1993-1994,238
239,West Ham,Tottenham,1.0,3.0,A,1993-1994,239
240,Arsenal,Sheffield United,3.0,0.0,H,1993-1994,240
241,Blackburn,Everton,2.0,0.0,H,1993-1994,241
242,Leeds,QPR,1.0,1.0,D,1993-1994,242
243,Norwich,Aston Villa,1.0,2.0,A,1993-1994,243
244,Oldham,Man United,2.0,5.0,A,1993-1994,244
245,Sheffield Weds,Swindon,3.0,3.0,D,1993-1994,245
246,Aston Villa,Blackburn,0.0,1.0,A,1993-1994,246
247,Everton,West Ham,0.0,1.0,A,1993-1994,247
248,Ipswich,Liverpool,1.0,2.0,A,1993-1994,248
249,Man United,Leeds,0.0,0.0,D,1993-1994,249
250,Newcastle,Man City,2.0,0.0,H,1993-1994,250
251,QPR,Sheffield Weds,1.0,2.0,A,1993-1994,251
252,Sheffield United,Oldham,2.0,1.0,H,1993-1994,252
253,Southampton,Norwich,0.0,1.0,A,1993-1994,253
254,Swindon,Chelsea,1.0,3.0,A,1993-1994,254
255,Tottenham,Coventry,1.0,2.0,A,1993-1994,255
256,Wimbledon,Arsenal,0.0,3.0,A,1993-1994,256
257,Arsenal,QPR,0.0,0.0,D,1993-1994,257
258,Chelsea,Everton,4.0,2.0,H,1993-1994,258
259,Coventry,Swindon,1.0,1.0,D,1993-1994,259
260,Sheffield Weds,Tottenham,1.0,0.0,H,1993-1994,260
261,West Ham,Sheffield United,0.0,0.0,D,1993-1994,261
262,Liverpool,Man United,3.0,3.0,D,1993-1994,262
263,Norwich,Newcastle,1.0,2.0,A,1993-1994,263
264,Aston Villa,West Ham,3.0,1.0,H,1993-1994,264
265,Everton,Swindon,6.0,2.0,H,1993-1994,265
266,Leeds,Ipswich,0.0,0.0,D,1993-1994,266
267,Man City,Arsenal,0.0,0.0,D,1993-1994,267
268,Norwich,Chelsea,1.0,1.0,D,1993-1994,268
269,Oldham,Liverpool,0.0,3.0,A,1993-1994,269
270,Sheffield United,Blackburn,1.0,2.0,A,1993-1994,270
271,Southampton,Coventry,1.0,0.0,H,1993-1994,271
272,Tottenham,Man United,0.0,1.0,A,1993-1994,272
273,Wimbledon,Sheffield Weds,2.0,1.0,H,1993-1994,273
274,QPR,Newcastle,1.0,2.0,A,1993-1994,274
275,Arsenal,Oldham,1.0,1.0,D,1993-1994,275
276,Chelsea,Aston Villa,1.0,1.0,D,1993-1994,276
277,Coventry,QPR,0.0,1.0,A,1993-1994,277
278,Ipswich,Wimbledon,0.0,0.0,D,1993-1994,278
279,Liverpool,Man City,2.0,1.0,H,1993-1994,279
280,Man United,Everton,1.0,0.0,H,1993-1994,280
281,Newcastle,Southampton,1.0,2.0,A,1993-1994,281
282,Sheffield Weds,Sheffield United,3.0,1.0,H,1993-1994,282
283,Swindon,Tottenham,2.0,1.0,H,1993-1994,283
284,Blackburn,Leeds,2.0,1.0,H,1993-1994,284
285,West Ham,Norwich,3.0,3.0,D,1993-1994,285
286,Coventry,Ipswich,1.0,0.0,H,1993-1994,286
287,Blackburn,Wimbledon,3.0,0.0,H,1993-1994,287
288,Everton,Chelsea,4.0,2.0,H,1993-1994,288
289,Man City,Ipswich,2.0,1.0,H,1993-1994,289
290,Norwich,Liverpool,2.0,2.0,D,1993-1994,290
291,Oldham,Southampton,2.0,1.0,H,1993-1994,291
292,QPR,Man United,2.0,3.0,A,1993-1994,292
293,Swindon,Coventry,3.0,1.0,H,1993-1994,293
294,Tottenham,Sheffield Weds,1.0,3.0,A,1993-1994,294
295,Aston Villa,Leeds,1.0,0.0,H,1993-1994,295
296,Aston Villa,Swindon,5.0,0.0,H,1993-1994,296
297,Everton,Ipswich,0.0,0.0,D,1993-1994,297
298,Man City,West Ham,0.0,0.0,D,1993-1994,298
299,Oldham,Chelsea,2.0,1.0,H,1993-1994,299
300,Sheffield United,Coventry,0.0,0.0,D,1993-1994,300
301,Tottenham,Blackburn,0.0,2.0,A,1993-1994,301
302,Wimbledon,Newcastle,4.0,2.0,H,1993-1994,302
303,Norwich,Arsenal,1.0,1.0,D,1993-1994,303
304,Southampton,Liverpool,4.0,2.0,H,1993-1994,304
305,Blackburn,Newcastle,1.0,0.0,H,1993-1994,305
306,Coventry,Man City,4.0,0.0,H,1993-1994,306
307,Everton,Arsenal,1.0,1.0,D,1993-1994,307
308,Leeds,Liverpool,2.0,0.0,H,1993-1994,308
309,Swindon,Norwich,3.0,3.0,D,1993-1994,309
310,Aston Villa,Man City,0.0,0.0,D,1993-1994,310
311,Norwich,Blackburn,2.0,2.0,D,1993-1994,311
312,Newcastle,Coventry,4.0,0.0,H,1993-1994,312
313,Arsenal,Blackburn,1.0,0.0,H,1993-1994,313
314,Ipswich,Sheffield United,3.0,2.0,H,1993-1994,314
315,Liverpool,Coventry,1.0,0.0,H,1993-1994,315
316,Man City,Swindon,2.0,1.0,H,1993-1994,316
317,Norwich,Sheffield Weds,1.0,1.0,D,1993-1994,317
318,Southampton,Wimbledon,1.0,0.0,H,1993-1994,318
319,West Ham,Man United,2.0,2.0,D,1993-1994,319
320,Chelsea,Tottenham,4.0,3.0,H,1993-1994,320
321,Oldham,Leeds,1.0,1.0,D,1993-1994,321
322,Tottenham,Aston Villa,1.0,1.0,D,1993-1994,322
323,Blackburn,Liverpool,2.0,0.0,H,1993-1994,323
324,Everton,Oldham,2.0,1.0,H,1993-1994,324
325,Ipswich,Arsenal,1.0,5.0,A,1993-1994,325
326,Leeds,Southampton,0.0,0.0,D,1993-1994,326
327,Man United,Chelsea,0.0,1.0,A,1993-1994,327
328,QPR,Man City,1.0,1.0,D,1993-1994,328
329,Sheffield Weds,Newcastle,0.0,1.0,A,1993-1994,329
330,Swindon,West Ham,1.0,1.0,D,1993-1994,330
331,Tottenham,Sheffield United,2.0,2.0,D,1993-1994,331
332,Wimbledon,Norwich,3.0,1.0,H,1993-1994,332
333,Coventry,Aston Villa,0.0,1.0,A,1993-1994,333
334,Aston Villa,Ipswich,0.0,1.0,A,1993-1994,334
335,Man City,Wimbledon,0.0,1.0,A,1993-1994,335
336,Newcastle,Swindon,7.0,1.0,H,1993-1994,336
337,Norwich,QPR,3.0,4.0,A,1993-1994,337
338,Southampton,Sheffield Weds,1.0,1.0,D,1993-1994,338
339,Liverpool,Everton,2.0,1.0,H,1993-1994,339
340,Sheffield United,Leeds,2.0,2.0,D,1993-1994,340
341,Chelsea,Wimbledon,2.0,0.0,H,1993-1994,341
342,Leeds,Aston Villa,2.0,0.0,H,1993-1994,342
343,Man United,Sheffield Weds,5.0,0.0,H,1993-1994,343
344,Sheffield United,QPR,1.0,1.0,D,1993-1994,344
345,Aston Villa,Oldham,1.0,2.0,A,1993-1994,345
346,Leeds,Coventry,1.0,0.0,H,1993-1994,346
347,Liverpool,Chelsea,2.0,1.0,H,1993-1994,347
348,Man City,Sheffield United,0.0,0.0,D,1993-1994,348
349,QPR,Wimbledon,1.0,0.0,H,1993-1994,349
350,Southampton,Arsenal,0.0,4.0,A,1993-1994,350
351,Swindon,Man United,2.0,2.0,D,1993-1994,351
352,Tottenham,Ipswich,1.0,1.0,D,1993-1994,352
353,West Ham,Newcastle,2.0,4.0,A,1993-1994,353
354,Sheffield Weds,Blackburn,1.0,2.0,A,1993-1994,354
355,Norwich,Everton,3.0,0.0,H,1993-1994,355
356,Arsenal,Man United,2.0,2.0,D,1993-1994,356
357,Newcastle,Ipswich,2.0,0.0,H,1993-1994,357
358,Arsenal,Liverpool,1.0,0.0,H,1993-1994,358
359,Blackburn,Swindon,3.0,1.0,H,1993-1994,359
360,Chelsea,West Ham,2.0,0.0,H,1993-1994,360
361,Coventry,Norwich,2.0,1.0,H,1993-1994,361
362,Everton,Tottenham,0.0,1.0,A,1993-1994,362
363,Ipswich,QPR,1.0,3.0,A,1993-1994,363
364,Oldham,Man City,0.0,0.0,D,1993-1994,364
365,Sheffield United,Southampton,0.0,0.0,D,1993-1994,365
366,Wimbledon,Leeds,1.0,0.0,H,1993-1994,366
367,Sheffield United,West Ham,3.0,2.0,H,1993-1994,367
368,Ipswich,Man City,2.0,2.0,D,1993-1994,368
369,Newcastle,Norwich,3.0,0.0,H,1993-1994,369
370,Wimbledon,Blackburn,4.0,1.0,H,1993-1994,370
371,Aston Villa,Everton,0.0,0.0,D,1993-1994,371
372,Man United,Liverpool,1.0,0.0,H,1993-1994,372
373,Sheffield Weds,Chelsea,3.0,1.0,H,1993-1994,373
374,Southampton,Oldham,1.0,3.0,A,1993-1994,374
375,Leeds,Newcastle,1.0,1.0,D,1993-1994,375
376,Arsenal,Swindon,1.0,1.0,D,1993-1994,376
377,Blackburn,Man United,2.0,0.0,H,1993-1994,377
378,Chelsea,Southampton,2.0,0.0,H,1993-1994,378
379,Coventry,Wimbledon,1.0,2.0,A,1993-1994,379
380,Liverpool,Sheffield United,1.0,2.0,A,1993-1994,380
381,Man City,Aston Villa,3.0,0.0,H,1993-1994,381
382,Norwich,Tottenham,1.0,2.0,A,1993-1994,382
383,Oldham,QPR,4.0,1.0,H,1993-1994,383
384,Sheffield Weds,Everton,5.0,1.0,H,1993-1994,384
385,West Ham,Ipswich,2.0,1.0,H,1993-1994,385
386,Aston Villa,Norwich,0.0,0.0,D,1993-1994,386
387,Everton,Blackburn,0.0,3.0,A,1993-1994,387
388,Ipswich,Coventry,0.0,2.0,A,1993-1994,388
389,Man United,Oldham,3.0,2.0,H,1993-1994,389
390,Newcastle,Chelsea,0.0,0.0,D,1993-1994,390
391,QPR,Leeds,0.0,4.0,A,1993-1994,391
392,Sheffield United,Arsenal,1.0,1.0,D,1993-1994,392
393,Southampton,Man City,0.0,1.0,A,1993-1994,393
394,Swindon,Sheffield Weds,0.0,1.0,A,1993-1994,394
395,Tottenham,West Ham,1.0,4.0,A,1993-1994,395
396,Wimbledon,Liverpool,1.0,1.0,D,1993-1994,396
397,Coventry,Tottenham,1.0,0.0,H,1993-1994,397
398,Liverpool,Ipswich,1.0,0.0,H,1993-1994,398
399,Man City,Newcastle,2.0,1.0,H,1993-1994,399
400,Norwich,Southampton,4.0,5.0,A,1993-1994,400
401,Sheffield Weds,QPR,3.0,1.0,H,1993-1994,401
402,West Ham,Everton,0.0,1.0,A,1993-1994,402
403,Blackburn,Aston Villa,1.0,0.0,H,1993-1994,403
404,QPR,Chelsea,1.0,1.0,D,1993-1994,404
405,Arsenal,Chelsea,1.0,0.0,H,1993-1994,405
406,Coventry,Sheffield Weds,1.0,1.0,D,1993-1994,406
407,Ipswich,Swindon,1.0,1.0,D,1993-1994,407
408,Liverpool,Newcastle,0.0,2.0,A,1993-1994,408
409,Man City,Norwich,1.0,1.0,D,1993-1994,409
410,Oldham,West Ham,1.0,2.0,A,1993-1994,410
411,QPR,Everton,2.0,1.0,H,1993-1994,411
412,Sheffield United,Aston Villa,1.0,2.0,A,1993-1994,412
413,Southampton,Blackburn,3.0,1.0,H,1993-1994,413
414,Wimbledon,Man United,1.0,0.0,H,1993-1994,414
415,Leeds,Tottenham,2.0,0.0,H,1993-1994,415
416,Arsenal,Wimbledon,1.0,1.0,D,1993-1994,416
417,Aston Villa,Arsenal,1.0,2.0,A,1993-1994,417
418,Chelsea,Leeds,1.0,1.0,D,1993-1994,418
419,Everton,Coventry,0.0,0.0,D,1993-1994,419
420,Man United,Man City,2.0,0.0,H,1993-1994,420
421,Newcastle,Oldham,3.0,2.0,H,1993-1994,421
422,Norwich,Sheffield United,0.0,1.0,A,1993-1994,422
423,Sheffield Weds,Ipswich,5.0,0.0,H,1993-1994,423
424,Swindon,Wimbledon,2.0,4.0,A,1993-1994,424
425,Tottenham,Southampton,3.0,0.0,H,1993-1994,425
426,West Ham,Liverpool,1.0,2.0,A,1993-1994,426
427,Blackburn,QPR,1.0,1.0,D,1993-1994,427
428,Wimbledon,Oldham,3.0,0.0,H,1993-1994,428
429,Chelsea,Swindon,2.0,0.0,H,1993-1994,429
430,Leeds,Man United,0.0,2.0,A,1993-1994,430
431,Newcastle,Aston Villa,5.0,1.0,H,1993-1994,431
432,QPR,Arsenal,1.0,1.0,D,1993-1994,432
433,West Ham,Blackburn,1.0,2.0,A,1993-1994,433
434,Arsenal,West Ham,0.0,2.0,A,1993-1994,434
435,Leeds,Everton,3.0,0.0,H,1993-1994,435
436,Liverpool,Norwich,0.0,1.0,A,1993-1994,436
437,Man City,Chelsea,2.0,2.0,D,1993-1994,437
438,Oldham,Sheffield Weds,0.0,0.0,D,1993-1994,438
439,QPR,Swindon,1.0,3.0,A,1993-1994,439
440,Sheffield United,Newcastle,2.0,0.0,H,1993-1994,440
441,Southampton,Aston Villa,4.0,1.0,H,1993-1994,441
442,Wimbledon,Tottenham,2.0,1.0,H,1993-1994,442
443,Ipswich,Man United,1.0,2.0,A,1993-1994,443
444,Coventry,Blackburn,2.0,1.0,H,1993-1994,444
445,Leeds,Sheffield Weds,2.0,2.0,D,1993-1994,445
446,Oldham,Sheffield United,1.0,1.0,D,1993-1994,446
447,QPR,West Ham,0.0,0.0,D,1993-1994,447
448,Chelsea,Coventry,1.0,2.0,A,1993-1994,448
449,Man United,Southampton,2.0,0.0,H,1993-1994,449
450,Oldham,Tottenham,0.0,2.0,A,1993-1994,450
451,Aston Villa,Liverpool,2.0,1.0,H,1993-1994,451
452,Blackburn,Ipswich,0.0,0.0,D,1993-1994,452
453,Chelsea,Sheffield United,3.0,2.0,H,1993-1994,453
454,Everton,Wimbledon,3.0,2.0,H,1993-1994,454
455,Newcastle,Arsenal,2.0,0.0,H,1993-1994,455
456,Norwich,Oldham,1.0,1.0,D,1993-1994,456
457,Sheffield Weds,Man City,1.0,1.0,D,1993-1994,457
458,Swindon,Leeds,0.0,5.0,A,1993-1994,458
459,Tottenham,QPR,1.0,2.0,A,1993-1994,459
460,West Ham,Southampton,3.0,3.0,D,1993-1994,460
461,Man United,Coventry,0.0,0.0,D,1993-1994,461
462,,,,,,1993-1994,462
463,,,,,,1993-1994,463
464,,,,,,1993-1994,464
465,,,,,,1993-1994,465
466,,,,,,1993-1994,466
467,,,,,,1993-1994,467
468,,,,,,1993-1994,468
469,,,,,,1993-1994,469
470,,,,,,1993-1994,470
471,,,,,,1993-1994,471
472,,,,,,1993-1994,472
473,,,,,,1993-1994,473
474,,,,,,1993-1994,474
475,,,,,,1993-1994,475
476,,,,,,1993-1994,476
477,,,,,,1993-1994,477
478,,,,,,1993-1994,478
479,,,,,,1993-1994,479
480,,,,,,1993-1994,480
481,,,,,,1993-1994,481
482,,,,,,1993-1994,482
483,,,,,,1993-1994,483
484,,,,,,1993-1994,484
485,,,,,,1993-1994,485
486,,,,,,1993-1994,486
487,,,,,,1993-1994,487
488,,,,,,1993-1994,488
489,,,,,,1993-1994,489
490,,,,,,1993-1994,490
491,,,,,,1993-1994,491
492,,,,,,1993-1994,492
493,,,,,,1993-1994,493
494,,,,,,1993-1994,494
495,,,,,,1993-1994,495
496,,,,,,1993-1994,496
497,,,,,,1993-1994,497
498,,,,,,1993-1994,498
499,,,,,,1993-1994,499
500,,,,,,1993-1994,500
501,,,,,,1993-1994,501
502,,,,,,1993-1994,502
503,,,,,,1993-1994,503
504,,,,,,1993-1994,504
505,,,,,,1993-1994,505
506,,,,,,1993-1994,506
507,,,,,,1993-1994,507
508,,,,,,1993-1994,508
509,,,,,,1993-1994,509
510,,,,,,1993-1994,510
511,,,,,,1993-1994,511
512,,,,,,1993-1994,512
513,,,,,,1993-1994,513
514,,,,,,1993-1994,514
515,,,,,,1993-1994,515
516,,,,,,1993-1994,516
517,,,,,,1993-1994,517
518,,,,,,1993-1994,518
519,,,,,,1993-1994,519
520,,,,,,1993-1994,520
521,,,,,,1993-1994,521
522,,,,,,1993-1994,522
523,,,,,,1993-1994,523
524,,,,,,1993-1994,524
525,,,,,,1993-1994,525
526,,,,,,1993-1994,526
527,,,,,,1993-1994,527
528,,,,,,1993-1994,528
529,,,,,,1993-1994,529
530,,,,,,1993-1994,530
531,,,,,,1993-1994,531
532,,,,,,1993-1994,532
533,,,,,,1993-1994,533
534,,,,,,1993-1994,534
535,,,,,,1993-1994,535
536,,,,,,1993-1994,536
537,,,,,,1993-1994,537
538,,,,,,1993-1994,538
539,,,,,,1993-1994,539
540,,,,,,1993-1994,540
541,,,,,,1993-1994,541
542,,,,,,1993-1994,542
543,,,,,,1993-1994,543
544,,,,,,1993-1994,544
545,,,,,,1993-1994,545
546,,,,,,1993-1994,546
547,,,,,,1993-1994,547
548,,,,,,1993-1994,548
549,,,,,,1993-1994,549
550,,,,,,1993-1994,550
551,,,,,,1993-1994,551
552,Arsenal,Man City,3.0,0.0,H,1994-1995,552
553,Chelsea,Norwich,2.0,0.0,H,1994-1995,553
554,Coventry,Wimbledon,1.0,1.0,D,1994-1995,554
555,Crystal Palace,Liverpool,1.0,6.0,A,1994-1995,555
556,Everton,Aston Villa,2.0,2.0,D,1994-1995,556
557,Ipswich,Nott'm Forest,0.0,1.0,A,1994-1995,557
558,Man United,QPR,2.0,0.0,H,1994-1995,558
559,Sheffield Weds,Tottenham,3.0,4.0,A,1994-1995,559
560,Southampton,Blackburn,1.0,1.0,D,1994-1995,560
561,West Ham,Leeds,0.0,0.0,D,1994-1995,561
562,Leicester,Newcastle,1.0,3.0,A,1994-1995,562
563,Nott'm Forest,Man United,1.0,1.0,D,1994-1995,563
564,Blackburn,Leicester,3.0,0.0,H,1994-1995,564
565,Leeds,Arsenal,1.0,0.0,H,1994-1995,565
566,Wimbledon,Ipswich,1.0,1.0,D,1994-1995,566
567,Aston Villa,Southampton,1.0,1.0,D,1994-1995,567
568,Man City,West Ham,3.0,0.0,H,1994-1995,568
569,Newcastle,Coventry,4.0,0.0,H,1994-1995,569
570,Norwich,Crystal Palace,0.0,0.0,D,1994-1995,570
571,QPR,Sheffield Weds,3.0,2.0,H,1994-1995,571
572,Tottenham,Everton,2.0,1.0,H,1994-1995,572
573,Aston Villa,Crystal Palace,1.0,1.0,D,1994-1995,573
574,Blackburn,Coventry,4.0,0.0,H,1994-1995,574
575,Leeds,Chelsea,2.0,3.0,A,1994-1995,575
576,Man City,Everton,4.0,0.0,H,1994-1995,576
577,Newcastle,Southampton,5.0,1.0,H,1994-1995,577
578,Norwich,West Ham,1.0,0.0,H,1994-1995,578
579,Nott'm Forest,Leicester,1.0,0.0,H,1994-1995,579
580,QPR,Ipswich,1.0,2.0,A,1994-1995,580
581,Tottenham,Man United,0.0,1.0,A,1994-1995,581
582,Wimbledon,Sheffield Weds,0.0,1.0,A,1994-1995,582
583,Liverpool,Arsenal,3.0,0.0,H,1994-1995,583
584,Coventry,Aston Villa,0.0,1.0,A,1994-1995,584
585,Crystal Palace,Leeds,1.0,2.0,A,1994-1995,585
586,Everton,Nott'm Forest,1.0,2.0,A,1994-1995,586
587,Ipswich,Tottenham,1.0,3.0,A,1994-1995,587
588,Arsenal,Blackburn,0.0,0.0,D,1994-1995,588
589,Chelsea,Man City,3.0,0.0,H,1994-1995,589
590,Leicester,QPR,1.0,1.0,D,1994-1995,590
591,Man United,Wimbledon,3.0,0.0,H,1994-1995,591
592,Sheffield Weds,Norwich,0.0,0.0,D,1994-1995,592
593,Southampton,Liverpool,0.0,2.0,A,1994-1995,593
594,West Ham,Newcastle,1.0,3.0,A,1994-1995,594
595,Aston Villa,Ipswich,2.0,0.0,H,1994-1995,595
596,Blackburn,Everton,3.0,0.0,H,1994-1995,596
597,Liverpool,West Ham,0.0,0.0,D,1994-1995,597
598,Man City,Crystal Palace,1.0,1.0,D,1994-1995,598
599,Newcastle,Chelsea,4.0,2.0,H,1994-1995,599
600,Norwich,Arsenal,0.0,0.0,D,1994-1995,600
601,Nott'm Forest,Sheffield Weds,4.0,1.0,H,1994-1995,601
602,QPR,Coventry,2.0,2.0,D,1994-1995,602
603,Wimbledon,Leicester,2.0,1.0,H,1994-1995,603
604,Leeds,Man United,2.0,1.0,H,1994-1995,604
605,Tottenham,Southampton,1.0,2.0,A,1994-1995,605
606,Coventry,Leeds,2.0,1.0,H,1994-1995,606
607,Crystal Palace,Wimbledon,0.0,0.0,D,1994-1995,607
608,Everton,QPR,2.0,2.0,D,1994-1995,608
609,Leicester,Tottenham,3.0,1.0,H,1994-1995,609
610,Man United,Liverpool,2.0,0.0,H,1994-1995,610
611,Sheffield Weds,Man City,1.0,1.0,D,1994-1995,611
612,Southampton,Nott'm Forest,1.0,1.0,D,1994-1995,612
613,West Ham,Aston Villa,1.0,0.0,H,1994-1995,613
614,Arsenal,Newcastle,2.0,3.0,A,1994-1995,614
615,Chelsea,Blackburn,1.0,2.0,A,1994-1995,615
616,Ipswich,Norwich,1.0,2.0,A,1994-1995,616
617,Blackburn,Aston Villa,3.0,1.0,H,1994-1995,617
618,Coventry,Southampton,1.0,3.0,A,1994-1995,618
619,Crystal Palace,Chelsea,0.0,1.0,A,1994-1995,619
620,Everton,Leicester,1.0,1.0,D,1994-1995,620
621,Ipswich,Man United,3.0,2.0,H,1994-1995,621
622,Man City,Norwich,2.0,0.0,H,1994-1995,622
623,Newcastle,Liverpool,1.0,1.0,D,1994-1995,623
624,QPR,Wimbledon,0.0,1.0,A,1994-1995,624
625,Tottenham,Nott'm Forest,1.0,4.0,A,1994-1995,625
626,West Ham,Arsenal,0.0,2.0,A,1994-1995,626
627,Sheffield Weds,Leeds,1.0,1.0,D,1994-1995,627
628,Arsenal,Crystal Palace,1.0,2.0,A,1994-1995,628
629,Aston Villa,Newcastle,0.0,2.0,A,1994-1995,629
630,Leeds,Man City,2.0,0.0,H,1994-1995,630
631,Liverpool,Sheffield Weds,4.0,1.0,H,1994-1995,631
632,Man United,Everton,2.0,0.0,H,1994-1995,632
633,Norwich,Blackburn,2.0,1.0,H,1994-1995,633
634,Southampton,Ipswich,3.0,1.0,H,1994-1995,634
635,Wimbledon,Tottenham,1.0,2.0,A,1994-1995,635
636,Chelsea,West Ham,1.0,2.0,A,1994-1995,636
637,Nott'm Forest,QPR,3.0,2.0,H,1994-1995,637
638,Leicester,Coventry,2.0,2.0,D,1994-1995,638
639,Chelsea,Leicester,4.0,0.0,H,1994-1995,639
640,Liverpool,Aston Villa,3.0,2.0,H,1994-1995,640
641,Man City,Nott'm Forest,3.0,3.0,D,1994-1995,641
642,Norwich,Leeds,2.0,1.0,H,1994-1995,642
643,Sheffield Weds,Man United,1.0,0.0,H,1994-1995,643
644,Southampton,Everton,2.0,0.0,H,1994-1995,644
645,Tottenham,QPR,1.0,1.0,D,1994-1995,645
646,West Ham,Crystal Palace,1.0,0.0,H,1994-1995,646
647,Wimbledon,Arsenal,1.0,3.0,A,1994-1995,647
648,Newcastle,Blackburn,1.0,1.0,D,1994-1995,648
649,Coventry,Ipswich,2.0,0.0,H,1994-1995,649
650,Arsenal,Chelsea,3.0,1.0,H,1994-1995,650
651,Aston Villa,Norwich,1.0,1.0,D,1994-1995,651
652,Blackburn,Liverpool,3.0,2.0,H,1994-1995,652
653,Crystal Palace,Newcastle,0.0,1.0,A,1994-1995,653
654,Everton,Coventry,0.0,2.0,A,1994-1995,654
655,Leeds,Tottenham,1.0,1.0,D,1994-1995,655
656,Leicester,Southampton,4.0,3.0,H,1994-1995,656
657,Man United,West Ham,1.0,0.0,H,1994-1995,657
658,QPR,Man City,1.0,2.0,A,1994-1995,658
659,Ipswich,Sheffield Weds,1.0,2.0,A,1994-1995,659
660,Nott'm Forest,Wimbledon,3.0,1.0,H,1994-1995,660
661,Aston Villa,Nott'm Forest,0.0,2.0,A,1994-1995,661
662,Crystal Palace,Everton,1.0,0.0,H,1994-1995,662
663,Liverpool,Wimbledon,3.0,0.0,H,1994-1995,663
664,Man City,Tottenham,5.0,2.0,H,1994-1995,664
665,Newcastle,Sheffield Weds,2.0,1.0,H,1994-1995,665
666,Norwich,QPR,4.0,2.0,H,1994-1995,666
667,West Ham,Southampton,2.0,0.0,H,1994-1995,667
668,Arsenal,Coventry,2.0,1.0,H,1994-1995,668
669,Blackburn,Man United,2.0,4.0,A,1994-1995,669
670,Chelsea,Ipswich,2.0,0.0,H,1994-1995,670
671,Leeds,Leicester,2.0,1.0,H,1994-1995,671
672,Coventry,Man City,1.0,0.0,H,1994-1995,672
673,Everton,Arsenal,1.0,1.0,D,1994-1995,673
674,Ipswich,Liverpool,1.0,3.0,A,1994-1995,674
675,Leicester,Crystal Palace,0.0,1.0,A,1994-1995,675
676,Man United,Newcastle,2.0,0.0,H,1994-1995,676
677,Nott'm Forest,Blackburn,0.0,2.0,A,1994-1995,677
678,QPR,Aston Villa,2.0,0.0,H,1994-1995,678
679,Sheffield Weds,Chelsea,1.0,1.0,D,1994-1995,679
680,Southampton,Leeds,1.0,3.0,A,1994-1995,680
681,Tottenham,West Ham,3.0,1.0,H,1994-1995,681
682,Wimbledon,Norwich,1.0,0.0,H,1994-1995,682
683,QPR,Liverpool,2.0,1.0,H,1994-1995,683
684,Everton,West Ham,1.0,0.0,H,1994-1995,684
685,Ipswich,Leeds,2.0,0.0,H,1994-1995,685
686,Coventry,Crystal Palace,1.0,4.0,A,1994-1995,686
687,Sheffield Weds,Blackburn,0.0,1.0,A,1994-1995,687
688,Southampton,Norwich,1.0,1.0,D,1994-1995,688
689,Blackburn,Tottenham,2.0,0.0,H,1994-1995,689
690,Crystal Palace,Ipswich,3.0,0.0,H,1994-1995,690
691,Leeds,Wimbledon,3.0,1.0,H,1994-1995,691
692,Liverpool,Nott'm Forest,1.0,0.0,H,1994-1995,692
693,Man City,Southampton,3.0,3.0,D,1994-1995,693
694,Newcastle,QPR,2.0,1.0,H,1994-1995,694
695,Norwich,Everton,0.0,0.0,D,1994-1995,695
696,West Ham,Leicester,1.0,0.0,H,1994-1995,696
697,Arsenal,Sheffield Weds,0.0,0.0,D,1994-1995,697
698,Aston Villa,Man United,1.0,2.0,A,1994-1995,698
699,Chelsea,Coventry,2.0,2.0,D,1994-1995,699
700,Nott'm Forest,Newcastle,0.0,0.0,D,1994-1995,700
701,Liverpool,Chelsea,3.0,1.0,H,1994-1995,701
702,Wimbledon,Aston Villa,4.0,3.0,H,1994-1995,702
703,Man United,Man City,5.0,0.0,H,1994-1995,703
704,Coventry,Norwich,1.0,0.0,H,1994-1995,704
705,Ipswich,Blackburn,1.0,3.0,A,1994-1995,705
706,Man United,Crystal Palace,3.0,0.0,H,1994-1995,706
707,Nott'm Forest,Chelsea,0.0,1.0,A,1994-1995,707
708,QPR,Leeds,3.0,2.0,H,1994-1995,708
709,Sheffield Weds,West Ham,1.0,0.0,H,1994-1995,709
710,Southampton,Arsenal,1.0,0.0,H,1994-1995,710
711,Tottenham,Aston Villa,3.0,4.0,A,1994-1995,711
712,Wimbledon,Newcastle,3.0,2.0,H,1994-1995,712
713,Leicester,Man City,0.0,1.0,A,1994-1995,713
714,Everton,Liverpool,2.0,0.0,H,1994-1995,714
715,Leicester,Arsenal,2.0,1.0,H,1994-1995,715
716,Tottenham,Chelsea,0.0,0.0,D,1994-1995,716
717,Arsenal,Man United,0.0,0.0,D,1994-1995,717
718,Blackburn,QPR,4.0,0.0,H,1994-1995,718
719,Chelsea,Everton,0.0,1.0,A,1994-1995,719
720,Crystal Palace,Southampton,0.0,0.0,D,1994-1995,720
721,Leeds,Nott'm Forest,1.0,0.0,H,1994-1995,721
722,Liverpool,Tottenham,1.0,1.0,D,1994-1995,722
723,Man City,Wimbledon,2.0,0.0,H,1994-1995,723
724,Newcastle,Ipswich,1.0,1.0,D,1994-1995,724
725,Norwich,Leicester,2.0,1.0,H,1994-1995,725
726,West Ham,Coventry,0.0,1.0,A,1994-1995,726
727,Aston Villa,Sheffield Weds,1.0,1.0,D,1994-1995,727
728,Coventry,Liverpool,1.0,1.0,D,1994-1995,728
729,Ipswich,Man City,1.0,2.0,A,1994-1995,729
730,Leicester,Aston Villa,1.0,1.0,D,1994-1995,730
731,Man United,Norwich,1.0,0.0,H,1994-1995,731
732,Nott'm Forest,Arsenal,2.0,2.0,D,1994-1995,732
733,Sheffield Weds,Crystal Palace,1.0,0.0,H,1994-1995,733
734,Southampton,Chelsea,0.0,1.0,A,1994-1995,734
735,Tottenham,Newcastle,4.0,2.0,H,1994-1995,735
736,Wimbledon,Blackburn,0.0,3.0,A,1994-1995,736
737,Everton,Leeds,3.0,0.0,H,1994-1995,737
738,QPR,West Ham,2.0,1.0,H,1994-1995,738
739,Aston Villa,Everton,0.0,0.0,D,1994-1995,739
740,Blackburn,Southampton,3.0,2.0,H,1994-1995,740
741,Leeds,West Ham,2.0,2.0,D,1994-1995,741
742,Newcastle,Leicester,3.0,1.0,H,1994-1995,742
743,Norwich,Chelsea,3.0,0.0,H,1994-1995,743
744,Nott'm Forest,Ipswich,4.0,1.0,H,1994-1995,744
745,QPR,Man United,2.0,3.0,A,1994-1995,745
746,Tottenham,Sheffield Weds,3.0,1.0,H,1994-1995,746
747,Wimbledon,Coventry,2.0,0.0,H,1994-1995,747
748,Liverpool,Crystal Palace,0.0,0.0,D,1994-1995,748
749,Man City,Arsenal,1.0,2.0,A,1994-1995,749
750,Ipswich,Wimbledon,2.0,2.0,D,1994-1995,750
751,Arsenal,Leeds,1.0,3.0,A,1994-1995,751
752,Coventry,Newcastle,0.0,0.0,D,1994-1995,752
753,Crystal Palace,Norwich,0.0,1.0,A,1994-1995,753
754,Everton,Tottenham,0.0,0.0,D,1994-1995,754
755,Leicester,Blackburn,0.0,0.0,D,1994-1995,755
756,Man United,Nott'm Forest,1.0,2.0,A,1994-1995,756
757,Sheffield Weds,QPR,0.0,2.0,A,1994-1995,757
758,West Ham,Man City,3.0,0.0,H,1994-1995,758
759,Chelsea,Liverpool,0.0,0.0,D,1994-1995,759
760,Southampton,Aston Villa,2.0,1.0,H,1994-1995,760
761,Arsenal,Aston Villa,0.0,0.0,D,1994-1995,761
762,Chelsea,Man United,2.0,3.0,A,1994-1995,762
763,Coventry,Nott'm Forest,0.0,0.0,D,1994-1995,763
764,Crystal Palace,QPR,0.0,0.0,D,1994-1995,764
765,Everton,Sheffield Weds,1.0,4.0,A,1994-1995,765
766,Leeds,Newcastle,0.0,0.0,D,1994-1995,766
767,Leicester,Liverpool,1.0,2.0,A,1994-1995,767
768,Man City,Blackburn,1.0,3.0,A,1994-1995,768
769,Norwich,Tottenham,0.0,2.0,A,1994-1995,769
770,Southampton,Wimbledon,2.0,3.0,A,1994-1995,770
771,West Ham,Ipswich,1.0,1.0,D,1994-1995,771
772,Nott'm Forest,Norwich,1.0,0.0,H,1994-1995,772
773,Tottenham,Crystal Palace,0.0,0.0,D,1994-1995,773
774,Aston Villa,Chelsea,3.0,0.0,H,1994-1995,774
775,Ipswich,Arsenal,0.0,2.0,A,1994-1995,775
776,Liverpool,Man City,2.0,0.0,H,1994-1995,776
777,Man United,Leicester,1.0,1.0,D,1994-1995,777
778,QPR,Southampton,2.0,2.0,D,1994-1995,778
779,Sheffield Weds,Coventry,5.0,1.0,H,1994-1995,779
780,Wimbledon,West Ham,1.0,0.0,H,1994-1995,780
781,Arsenal,QPR,1.0,3.0,A,1994-1995,781
782,Chelsea,Wimbledon,1.0,1.0,D,1994-1995,782
783,Coventry,Tottenham,0.0,4.0,A,1994-1995,783
784,Crystal Palace,Blackburn,0.0,1.0,A,1994-1995,784
785,Everton,Ipswich,4.0,1.0,H,1994-1995,785
786,Leeds,Liverpool,0.0,2.0,A,1994-1995,786
787,Leicester,Sheffield Weds,0.0,1.0,A,1994-1995,787
788,Man City,Aston Villa,2.0,2.0,D,1994-1995,788
789,Norwich,Newcastle,2.0,1.0,H,1994-1995,789
790,Southampton,Man United,2.0,2.0,D,1994-1995,790
791,West Ham,Nott'm Forest,3.0,1.0,H,1994-1995,791
792,Aston Villa,Leeds,0.0,0.0,D,1994-1995,792
793,Blackburn,West Ham,4.0,2.0,H,1994-1995,793
794,Ipswich,Leicester,4.0,1.0,H,1994-1995,794
795,Liverpool,Norwich,4.0,0.0,H,1994-1995,795
796,Newcastle,Man City,0.0,0.0,D,1994-1995,796
797,Nott'm Forest,Crystal Palace,1.0,0.0,H,1994-1995,797
798,Sheffield Weds,Southampton,1.0,1.0,D,1994-1995,798
799,Tottenham,Arsenal,1.0,0.0,H,1994-1995,799
800,Wimbledon,Everton,2.0,1.0,H,1994-1995,800
801,Man United,Coventry,2.0,0.0,H,1994-1995,801
802,Arsenal,Everton,1.0,1.0,D,1994-1995,802
803,Aston Villa,QPR,2.0,1.0,H,1994-1995,803
804,Blackburn,Nott'm Forest,3.0,0.0,H,1994-1995,804
805,Chelsea,Sheffield Weds,1.0,1.0,D,1994-1995,805
806,Crystal Palace,Leicester,2.0,0.0,H,1994-1995,806
807,Leeds,Southampton,0.0,0.0,D,1994-1995,807
808,Liverpool,Ipswich,0.0,1.0,A,1994-1995,808
809,Man City,Coventry,0.0,0.0,D,1994-1995,809
810,Norwich,Wimbledon,1.0,2.0,A,1994-1995,810
811,West Ham,Tottenham,1.0,2.0,A,1994-1995,811
812,Newcastle,Man United,1.0,1.0,D,1994-1995,812
813,Coventry,Arsenal,0.0,1.0,A,1994-1995,813
814,Everton,Crystal Palace,3.0,1.0,H,1994-1995,814
815,Ipswich,Chelsea,2.0,2.0,D,1994-1995,815
816,Nott'm Forest,Aston Villa,1.0,2.0,A,1994-1995,816
817,Sheffield Weds,Newcastle,0.0,0.0,D,1994-1995,817
818,Man United,Blackburn,1.0,0.0,H,1994-1995,818
819,West Ham,Sheffield Weds,0.0,2.0,A,1994-1995,819
820,Arsenal,Southampton,1.0,1.0,D,1994-1995,820
821,Leeds,QPR,4.0,0.0,H,1994-1995,821
822,Liverpool,Everton,0.0,0.0,D,1994-1995,822
823,Aston Villa,Tottenham,1.0,0.0,H,1994-1995,823
824,Chelsea,Nott'm Forest,0.0,2.0,A,1994-1995,824
825,Crystal Palace,Man United,1.0,1.0,D,1994-1995,825
826,Man City,Leicester,0.0,1.0,A,1994-1995,826
827,Newcastle,Wimbledon,2.0,1.0,H,1994-1995,827
828,Norwich,Coventry,2.0,2.0,D,1994-1995,828
829,Blackburn,Ipswich,4.0,1.0,H,1994-1995,829
830,Blackburn,Leeds,1.0,1.0,D,1994-1995,830
831,Newcastle,Everton,2.0,0.0,H,1994-1995,831
832,Coventry,Chelsea,2.0,2.0,D,1994-1995,832
833,Everton,Norwich,2.0,1.0,H,1994-1995,833
834,Ipswich,Crystal Palace,0.0,2.0,A,1994-1995,834
835,Leicester,West Ham,1.0,2.0,A,1994-1995,835
836,Man United,Aston Villa,1.0,0.0,H,1994-1995,836
837,Nott'm Forest,Liverpool,1.0,1.0,D,1994-1995,837
838,QPR,Newcastle,3.0,0.0,H,1994-1995,838
839,Sheffield Weds,Arsenal,3.0,1.0,H,1994-1995,839
840,Southampton,Man City,2.0,2.0,D,1994-1995,840
841,Wimbledon,Leeds,0.0,0.0,D,1994-1995,841
842,Tottenham,Blackburn,3.0,1.0,H,1994-1995,842
843,Arsenal,Leicester,1.0,1.0,D,1994-1995,843
844,Aston Villa,Wimbledon,7.0,1.0,H,1994-1995,844
845,Chelsea,Tottenham,1.0,1.0,D,1994-1995,845
846,Crystal Palace,Coventry,0.0,2.0,A,1994-1995,846
847,Liverpool,QPR,1.0,1.0,D,1994-1995,847
848,Man City,Man United,0.0,3.0,A,1994-1995,848
849,Newcastle,Nott'm Forest,2.0,1.0,H,1994-1995,849
850,Norwich,Southampton,2.0,2.0,D,1994-1995,850
851,Blackburn,Sheffield Weds,3.0,1.0,H,1994-1995,851
852,West Ham,Everton,2.0,2.0,D,1994-1995,852
853,Coventry,West Ham,2.0,0.0,H,1994-1995,853
854,Sheffield Weds,Aston Villa,1.0,2.0,A,1994-1995,854
855,Arsenal,Nott'm Forest,1.0,0.0,H,1994-1995,855
856,Aston Villa,Leicester,4.0,4.0,D,1994-1995,856
857,Blackburn,Wimbledon,2.0,1.0,H,1994-1995,857
858,Leeds,Everton,1.0,0.0,H,1994-1995,858
859,Man City,Ipswich,2.0,0.0,H,1994-1995,859
860,Norwich,Man United,0.0,2.0,A,1994-1995,860
861,Blackburn,Norwich,0.0,0.0,D,1994-1995,861
862,Coventry,Leicester,4.0,2.0,H,1994-1995,862
863,Crystal Palace,Arsenal,0.0,3.0,A,1994-1995,863
864,Everton,Man United,1.0,0.0,H,1994-1995,864
865,Ipswich,Southampton,2.0,1.0,H,1994-1995,865
866,Man City,Leeds,0.0,0.0,D,1994-1995,866
867,Newcastle,Aston Villa,3.0,1.0,H,1994-1995,867
868,Sheffield Weds,Liverpool,1.0,2.0,A,1994-1995,868
869,Tottenham,Wimbledon,1.0,2.0,A,1994-1995,869
870,West Ham,Chelsea,1.0,2.0,A,1994-1995,870
871,QPR,Nott'm Forest,1.0,1.0,D,1994-1995,871
872,Ipswich,Newcastle,0.0,2.0,A,1994-1995,872
873,Aston Villa,Blackburn,0.0,1.0,A,1994-1995,873
874,Leeds,Sheffield Weds,0.0,1.0,A,1994-1995,874
875,Leicester,Everton,2.0,2.0,D,1994-1995,875
876,Liverpool,Newcastle,2.0,0.0,H,1994-1995,876
877,Man United,Ipswich,9.0,0.0,H,1994-1995,877
878,Norwich,Man City,1.0,1.0,D,1994-1995,878
879,Nott'm Forest,Tottenham,2.0,2.0,D,1994-1995,879
880,Southampton,Coventry,0.0,0.0,D,1994-1995,880
881,Wimbledon,QPR,1.0,3.0,A,1994-1995,881
882,Arsenal,West Ham,0.0,1.0,A,1994-1995,882
883,Chelsea,Crystal Palace,0.0,0.0,D,1994-1995,883
884,Aston Villa,Coventry,0.0,0.0,D,1994-1995,884
885,Wimbledon,Man United,0.0,1.0,A,1994-1995,885
886,Blackburn,Arsenal,3.0,1.0,H,1994-1995,886
887,Man City,Chelsea,1.0,2.0,A,1994-1995,887
888,Newcastle,West Ham,2.0,0.0,H,1994-1995,888
889,Norwich,Sheffield Weds,0.0,0.0,D,1994-1995,889
890,Nott'm Forest,Everton,2.0,1.0,H,1994-1995,890
891,QPR,Leicester,2.0,0.0,H,1994-1995,891
892,Tottenham,Ipswich,3.0,0.0,H,1994-1995,892
893,Chelsea,Leeds,0.0,3.0,A,1994-1995,893
894,Coventry,Blackburn,1.0,1.0,D,1994-1995,894
895,Leicester,Nott'm Forest,2.0,4.0,A,1994-1995,895
896,Sheffield Weds,Wimbledon,0.0,1.0,A,1994-1995,896
897,West Ham,Norwich,2.0,2.0,D,1994-1995,897
898,Crystal Palace,Sheffield Weds,2.0,1.0,H,1994-1995,898
899,Liverpool,Coventry,2.0,3.0,A,1994-1995,899
900,Everton,Man City,1.0,1.0,D,1994-1995,900
901,Leicester,Leeds,1.0,3.0,A,1994-1995,901
902,Man United,Tottenham,0.0,0.0,D,1994-1995,902
903,QPR,Norwich,2.0,0.0,H,1994-1995,903
904,Southampton,West Ham,1.0,1.0,D,1994-1995,904
905,Aston Villa,West Ham,0.0,2.0,A,1994-1995,905
906,Blackburn,Chelsea,2.0,1.0,H,1994-1995,906
907,Leeds,Coventry,3.0,0.0,H,1994-1995,907
908,Man City,Sheffield Weds,3.0,2.0,H,1994-1995,908
909,Nott'm Forest,Southampton,3.0,0.0,H,1994-1995,909
910,QPR,Everton,2.0,3.0,A,1994-1995,910
911,Tottenham,Leicester,1.0,0.0,H,1994-1995,911
912,Wimbledon,Crystal Palace,2.0,0.0,H,1994-1995,912
913,Liverpool,Man United,2.0,0.0,H,1994-1995,913
914,Newcastle,Arsenal,1.0,0.0,H,1994-1995,914
915,Norwich,Ipswich,3.0,0.0,H,1994-1995,915
916,Wimbledon,Man City,2.0,0.0,H,1994-1995,916
917,Man United,Arsenal,3.0,0.0,H,1994-1995,917
918,Nott'm Forest,Leeds,3.0,0.0,H,1994-1995,918
919,QPR,Chelsea,1.0,0.0,H,1994-1995,919
920,Southampton,Newcastle,3.0,1.0,H,1994-1995,920
921,Tottenham,Liverpool,0.0,0.0,D,1994-1995,921
922,Arsenal,Norwich,5.0,1.0,H,1994-1995,922
923,Chelsea,Newcastle,1.0,1.0,D,1994-1995,923
924,Coventry,QPR,0.0,1.0,A,1994-1995,924
925,Crystal Palace,Man City,2.0,1.0,H,1994-1995,925
926,Everton,Blackburn,1.0,2.0,A,1994-1995,926
927,Ipswich,Aston Villa,0.0,1.0,A,1994-1995,927
928,Leicester,Wimbledon,3.0,4.0,A,1994-1995,928
929,Sheffield Weds,Nott'm Forest,1.0,7.0,A,1994-1995,929
930,Man United,Leeds,0.0,0.0,D,1994-1995,930
931,Southampton,Tottenham,4.0,3.0,H,1994-1995,931
932,Crystal Palace,Aston Villa,0.0,0.0,D,1994-1995,932
933,QPR,Blackburn,0.0,1.0,A,1994-1995,933
934,Leeds,Ipswich,4.0,0.0,H,1994-1995,934
935,Leicester,Norwich,1.0,0.0,H,1994-1995,935
936,Liverpool,Southampton,3.0,1.0,H,1994-1995,936
937,Newcastle,Norwich,3.0,0.0,H,1994-1995,937
938,Nott'm Forest,West Ham,1.0,1.0,D,1994-1995,938
939,QPR,Arsenal,3.0,1.0,H,1994-1995,939
940,Sheffield Weds,Leicester,1.0,0.0,H,1994-1995,940
941,Liverpool,Leeds,0.0,1.0,A,1994-1995,941
942,Wimbledon,Chelsea,1.0,1.0,D,1994-1995,942
943,Ipswich,QPR,0.0,1.0,A,1994-1995,943
944,Tottenham,Man City,2.0,1.0,H,1994-1995,944
945,Arsenal,Liverpool,0.0,1.0,A,1994-1995,945
946,Chelsea,Southampton,0.0,2.0,A,1994-1995,946
947,Norwich,Nott'm Forest,0.0,1.0,A,1994-1995,947
948,West Ham,Wimbledon,3.0,0.0,H,1994-1995,948
949,Crystal Palace,Tottenham,1.0,1.0,D,1994-1995,949
950,Everton,Newcastle,2.0,0.0,H,1994-1995,950
951,Man City,Liverpool,2.0,1.0,H,1994-1995,951
952,Arsenal,Ipswich,4.0,1.0,H,1994-1995,952
953,Chelsea,Aston Villa,1.0,0.0,H,1994-1995,953
954,Coventry,Sheffield Weds,2.0,0.0,H,1994-1995,954
955,Leeds,Blackburn,1.0,1.0,D,1994-1995,955
956,Leicester,Man United,0.0,4.0,A,1994-1995,956
957,Southampton,QPR,2.0,1.0,H,1994-1995,957
958,Aston Villa,Arsenal,0.0,4.0,A,1994-1995,958
959,Blackburn,Man City,2.0,3.0,A,1994-1995,959
960,Ipswich,West Ham,1.0,1.0,D,1994-1995,960
961,Liverpool,Leicester,2.0,0.0,H,1994-1995,961
962,Man United,Chelsea,0.0,0.0,D,1994-1995,962
963,Newcastle,Leeds,1.0,2.0,A,1994-1995,963
964,Nott'm Forest,Coventry,2.0,0.0,H,1994-1995,964
965,QPR,Crystal Palace,0.0,1.0,A,1994-1995,965
966,Sheffield Weds,Everton,0.0,0.0,D,1994-1995,966
967,Tottenham,Norwich,1.0,0.0,H,1994-1995,967
968,Wimbledon,Southampton,0.0,2.0,A,1994-1995,968
969,Blackburn,Crystal Palace,2.0,1.0,H,1994-1995,969
970,Arsenal,Tottenham,1.0,1.0,D,1994-1995,970
971,Chelsea,QPR,1.0,0.0,H,1994-1995,971
972,Crystal Palace,Nott'm Forest,1.0,2.0,A,1994-1995,972
973,Everton,Wimbledon,0.0,0.0,D,1994-1995,973
974,Leeds,Aston Villa,1.0,0.0,H,1994-1995,974
975,Leicester,Ipswich,2.0,0.0,H,1994-1995,975
976,Man City,Newcastle,0.0,0.0,D,1994-1995,976
977,Norwich,Liverpool,1.0,2.0,A,1994-1995,977
978,Southampton,Sheffield Weds,0.0,0.0,D,1994-1995,978
979,West Ham,Blackburn,2.0,0.0,H,1994-1995,979
980,Coventry,Man United,2.0,3.0,A,1994-1995,980
981,Wimbledon,Liverpool,0.0,0.0,D,1994-1995,981
982,Aston Villa,Man City,1.0,1.0,D,1994-1995,982
983,Everton,Chelsea,3.0,3.0,D,1994-1995,983
984,Newcastle,Tottenham,3.0,3.0,D,1994-1995,984
985,Southampton,Crystal Palace,3.0,1.0,H,1994-1995,985
986,West Ham,QPR,0.0,0.0,D,1994-1995,986
987,Arsenal,Wimbledon,0.0,0.0,D,1994-1995,987
988,Aston Villa,Liverpool,2.0,0.0,H,1994-1995,988
989,Crystal Palace,West Ham,1.0,0.0,H,1994-1995,989
990,Everton,Southampton,0.0,0.0,D,1994-1995,990
991,Ipswich,Coventry,2.0,0.0,H,1994-1995,991
992,Leeds,Norwich,2.0,1.0,H,1994-1995,992
993,Leicester,Chelsea,1.0,1.0,D,1994-1995,993
994,Nott'm Forest,Man City,1.0,0.0,H,1994-1995,994
995,QPR,Tottenham,2.0,1.0,H,1994-1995,995
996,Man United,Sheffield Weds,1.0,0.0,H,1994-1995,996
997,Blackburn,Newcastle,1.0,0.0,H,1994-1995,997
998,Ipswich,Everton,0.0,1.0,A,1994-1995,998
999,Leeds,Crystal Palace,3.0,1.0,H,1994-1995,999
1000,Tottenham,Coventry,1.0,3.0,A,1994-1995,1000
1001,Man United,Southampton,2.0,1.0,H,1994-1995,1001
1002,West Ham,Liverpool,3.0,0.0,H,1994-1995,1002
1003,Wimbledon,Nott'm Forest,2.0,2.0,D,1994-1995,1003
1004,Chelsea,Arsenal,2.0,1.0,H,1994-1995,1004
1005,Coventry,Everton,0.0,0.0,D,1994-1995,1005
1006,Liverpool,Blackburn,2.0,1.0,H,1994-1995,1006
1007,Man City,QPR,2.0,3.0,A,1994-1995,1007
1008,Newcastle,Crystal Palace,3.0,2.0,H,1994-1995,1008
1009,Norwich,Aston Villa,1.0,1.0,D,1994-1995,1009
1010,Sheffield Weds,Ipswich,4.0,1.0,H,1994-1995,1010
1011,Southampton,Leicester,2.0,2.0,D,1994-1995,1011
1012,Tottenham,Leeds,1.0,1.0,D,1994-1995,1012
1013,West Ham,Man United,1.0,1.0,D,1994-1995,1013
1014,,,,,,1994-1995,1014
1015,,,,,,1994-1995,1015
1016,,,,,,1994-1995,1016
1017,,,,,,1994-1995,1017
1018,,,,,,1994-1995,1018
1019,,,,,,1994-1995,1019
1020,,,,,,1994-1995,1020
1021,,,,,,1994-1995,1021
1022,,,,,,1994-1995,1022
1023,,,,,,1994-1995,1023
1024,,,,,,1994-1995,1024
1025,,,,,,1994-1995,1025
1026,,,,,,1994-1995,1026
1027,,,,,,1994-1995,1027
1028,,,,,,1994-1995,1028
1029,,,,,,1994-1995,1029
1030,,,,,,1994-1995,1030
1031,,,,,,1994-1995,1031
1032,,,,,,1994-1995,1032
1033,,,,,,1994-1995,1033
1034,,,,,,1994-1995,1034
1035,,,,,,1994-1995,1035
1036,,,,,,1994-1995,1036
1037,,,,,,1994-1995,1037
1038,,,,,,1994-1995,1038
1039,,,,,,1994-1995,1039
1040,,,,,,1994-1995,1040
1041,,,,,,1994-1995,1041
1042,,,,,,1994-1995,1042
1043,,,,,,1994-1995,1043
1044,,,,,,1994-1995,1044
1045,,,,,,1994-1995,1045
1046,,,,,,1994-1995,1046
1047,,,,,,1994-1995,1047
1048,,,,,,1994-1995,1048
1049,,,,,,1994-1995,1049
1050,,,,,,1994-1995,1050
1051,,,,,,1994-1995,1051
1052,,,,,,1994-1995,1052
1053,,,,,,1994-1995,1053
1054,,,,,,1994-1995,1054
1055,,,,,,1994-1995,1055
1056,,,,,,1994-1995,1056
1057,,,,,,1994-1995,1057
1058,,,,,,1994-1995,1058
1059,,,,,,1994-1995,1059
1060,,,,,,1994-1995,1060
1061,,,,,,1994-1995,1061
1062,,,,,,1994-1995,1062
1063,,,,,,1994-1995,1063
1064,,,,,,1994-1995,1064
1065,,,,,,1994-1995,1065
1066,,,,,,1994-1995,1066
1067,,,,,,1994-1995,1067
1068,,,,,,1994-1995,1068
1069,,,,,,1994-1995,1069
1070,,,,,,1994-1995,1070
1071,,,,,,1994-1995,1071
1072,,,,,,1994-1995,1072
1073,,,,,,1994-1995,1073
1074,,,,,,1994-1995,1074
1075,,,,,,1994-1995,1075
1076,,,,,,1994-1995,1076
1077,,,,,,1994-1995,1077
1078,,,,,,1994-1995,1078
1079,,,,,,1994-1995,1079
1080,,,,,,1994-1995,1080
1081,,,,,,1994-1995,1081
1082,,,,,,1994-1995,1082
1083,,,,,,1994-1995,1083
1084,,,,,,1994-1995,1084
1085,,,,,,1994-1995,1085
1086,,,,,,1994-1995,1086
1087,,,,,,1994-1995,1087
1088,,,,,,1994-1995,1088
1089,,,,,,1994-1995,1089
1090,,,,,,1994-1995,1090
1091,,,,,,1994-1995,1091
1092,,,,,,1994-1995,1092
1093,,,,,,1994-1995,1093
1094,,,,,,1994-1995,1094
1095,,,,,,1994-1995,1095
1096,,,,,,1994-1995,1096
1097,,,,,,1994-1995,1097
1098,,,,,,1994-1995,1098
1099,,,,,,1994-1995,1099
1100,,,,,,1994-1995,1100
1101,,,,,,1994-1995,1101
1102,,,,,,1994-1995,1102
1103,,,,,,1994-1995,1103
1104,Aston Villa,Man United,3.0,1.0,H,1995-1996,1104
1105,Blackburn,QPR,1.0,0.0,H,1995-1996,1105
1106,Chelsea,Everton,0.0,0.0,D,1995-1996,1106
1107,Liverpool,Sheffield Weds,1.0,0.0,H,1995-1996,1107
1108,Man City,Tottenham,1.0,1.0,D,1995-1996,1108
1109,Newcastle,Coventry,3.0,0.0,H,1995-1996,1109
1110,Southampton,Nott'm Forest,3.0,4.0,A,1995-1996,1110
1111,West Ham,Leeds,1.0,2.0,A,1995-1996,1111
1112,Wimbledon,Bolton,3.0,2.0,H,1995-1996,1112
1113,Arsenal,Middlesbrough,1.0,1.0,D,1995-1996,1113
1114,Leeds,Liverpool,1.0,0.0,H,1995-1996,1114
1115,Bolton,Newcastle,1.0,3.0,A,1995-1996,1115
1116,Coventry,Man City,2.0,1.0,H,1995-1996,1116
1117,Everton,Arsenal,0.0,2.0,A,1995-1996,1117
1118,Man United,West Ham,2.0,1.0,H,1995-1996,1118
1119,Nott'm Forest,Chelsea,0.0,0.0,D,1995-1996,1119
1120,QPR,Wimbledon,0.0,3.0,A,1995-1996,1120
1121,Sheffield Weds,Blackburn,2.0,1.0,H,1995-1996,1121
1122,Tottenham,Aston Villa,0.0,1.0,A,1995-1996,1122
1123,Bolton,Blackburn,2.0,1.0,H,1995-1996,1123
1124,Coventry,Arsenal,0.0,0.0,D,1995-1996,1124
1125,Everton,Southampton,2.0,0.0,H,1995-1996,1125
1126,Leeds,Aston Villa,2.0,0.0,H,1995-1996,1126
1127,Man United,Wimbledon,3.0,1.0,H,1995-1996,1127
1128,Middlesbrough,Chelsea,2.0,0.0,H,1995-1996,1128
1129,Nott'm Forest,West Ham,1.0,1.0,D,1995-1996,1129
1130,QPR,Man City,1.0,0.0,H,1995-1996,1130
1131,Tottenham,Liverpool,1.0,3.0,A,1995-1996,1131
1132,Sheffield Weds,Newcastle,0.0,2.0,A,1995-1996,1132
1133,Blackburn,Man United,1.0,2.0,A,1995-1996,1133
1134,Arsenal,Nott'm Forest,1.0,1.0,D,1995-1996,1134
1135,Aston Villa,Bolton,1.0,0.0,H,1995-1996,1135
1136,Chelsea,Coventry,2.0,2.0,D,1995-1996,1136
1137,Liverpool,QPR,1.0,0.0,H,1995-1996,1137
1138,Man City,Everton,0.0,2.0,A,1995-1996,1138
1139,Newcastle,Middlesbrough,1.0,0.0,H,1995-1996,1139
1140,Southampton,Leeds,1.0,1.0,D,1995-1996,1140
1141,West Ham,Tottenham,1.0,1.0,D,1995-1996,1141
1142,Wimbledon,Sheffield Weds,2.0,2.0,D,1995-1996,1142
1143,Blackburn,Aston Villa,1.0,1.0,D,1995-1996,1143
1144,Bolton,Middlesbrough,1.0,1.0,D,1995-1996,1144
1145,Coventry,Nott'm Forest,1.0,1.0,D,1995-1996,1145
1146,Everton,Man United,2.0,3.0,A,1995-1996,1146
1147,QPR,Sheffield Weds,0.0,3.0,A,1995-1996,1147
1148,Southampton,Newcastle,1.0,0.0,H,1995-1996,1148
1149,Tottenham,Leeds,2.0,1.0,H,1995-1996,1149
1150,Wimbledon,Liverpool,1.0,0.0,H,1995-1996,1150
1151,Man City,Arsenal,0.0,1.0,A,1995-1996,1151
1152,West Ham,Chelsea,1.0,3.0,A,1995-1996,1152
1153,Middlesbrough,Southampton,0.0,0.0,D,1995-1996,1153
1154,Arsenal,West Ham,1.0,0.0,H,1995-1996,1154
1155,Aston Villa,Wimbledon,2.0,0.0,H,1995-1996,1155
1156,Chelsea,Southampton,3.0,0.0,H,1995-1996,1156
1157,Leeds,QPR,1.0,3.0,A,1995-1996,1157
1158,Liverpool,Blackburn,3.0,0.0,H,1995-1996,1158
1159,Man United,Bolton,3.0,0.0,H,1995-1996,1159
1160,Middlesbrough,Coventry,2.0,1.0,H,1995-1996,1160
1161,Newcastle,Man City,3.0,1.0,H,1995-1996,1161
1162,Sheffield Weds,Tottenham,1.0,3.0,A,1995-1996,1162
1163,Nott'm Forest,Everton,3.0,2.0,H,1995-1996,1163
1164,Arsenal,Southampton,4.0,2.0,H,1995-1996,1164
1165,Aston Villa,Nott'm Forest,1.0,1.0,D,1995-1996,1165
1166,Blackburn,Coventry,5.0,1.0,H,1995-1996,1166
1167,Liverpool,Bolton,5.0,2.0,H,1995-1996,1167
1168,Man City,Middlesbrough,0.0,1.0,A,1995-1996,1168
1169,Sheffield Weds,Man United,0.0,0.0,D,1995-1996,1169
1170,West Ham,Everton,2.0,1.0,H,1995-1996,1170
1171,Wimbledon,Leeds,2.0,4.0,A,1995-1996,1171
1172,Newcastle,Chelsea,2.0,0.0,H,1995-1996,1172
1173,QPR,Tottenham,2.0,3.0,A,1995-1996,1173
1174,Bolton,QPR,0.0,1.0,A,1995-1996,1174
1175,Chelsea,Arsenal,1.0,0.0,H,1995-1996,1175
1176,Coventry,Aston Villa,0.0,3.0,A,1995-1996,1176
1177,Leeds,Sheffield Weds,2.0,0.0,H,1995-1996,1177
1178,Middlesbrough,Blackburn,2.0,0.0,H,1995-1996,1178
1179,Nott'm Forest,Man City,3.0,0.0,H,1995-1996,1179
1180,Tottenham,Wimbledon,3.0,1.0,H,1995-1996,1180
1181,Everton,Newcastle,1.0,3.0,A,1995-1996,1181
1182,Man United,Liverpool,2.0,2.0,D,1995-1996,1182
1183,Southampton,West Ham,0.0,0.0,D,1995-1996,1183
1184,Aston Villa,Chelsea,0.0,1.0,A,1995-1996,1184
1185,Blackburn,Southampton,2.0,1.0,H,1995-1996,1185
1186,Bolton,Everton,1.0,1.0,D,1995-1996,1186
1187,Leeds,Arsenal,0.0,3.0,A,1995-1996,1187
1188,Liverpool,Coventry,0.0,0.0,D,1995-1996,1188
1189,Man United,Man City,1.0,0.0,H,1995-1996,1189
1190,QPR,Newcastle,2.0,3.0,A,1995-1996,1190
1191,Tottenham,Nott'm Forest,0.0,1.0,A,1995-1996,1191
1192,Sheffield Weds,Middlesbrough,0.0,1.0,A,1995-1996,1192
1193,Wimbledon,West Ham,0.0,1.0,A,1995-1996,1193
1194,Arsenal,Aston Villa,2.0,0.0,H,1995-1996,1194
1195,Chelsea,Man United,1.0,4.0,A,1995-1996,1195
1196,Coventry,Sheffield Weds,0.0,1.0,A,1995-1996,1196
1197,Man City,Leeds,0.0,0.0,D,1995-1996,1197
1198,Middlesbrough,QPR,1.0,0.0,H,1995-1996,1198
1199,Newcastle,Wimbledon,6.0,1.0,H,1995-1996,1199
1200,Nott'm Forest,Bolton,3.0,2.0,H,1995-1996,1200
1201,West Ham,Blackburn,1.0,1.0,D,1995-1996,1201
1202,Everton,Tottenham,1.0,1.0,D,1995-1996,1202
1203,Southampton,Liverpool,1.0,3.0,A,1995-1996,1203
1204,Aston Villa,Everton,1.0,0.0,H,1995-1996,1204
1205,Blackburn,Chelsea,3.0,0.0,H,1995-1996,1205
1206,Leeds,Coventry,3.0,1.0,H,1995-1996,1206
1207,Liverpool,Man City,6.0,0.0,H,1995-1996,1207
1208,Man United,Middlesbrough,2.0,0.0,H,1995-1996,1208
1209,QPR,Nott'm Forest,1.0,1.0,D,1995-1996,1209
1210,Sheffield Weds,West Ham,0.0,1.0,A,1995-1996,1210
1211,Wimbledon,Southampton,1.0,2.0,A,1995-1996,1211
1212,Tottenham,Newcastle,1.0,1.0,D,1995-1996,1212
1213,Bolton,Arsenal,1.0,0.0,H,1995-1996,1213
1214,Arsenal,Man United,1.0,0.0,H,1995-1996,1214
1215,Chelsea,Sheffield Weds,0.0,0.0,D,1995-1996,1215
1216,Coventry,Tottenham,2.0,3.0,A,1995-1996,1216
1217,Man City,Bolton,1.0,0.0,H,1995-1996,1217
1218,Middlesbrough,Leeds,1.0,1.0,D,1995-1996,1218
1219,Newcastle,Liverpool,2.0,1.0,H,1995-1996,1219
1220,Southampton,QPR,2.0,0.0,H,1995-1996,1220
1221,West Ham,Aston Villa,1.0,4.0,A,1995-1996,1221
1222,Everton,Blackburn,1.0,0.0,H,1995-1996,1222
1223,Nott'm Forest,Wimbledon,4.0,1.0,H,1995-1996,1223
1224,Newcastle,Blackburn,1.0,0.0,H,1995-1996,1224
1225,Aston Villa,Newcastle,1.0,1.0,D,1995-1996,1225
1226,Blackburn,Nott'm Forest,7.0,0.0,H,1995-1996,1226
1227,Bolton,West Ham,0.0,3.0,A,1995-1996,1227
1228,Leeds,Chelsea,1.0,0.0,H,1995-1996,1228
1229,Liverpool,Everton,1.0,2.0,A,1995-1996,1229
1230,Man United,Southampton,4.0,1.0,H,1995-1996,1230
1231,Sheffield Weds,Man City,1.0,1.0,D,1995-1996,1231
1232,Tottenham,Arsenal,2.0,1.0,H,1995-1996,1232
1233,Wimbledon,Middlesbrough,0.0,0.0,D,1995-1996,1233
1234,QPR,Coventry,1.0,1.0,D,1995-1996,1234
1235,Southampton,Aston Villa,0.0,1.0,A,1995-1996,1235
1236,Arsenal,Sheffield Weds,4.0,2.0,H,1995-1996,1236
1237,Middlesbrough,Tottenham,0.0,1.0,A,1995-1996,1237
1238,Chelsea,Bolton,3.0,2.0,H,1995-1996,1238
1239,Coventry,Man United,0.0,4.0,A,1995-1996,1239
1240,Everton,QPR,2.0,0.0,H,1995-1996,1240
1241,Man City,Wimbledon,1.0,0.0,H,1995-1996,1241
1242,West Ham,Liverpool,0.0,0.0,D,1995-1996,1242
1243,Chelsea,Tottenham,0.0,0.0,D,1995-1996,1243
1244,Coventry,Wimbledon,3.0,3.0,D,1995-1996,1244
1245,Everton,Sheffield Weds,2.0,2.0,D,1995-1996,1245
1246,Man City,Aston Villa,1.0,0.0,H,1995-1996,1246
1247,Middlesbrough,Liverpool,2.0,1.0,H,1995-1996,1247
1248,Newcastle,Leeds,2.0,1.0,H,1995-1996,1248
1249,Southampton,Bolton,1.0,0.0,H,1995-1996,1249
1250,West Ham,QPR,1.0,0.0,H,1995-1996,1250
1251,Arsenal,Blackburn,0.0,0.0,D,1995-1996,1251
1252,Nott'm Forest,Man United,1.0,1.0,D,1995-1996,1252
1253,Aston Villa,Arsenal,1.0,1.0,D,1995-1996,1253
1254,Blackburn,West Ham,4.0,2.0,H,1995-1996,1254
1255,Bolton,Nott'm Forest,1.0,1.0,D,1995-1996,1255
1256,Leeds,Man City,0.0,1.0,A,1995-1996,1256
1257,Liverpool,Southampton,1.0,1.0,D,1995-1996,1257
1258,Man United,Chelsea,1.0,1.0,D,1995-1996,1258
1259,QPR,Middlesbrough,1.0,1.0,D,1995-1996,1259
1260,Tottenham,Everton,0.0,0.0,D,1995-1996,1260
1261,Wimbledon,Newcastle,3.0,3.0,D,1995-1996,1261
1262,Sheffield Weds,Coventry,4.0,3.0,H,1995-1996,1262
1263,Bolton,Liverpool,0.0,1.0,A,1995-1996,1263
1264,Chelsea,Newcastle,1.0,0.0,H,1995-1996,1264
1265,Coventry,Blackburn,5.0,0.0,H,1995-1996,1265
1266,Leeds,Wimbledon,1.0,1.0,D,1995-1996,1266
1267,Man United,Sheffield Weds,2.0,2.0,D,1995-1996,1267
1268,Middlesbrough,Man City,4.0,1.0,H,1995-1996,1268
1269,Southampton,Arsenal,0.0,0.0,D,1995-1996,1269
1270,Tottenham,QPR,1.0,0.0,H,1995-1996,1270
1271,Nott'm Forest,Aston Villa,1.0,1.0,D,1995-1996,1271
1272,Everton,West Ham,3.0,0.0,H,1995-1996,1272
1273,Arsenal,Chelsea,1.0,1.0,D,1995-1996,1273
1274,Aston Villa,Coventry,4.0,1.0,H,1995-1996,1274
1275,Blackburn,Middlesbrough,1.0,0.0,H,1995-1996,1275
1276,Newcastle,Everton,1.0,0.0,H,1995-1996,1276
1277,QPR,Bolton,2.0,1.0,H,1995-1996,1277
1278,Sheffield Weds,Leeds,6.0,2.0,H,1995-1996,1278
1279,West Ham,Southampton,2.0,1.0,H,1995-1996,1279
1280,Wimbledon,Tottenham,0.0,1.0,A,1995-1996,1280
1281,Liverpool,Man United,2.0,0.0,H,1995-1996,1281
1282,Man City,Nott'm Forest,1.0,1.0,D,1995-1996,1282
1283,Coventry,Everton,2.0,1.0,H,1995-1996,1283
1284,Liverpool,Arsenal,3.0,1.0,H,1995-1996,1284
1285,Man City,Chelsea,0.0,1.0,A,1995-1996,1285
1286,Middlesbrough,West Ham,4.0,2.0,H,1995-1996,1286
1287,Newcastle,Nott'm Forest,3.0,1.0,H,1995-1996,1287
1288,QPR,Aston Villa,1.0,0.0,H,1995-1996,1288
1289,Sheffield Weds,Southampton,2.0,2.0,D,1995-1996,1289
1290,Tottenham,Bolton,2.0,2.0,D,1995-1996,1290
1291,Wimbledon,Blackburn,1.0,1.0,D,1995-1996,1291
1292,Leeds,Man United,3.0,1.0,H,1995-1996,1292
1293,Arsenal,QPR,3.0,0.0,H,1995-1996,1293
1294,Blackburn,Man City,2.0,0.0,H,1995-1996,1294
1295,Chelsea,Wimbledon,1.0,2.0,A,1995-1996,1295
1296,Everton,Middlesbrough,4.0,0.0,H,1995-1996,1296
1297,Nott'm Forest,Sheffield Weds,1.0,0.0,H,1995-1996,1297
1298,Southampton,Tottenham,0.0,0.0,D,1995-1996,1298
1299,Bolton,Leeds,0.0,2.0,A,1995-1996,1299
1300,Man United,Newcastle,2.0,0.0,H,1995-1996,1300
1301,Arsenal,Wimbledon,1.0,3.0,A,1995-1996,1301
1302,Blackburn,Tottenham,2.0,1.0,H,1995-1996,1302
1303,Bolton,Coventry,1.0,2.0,A,1995-1996,1303
1304,Chelsea,Liverpool,2.0,2.0,D,1995-1996,1304
1305,Everton,Leeds,2.0,0.0,H,1995-1996,1305
1306,Man United,QPR,2.0,1.0,H,1995-1996,1306
1307,Nott'm Forest,Middlesbrough,1.0,0.0,H,1995-1996,1307
1308,Coventry,Southampton,1.0,1.0,D,1995-1996,1308
1309,Leeds,Blackburn,0.0,0.0,D,1995-1996,1309
1310,Liverpool,Nott'm Forest,4.0,2.0,H,1995-1996,1310
1311,Man City,West Ham,2.0,1.0,H,1995-1996,1311
1312,Middlesbrough,Aston Villa,0.0,2.0,A,1995-1996,1312
1313,Sheffield Weds,Bolton,4.0,2.0,H,1995-1996,1313
1314,Tottenham,Man United,4.0,1.0,H,1995-1996,1314
1315,Wimbledon,Everton,2.0,3.0,A,1995-1996,1315
1316,Newcastle,Arsenal,2.0,0.0,H,1995-1996,1316
1317,QPR,Chelsea,1.0,2.0,A,1995-1996,1317
1318,Bolton,Wimbledon,1.0,0.0,H,1995-1996,1318
1319,Everton,Chelsea,1.0,1.0,D,1995-1996,1319
1320,Leeds,West Ham,2.0,0.0,H,1995-1996,1320
1321,Man United,Aston Villa,0.0,0.0,D,1995-1996,1321
1322,Middlesbrough,Arsenal,2.0,3.0,A,1995-1996,1322
1323,Nott'm Forest,Southampton,1.0,0.0,H,1995-1996,1323
1324,QPR,Blackburn,0.0,1.0,A,1995-1996,1324
1325,Sheffield Weds,Liverpool,1.0,1.0,D,1995-1996,1325
1326,Tottenham,Man City,1.0,0.0,H,1995-1996,1326
1327,Coventry,Newcastle,0.0,1.0,A,1995-1996,1327
1328,Arsenal,Everton,1.0,2.0,A,1995-1996,1328
1329,Blackburn,Sheffield Weds,3.0,0.0,H,1995-1996,1329
1330,Chelsea,Nott'm Forest,1.0,0.0,H,1995-1996,1330
1331,Liverpool,Leeds,5.0,0.0,H,1995-1996,1331
1332,Man City,Coventry,1.0,1.0,D,1995-1996,1332
1333,Newcastle,Bolton,2.0,1.0,H,1995-1996,1333
1334,Southampton,Middlesbrough,2.0,1.0,H,1995-1996,1334
1335,Wimbledon,QPR,2.0,1.0,H,1995-1996,1335
1336,Aston Villa,Tottenham,2.0,1.0,H,1995-1996,1336
1337,West Ham,Man United,0.0,1.0,A,1995-1996,1337
1338,Aston Villa,Liverpool,0.0,2.0,A,1995-1996,1338
1339,Nott'm Forest,Leeds,2.0,1.0,H,1995-1996,1339
1340,Southampton,Man City,1.0,1.0,D,1995-1996,1340
1341,West Ham,Coventry,3.0,2.0,H,1995-1996,1341
1342,Arsenal,Coventry,1.0,1.0,D,1995-1996,1342
1343,Aston Villa,Leeds,3.0,0.0,H,1995-1996,1343
1344,Blackburn,Bolton,3.0,1.0,H,1995-1996,1344
1345,Liverpool,Tottenham,0.0,0.0,D,1995-1996,1345
1346,Man City,QPR,2.0,0.0,H,1995-1996,1346
1347,Newcastle,Sheffield Weds,2.0,0.0,H,1995-1996,1347
1348,Southampton,Everton,2.0,2.0,D,1995-1996,1348
1349,West Ham,Nott'm Forest,1.0,0.0,H,1995-1996,1349
1350,Wimbledon,Man United,2.0,4.0,A,1995-1996,1350
1351,Chelsea,Middlesbrough,5.0,0.0,H,1995-1996,1351
1352,Bolton,Aston Villa,0.0,2.0,A,1995-1996,1352
1353,Coventry,Chelsea,1.0,0.0,H,1995-1996,1353
1354,Everton,Man City,2.0,0.0,H,1995-1996,1354
1355,Man United,Blackburn,1.0,0.0,H,1995-1996,1355
1356,Middlesbrough,Newcastle,1.0,2.0,A,1995-1996,1356
1357,Nott'm Forest,Arsenal,0.0,1.0,A,1995-1996,1357
1358,Sheffield Weds,Wimbledon,2.0,1.0,H,1995-1996,1358
1359,QPR,Liverpool,1.0,2.0,A,1995-1996,1359
1360,Tottenham,West Ham,0.0,1.0,A,1995-1996,1360
1361,Chelsea,West Ham,1.0,2.0,A,1995-1996,1361
1362,Middlesbrough,Bolton,1.0,4.0,A,1995-1996,1362
1363,Sheffield Weds,QPR,1.0,3.0,A,1995-1996,1363
1364,Man United,Everton,2.0,0.0,H,1995-1996,1364
1365,West Ham,Newcastle,2.0,0.0,H,1995-1996,1365
1366,Blackburn,Liverpool,2.0,3.0,A,1995-1996,1366
1367,Coventry,Middlesbrough,0.0,0.0,D,1995-1996,1367
1368,Everton,Nott'm Forest,3.0,0.0,H,1995-1996,1368
1369,Man City,Newcastle,3.0,3.0,D,1995-1996,1369
1370,Southampton,Chelsea,2.0,3.0,A,1995-1996,1370
1371,Tottenham,Sheffield Weds,1.0,0.0,H,1995-1996,1371
1372,West Ham,Arsenal,0.0,1.0,A,1995-1996,1372
1373,Wimbledon,Aston Villa,3.0,3.0,D,1995-1996,1373
1374,Bolton,Man United,0.0,6.0,A,1995-1996,1374
1375,Aston Villa,Blackburn,2.0,0.0,H,1995-1996,1375
1376,Coventry,West Ham,2.0,2.0,D,1995-1996,1376
1377,Leeds,Bolton,0.0,1.0,A,1995-1996,1377
1378,Man City,Blackburn,1.0,1.0,D,1995-1996,1378
1379,Middlesbrough,Everton,0.0,2.0,A,1995-1996,1379
1380,QPR,Arsenal,1.0,1.0,D,1995-1996,1380
1381,Sheffield Weds,Nott'm Forest,1.0,3.0,A,1995-1996,1381
1382,Tottenham,Southampton,1.0,0.0,H,1995-1996,1382
1383,Wimbledon,Chelsea,1.0,1.0,D,1995-1996,1383
1384,Liverpool,Aston Villa,3.0,0.0,H,1995-1996,1384
1385,Newcastle,Man United,0.0,1.0,A,1995-1996,1385
1386,Arsenal,Man City,3.0,1.0,H,1995-1996,1386
1387,Aston Villa,Sheffield Weds,3.0,2.0,H,1995-1996,1387
1388,QPR,Leeds,1.0,2.0,A,1995-1996,1388
1389,Aston Villa,QPR,4.0,2.0,H,1995-1996,1389
1390,Everton,Coventry,2.0,2.0,D,1995-1996,1390
1391,West Ham,Middlesbrough,2.0,0.0,H,1995-1996,1391
1392,Chelsea,Man City,1.0,1.0,D,1995-1996,1392
1393,Blackburn,Leeds,1.0,0.0,H,1995-1996,1393
1394,Liverpool,Wimbledon,2.0,2.0,D,1995-1996,1394
1395,Coventry,Bolton,0.0,2.0,A,1995-1996,1395
1396,Liverpool,Chelsea,2.0,0.0,H,1995-1996,1396
1397,Man City,Southampton,2.0,1.0,H,1995-1996,1397
1398,Middlesbrough,Nott'm Forest,1.0,1.0,D,1995-1996,1398
1399,QPR,Man United,1.0,1.0,D,1995-1996,1399
1400,Sheffield Weds,Aston Villa,2.0,0.0,H,1995-1996,1400
1401,Tottenham,Blackburn,2.0,3.0,A,1995-1996,1401
1402,Wimbledon,Arsenal,0.0,3.0,A,1995-1996,1402
1403,Leeds,Everton,2.0,2.0,D,1995-1996,1403
1404,Newcastle,West Ham,3.0,0.0,H,1995-1996,1404
1405,Aston Villa,Middlesbrough,0.0,0.0,D,1995-1996,1405
1406,Bolton,Tottenham,2.0,3.0,A,1995-1996,1406
1407,Man United,Arsenal,1.0,0.0,H,1995-1996,1407
1408,Southampton,Sheffield Weds,0.0,1.0,A,1995-1996,1408
1409,Arsenal,Newcastle,2.0,0.0,H,1995-1996,1409
1410,Bolton,Sheffield Weds,2.0,1.0,H,1995-1996,1410
1411,Chelsea,QPR,1.0,1.0,D,1995-1996,1411
1412,Everton,Wimbledon,2.0,4.0,A,1995-1996,1412
1413,Nott'm Forest,Liverpool,1.0,0.0,H,1995-1996,1413
1414,West Ham,Man City,4.0,2.0,H,1995-1996,1414
1415,Man United,Tottenham,1.0,0.0,H,1995-1996,1415
1416,Southampton,Coventry,1.0,0.0,H,1995-1996,1416
1417,Blackburn,Everton,0.0,3.0,A,1995-1996,1417
1418,Bolton,Man City,1.0,1.0,D,1995-1996,1418
1419,Leeds,Middlesbrough,0.0,1.0,A,1995-1996,1419
1420,QPR,Southampton,3.0,0.0,H,1995-1996,1420
1421,Tottenham,Coventry,3.0,1.0,H,1995-1996,1421
1422,Wimbledon,Nott'm Forest,1.0,0.0,H,1995-1996,1422
1423,Leeds,Southampton,1.0,0.0,H,1995-1996,1423
1424,Liverpool,Newcastle,4.0,3.0,H,1995-1996,1424
1425,Middlesbrough,Sheffield Weds,3.0,1.0,H,1995-1996,1425
1426,Arsenal,Leeds,2.0,1.0,H,1995-1996,1426
1427,Chelsea,Aston Villa,1.0,2.0,A,1995-1996,1427
1428,Coventry,Liverpool,1.0,0.0,H,1995-1996,1428
1429,Everton,Bolton,3.0,0.0,H,1995-1996,1429
1430,Man City,Man United,2.0,3.0,A,1995-1996,1430
1431,Newcastle,QPR,2.0,1.0,H,1995-1996,1431
1432,Nott'm Forest,Tottenham,2.0,1.0,H,1995-1996,1432
1433,Southampton,Blackburn,1.0,0.0,H,1995-1996,1433
1434,West Ham,Wimbledon,1.0,1.0,D,1995-1996,1434
1435,Aston Villa,Southampton,3.0,0.0,H,1995-1996,1435
1436,Blackburn,Newcastle,2.0,1.0,H,1995-1996,1436
1437,Bolton,Chelsea,2.0,1.0,H,1995-1996,1437
1438,Leeds,Nott'm Forest,1.0,3.0,A,1995-1996,1438
1439,Liverpool,West Ham,2.0,0.0,H,1995-1996,1439
1440,Man United,Coventry,1.0,0.0,H,1995-1996,1440
1441,QPR,Everton,3.0,1.0,H,1995-1996,1441
1442,Sheffield Weds,Arsenal,1.0,0.0,H,1995-1996,1442
1443,Tottenham,Middlesbrough,1.0,1.0,D,1995-1996,1443
1444,Wimbledon,Man City,3.0,0.0,H,1995-1996,1444
1445,Chelsea,Leeds,4.0,1.0,H,1995-1996,1445
1446,Coventry,QPR,1.0,0.0,H,1995-1996,1446
1447,Man City,Sheffield Weds,1.0,0.0,H,1995-1996,1447
1448,Middlesbrough,Wimbledon,1.0,2.0,A,1995-1996,1448
1449,Nott'm Forest,Blackburn,1.0,5.0,A,1995-1996,1449
1450,Southampton,Man United,3.0,1.0,H,1995-1996,1450
1451,West Ham,Bolton,1.0,0.0,H,1995-1996,1451
1452,Newcastle,Aston Villa,1.0,0.0,H,1995-1996,1452
1453,Arsenal,Tottenham,0.0,0.0,D,1995-1996,1453
1454,Everton,Liverpool,1.0,1.0,D,1995-1996,1454
1455,Aston Villa,West Ham,1.0,1.0,D,1995-1996,1455
1456,Blackburn,Wimbledon,3.0,2.0,H,1995-1996,1456
1457,Man United,Leeds,1.0,0.0,H,1995-1996,1457
1458,Newcastle,Southampton,1.0,0.0,H,1995-1996,1458
1459,Nott'm Forest,Coventry,0.0,0.0,D,1995-1996,1459
1460,Sheffield Weds,Chelsea,0.0,0.0,D,1995-1996,1460
1461,Aston Villa,Man City,0.0,1.0,A,1995-1996,1461
1462,Blackburn,Arsenal,1.0,1.0,D,1995-1996,1462
1463,Bolton,Southampton,0.0,1.0,A,1995-1996,1463
1464,Liverpool,Middlesbrough,1.0,0.0,H,1995-1996,1464
1465,QPR,West Ham,3.0,0.0,H,1995-1996,1465
1466,Sheffield Weds,Everton,2.0,5.0,A,1995-1996,1466
1467,Tottenham,Chelsea,1.0,1.0,D,1995-1996,1467
1468,Wimbledon,Coventry,0.0,2.0,A,1995-1996,1468
1469,Man United,Nott'm Forest,5.0,0.0,H,1995-1996,1469
1470,Leeds,Newcastle,0.0,1.0,A,1995-1996,1470
1471,Arsenal,Liverpool,0.0,0.0,D,1995-1996,1471
1472,Leeds,Tottenham,1.0,3.0,A,1995-1996,1472
1473,Nott'm Forest,Newcastle,1.0,1.0,D,1995-1996,1473
1474,Arsenal,Bolton,2.0,1.0,H,1995-1996,1474
1475,Chelsea,Blackburn,2.0,3.0,A,1995-1996,1475
1476,Coventry,Leeds,0.0,0.0,D,1995-1996,1476
1477,Everton,Aston Villa,1.0,0.0,H,1995-1996,1477
1478,Man City,Liverpool,2.0,2.0,D,1995-1996,1478
1479,Middlesbrough,Man United,0.0,3.0,A,1995-1996,1479
1480,Newcastle,Tottenham,1.0,1.0,D,1995-1996,1480
1481,Nott'm Forest,QPR,3.0,0.0,H,1995-1996,1481
1482,Southampton,Wimbledon,0.0,0.0,D,1995-1996,1482
1483,West Ham,Sheffield Weds,1.0,1.0,D,1995-1996,1483
1484,,,,,,1995-1996,1484
1485,,,,,,1995-1996,1485
1486,,,,,,1995-1996,1486
1487,,,,,,1995-1996,1487
1488,,,,,,1995-1996,1488
1489,,,,,,1995-1996,1489
1490,,,,,,1995-1996,1490
1491,,,,,,1995-1996,1491
1492,,,,,,1995-1996,1492
1493,,,,,,1995-1996,1493
1494,,,,,,1995-1996,1494
1495,,,,,,1995-1996,1495
1496,,,,,,1995-1996,1496
1497,,,,,,1995-1996,1497
1498,,,,,,1995-1996,1498
1499,,,,,,1995-1996,1499
1500,,,,,,1995-1996,1500
1501,,,,,,1995-1996,1501
1502,,,,,,1995-1996,1502
1503,,,,,,1995-1996,1503
1504,,,,,,1995-1996,1504
1505,,,,,,1995-1996,1505
1506,,,,,,1995-1996,1506
1507,,,,,,1995-1996,1507
1508,,,,,,1995-1996,1508
1509,,,,,,1995-1996,1509
1510,,,,,,1995-1996,1510
1511,,,,,,1995-1996,1511
1512,,,,,,1995-1996,1512
1513,,,,,,1995-1996,1513
1514,,,,,,1995-1996,1514
1515,,,,,,1995-1996,1515
1516,,,,,,1995-1996,1516
1517,,,,,,1995-1996,1517
1518,,,,,,1995-1996,1518
1519,,,,,,1995-1996,1519
1520,,,,,,1995-1996,1520
1521,,,,,,1995-1996,1521
1522,,,,,,1995-1996,1522
1523,,,,,,1995-1996,1523
1524,,,,,,1995-1996,1524
1525,,,,,,1995-1996,1525
1526,,,,,,1995-1996,1526
1527,,,,,,1995-1996,1527
1528,,,,,,1995-1996,1528
1529,,,,,,1995-1996,1529
1530,,,,,,1995-1996,1530
1531,,,,,,1995-1996,1531
1532,,,,,,1995-1996,1532
1533,,,,,,1995-1996,1533
1534,,,,,,1995-1996,1534
1535,,,,,,1995-1996,1535
1536,,,,,,1995-1996,1536
1537,,,,,,1995-1996,1537
1538,,,,,,1995-1996,1538
1539,,,,,,1995-1996,1539
1540,,,,,,1995-1996,1540
1541,,,,,,1995-1996,1541
1542,,,,,,1995-1996,1542
1543,,,,,,1995-1996,1543
1544,,,,,,1995-1996,1544
1545,,,,,,1995-1996,1545
1546,,,,,,1995-1996,1546
1547,,,,,,1995-1996,1547
1548,,,,,,1995-1996,1548
1549,,,,,,1995-1996,1549
1550,,,,,,1995-1996,1550
1551,,,,,,1995-1996,1551
1552,,,,,,1995-1996,1552
1553,,,,,,1995-1996,1553
1554,,,,,,1995-1996,1554
1555,,,,,,1995-1996,1555
1556,,,,,,1995-1996,1556
1557,,,,,,1995-1996,1557
1558,,,,,,1995-1996,1558
1559,,,,,,1995-1996,1559
1560,,,,,,1995-1996,1560
1561,,,,,,1995-1996,1561
1562,,,,,,1995-1996,1562
1563,,,,,,1995-1996,1563
1564,,,,,,1995-1996,1564
1565,,,,,,1995-1996,1565
1566,,,,,,1995-1996,1566
1567,,,,,,1995-1996,1567
1568,,,,,,1995-1996,1568
1569,,,,,,1995-1996,1569
1570,,,,,,1995-1996,1570
1571,,,,,,1995-1996,1571
1572,,,,,,1995-1996,1572
1573,,,,,,1995-1996,1573
1574,,,,,,1995-1996,1574
1575,,,,,,1995-1996,1575
1576,,,,,,1995-1996,1576
1577,,,,,,1995-1996,1577
1578,,,,,,1995-1996,1578
1579,,,,,,1995-1996,1579
1580,,,,,,1995-1996,1580
1581,,,,,,1995-1996,1581
1582,,,,,,1995-1996,1582
1583,,,,,,1995-1996,1583
1584,,,,,,1995-1996,1584
1585,,,,,,1995-1996,1585
1586,,,,,,1995-1996,1586
1587,,,,,,1995-1996,1587
1588,,,,,,1995-1996,1588
1589,,,,,,1995-1996,1589
1590,,,,,,1995-1996,1590
1591,,,,,,1995-1996,1591
1592,,,,,,1995-1996,1592
1593,,,,,,1995-1996,1593
1594,,,,,,1995-1996,1594
1595,,,,,,1995-1996,1595
1596,,,,,,1995-1996,1596
1597,,,,,,1995-1996,1597
1598,,,,,,1995-1996,1598
1599,,,,,,1995-1996,1599
1600,,,,,,1995-1996,1600
1601,,,,,,1995-1996,1601
1602,,,,,,1995-1996,1602
1603,,,,,,1995-1996,1603
1604,,,,,,1995-1996,1604
1605,,,,,,1995-1996,1605
1606,,,,,,1995-1996,1606
1607,,,,,,1995-1996,1607
1608,,,,,,1995-1996,1608
1609,,,,,,1995-1996,1609
1610,,,,,,1995-1996,1610
1611,,,,,,1995-1996,1611
1612,,,,,,1995-1996,1612
1613,,,,,,1995-1996,1613
1614,,,,,,1995-1996,1614
1615,,,,,,1995-1996,1615
1616,,,,,,1995-1996,1616
1617,,,,,,1995-1996,1617
1618,,,,,,1995-1996,1618
1619,,,,,,1995-1996,1619
1620,,,,,,1995-1996,1620
1621,,,,,,1995-1996,1621
1622,,,,,,1995-1996,1622
1623,,,,,,1995-1996,1623
1624,,,,,,1995-1996,1624
1625,,,,,,1995-1996,1625
1626,,,,,,1995-1996,1626
1627,,,,,,1995-1996,1627
1628,,,,,,1995-1996,1628
1629,,,,,,1995-1996,1629
1630,,,,,,1995-1996,1630
1631,,,,,,1995-1996,1631
1632,,,,,,1995-1996,1632
1633,,,,,,1995-1996,1633
1634,,,,,,1995-1996,1634
1635,,,,,,1995-1996,1635
1636,,,,,,1995-1996,1636
1637,,,,,,1995-1996,1637
1638,,,,,,1995-1996,1638
1639,,,,,,1995-1996,1639
1640,,,,,,1995-1996,1640
1641,,,,,,1995-1996,1641
1642,,,,,,1995-1996,1642
1643,,,,,,1995-1996,1643
1644,,,,,,1995-1996,1644
1645,,,,,,1995-1996,1645
1646,,,,,,1995-1996,1646
1647,,,,,,1995-1996,1647
1648,,,,,,1995-1996,1648
1649,,,,,,1995-1996,1649
1650,,,,,,1995-1996,1650
1651,,,,,,1995-1996,1651
1652,,,,,,1995-1996,1652
1653,,,,,,1995-1996,1653
1654,,,,,,1995-1996,1654
1655,,,,,,1995-1996,1655
1656,Arsenal,West Ham,2.0,0.0,H,1996-1997,1656
1657,Blackburn,Tottenham,0.0,2.0,A,1996-1997,1657
1658,Coventry,Nott'm Forest,0.0,3.0,A,1996-1997,1658
1659,Derby,Leeds,3.0,3.0,D,1996-1997,1659
1660,Everton,Newcastle,2.0,0.0,H,1996-1997,1660
1661,Middlesbrough,Liverpool,3.0,3.0,D,1996-1997,1661
1662,Sheffield Weds,Aston Villa,2.0,1.0,H,1996-1997,1662
1663,Sunderland,Leicester,0.0,0.0,D,1996-1997,1663
1664,Wimbledon,Man United,0.0,3.0,A,1996-1997,1664
1665,Southampton,Chelsea,0.0,0.0,D,1996-1997,1665
1666,Liverpool,Arsenal,2.0,0.0,H,1996-1997,1666
1667,Leeds,Sheffield Weds,0.0,2.0,A,1996-1997,1667
1668,Aston Villa,Blackburn,1.0,0.0,H,1996-1997,1668
1669,Chelsea,Middlesbrough,1.0,0.0,H,1996-1997,1669
1670,Leicester,Southampton,2.0,1.0,H,1996-1997,1670
1671,Man United,Everton,2.0,2.0,D,1996-1997,1671
1672,Newcastle,Wimbledon,2.0,0.0,H,1996-1997,1672
1673,Nott'm Forest,Sunderland,1.0,4.0,A,1996-1997,1673
1674,Tottenham,Derby,1.0,1.0,D,1996-1997,1674
1675,West Ham,Coventry,1.0,1.0,D,1996-1997,1675
1676,Aston Villa,Derby,2.0,0.0,H,1996-1997,1676
1677,Chelsea,Coventry,2.0,0.0,H,1996-1997,1677
1678,Leicester,Arsenal,0.0,2.0,A,1996-1997,1678
1679,Liverpool,Sunderland,0.0,0.0,D,1996-1997,1679
1680,Newcastle,Sheffield Weds,1.0,2.0,A,1996-1997,1680
1681,Nott'm Forest,Middlesbrough,1.0,1.0,D,1996-1997,1681
1682,Tottenham,Everton,0.0,0.0,D,1996-1997,1682
1683,West Ham,Southampton,2.0,1.0,H,1996-1997,1683
1684,Man United,Blackburn,2.0,2.0,D,1996-1997,1684
1685,Leeds,Wimbledon,1.0,0.0,H,1996-1997,1685
1686,Sheffield Weds,Leicester,2.0,1.0,H,1996-1997,1686
1687,Arsenal,Chelsea,3.0,3.0,D,1996-1997,1687
1688,Blackburn,Leeds,0.0,1.0,A,1996-1997,1688
1689,Coventry,Liverpool,0.0,1.0,A,1996-1997,1689
1690,Derby,Man United,1.0,1.0,D,1996-1997,1690
1691,Everton,Aston Villa,0.0,1.0,A,1996-1997,1691
1692,Middlesbrough,West Ham,4.0,1.0,H,1996-1997,1692
1693,Southampton,Nott'm Forest,2.0,2.0,D,1996-1997,1693
1694,Sunderland,Newcastle,1.0,2.0,A,1996-1997,1694
1695,Wimbledon,Tottenham,1.0,0.0,H,1996-1997,1695
1696,Aston Villa,Arsenal,2.0,2.0,D,1996-1997,1696
1697,Leeds,Man United,0.0,4.0,A,1996-1997,1697
1698,Liverpool,Southampton,2.0,1.0,H,1996-1997,1698
1699,Middlesbrough,Coventry,4.0,0.0,H,1996-1997,1699
1700,Nott'm Forest,Leicester,0.0,0.0,D,1996-1997,1700
1701,Sheffield Weds,Chelsea,0.0,2.0,A,1996-1997,1701
1702,Tottenham,Newcastle,1.0,2.0,A,1996-1997,1702
1703,Wimbledon,Everton,4.0,0.0,H,1996-1997,1703
1704,Sunderland,West Ham,0.0,0.0,D,1996-1997,1704
1705,Blackburn,Derby,1.0,2.0,A,1996-1997,1705
1706,Coventry,Leeds,2.0,1.0,H,1996-1997,1706
1707,Derby,Sunderland,1.0,0.0,H,1996-1997,1707
1708,Everton,Middlesbrough,1.0,2.0,A,1996-1997,1708
1709,Man United,Nott'm Forest,4.0,1.0,H,1996-1997,1709
1710,Newcastle,Blackburn,2.0,1.0,H,1996-1997,1710
1711,Southampton,Tottenham,0.0,1.0,A,1996-1997,1711
1712,West Ham,Wimbledon,0.0,2.0,A,1996-1997,1712
1713,Chelsea,Aston Villa,1.0,1.0,D,1996-1997,1713
1714,Leicester,Liverpool,0.0,3.0,A,1996-1997,1714
1715,Arsenal,Sheffield Weds,4.0,1.0,H,1996-1997,1715
1716,Aston Villa,Man United,0.0,0.0,D,1996-1997,1716
1717,Blackburn,Everton,1.0,1.0,D,1996-1997,1717
1718,Leeds,Newcastle,0.0,1.0,A,1996-1997,1718
1719,Liverpool,Chelsea,5.0,1.0,H,1996-1997,1719
1720,Middlesbrough,Arsenal,0.0,2.0,A,1996-1997,1720
1721,Nott'm Forest,West Ham,0.0,2.0,A,1996-1997,1721
1722,Sheffield Weds,Derby,0.0,0.0,D,1996-1997,1722
1723,Sunderland,Coventry,1.0,0.0,H,1996-1997,1723
1724,Tottenham,Leicester,1.0,2.0,A,1996-1997,1724
1725,Wimbledon,Southampton,3.0,1.0,H,1996-1997,1725
1726,Arsenal,Sunderland,2.0,0.0,H,1996-1997,1726
1727,Chelsea,Nott'm Forest,1.0,1.0,D,1996-1997,1727
1728,Coventry,Blackburn,0.0,0.0,D,1996-1997,1728
1729,Derby,Wimbledon,0.0,2.0,A,1996-1997,1729
1730,Everton,Sheffield Weds,2.0,0.0,H,1996-1997,1730
1731,Leicester,Leeds,1.0,0.0,H,1996-1997,1731
1732,Southampton,Middlesbrough,4.0,0.0,H,1996-1997,1732
1733,Man United,Tottenham,2.0,0.0,H,1996-1997,1733
1734,West Ham,Liverpool,1.0,2.0,A,1996-1997,1734
1735,Newcastle,Aston Villa,4.0,3.0,H,1996-1997,1735
1736,Blackburn,Arsenal,0.0,2.0,A,1996-1997,1736
1737,Derby,Newcastle,0.0,1.0,A,1996-1997,1737
1738,Everton,West Ham,2.0,1.0,H,1996-1997,1738
1739,Leeds,Nott'm Forest,2.0,0.0,H,1996-1997,1739
1740,Leicester,Chelsea,1.0,3.0,A,1996-1997,1740
1741,Man United,Liverpool,1.0,0.0,H,1996-1997,1741
1742,Tottenham,Aston Villa,1.0,0.0,H,1996-1997,1742
1743,Wimbledon,Sheffield Weds,4.0,2.0,H,1996-1997,1743
1744,Coventry,Southampton,1.0,1.0,D,1996-1997,1744
1745,Sunderland,Middlesbrough,2.0,2.0,D,1996-1997,1745
1746,Arsenal,Coventry,0.0,0.0,D,1996-1997,1746
1747,Aston Villa,Leeds,2.0,0.0,H,1996-1997,1747
1748,Chelsea,Wimbledon,2.0,4.0,A,1996-1997,1748
1749,Middlesbrough,Tottenham,0.0,3.0,A,1996-1997,1749
1750,Nott'm Forest,Derby,1.0,1.0,D,1996-1997,1750
1751,Sheffield Weds,Blackburn,1.0,1.0,D,1996-1997,1751
1752,Southampton,Sunderland,3.0,0.0,H,1996-1997,1752
1753,West Ham,Leicester,1.0,0.0,H,1996-1997,1753
1754,Newcastle,Man United,5.0,0.0,H,1996-1997,1754
1755,Arsenal,Leeds,3.0,0.0,H,1996-1997,1755
1756,Chelsea,Tottenham,3.0,1.0,H,1996-1997,1756
1757,Coventry,Sheffield Weds,0.0,0.0,D,1996-1997,1757
1758,Leicester,Newcastle,2.0,0.0,H,1996-1997,1758
1759,Middlesbrough,Wimbledon,0.0,0.0,D,1996-1997,1759
1760,Southampton,Man United,6.0,3.0,H,1996-1997,1760
1761,Sunderland,Aston Villa,1.0,0.0,H,1996-1997,1761
1762,West Ham,Blackburn,2.0,1.0,H,1996-1997,1762
1763,Liverpool,Derby,2.0,1.0,H,1996-1997,1763
1764,Nott'm Forest,Everton,0.0,1.0,A,1996-1997,1764
1765,Aston Villa,Nott'm Forest,2.0,0.0,H,1996-1997,1765
1766,Derby,Leicester,2.0,0.0,H,1996-1997,1766
1767,Leeds,Sunderland,3.0,0.0,H,1996-1997,1767
1768,Man United,Chelsea,1.0,2.0,A,1996-1997,1768
1769,Sheffield Weds,Southampton,1.0,1.0,D,1996-1997,1769
1770,Tottenham,West Ham,1.0,0.0,H,1996-1997,1770
1771,Wimbledon,Arsenal,2.0,2.0,D,1996-1997,1771
1772,Blackburn,Liverpool,3.0,0.0,H,1996-1997,1772
1773,Newcastle,Middlesbrough,3.0,1.0,H,1996-1997,1773
1774,Everton,Coventry,1.0,1.0,D,1996-1997,1774
1775,Aston Villa,Leicester,1.0,3.0,A,1996-1997,1775
1776,Blackburn,Chelsea,1.0,1.0,D,1996-1997,1776
1777,Everton,Southampton,7.0,1.0,H,1996-1997,1777
1778,Leeds,Liverpool,0.0,2.0,A,1996-1997,1778
1779,Man United,Arsenal,1.0,0.0,H,1996-1997,1779
1780,Newcastle,West Ham,1.0,1.0,D,1996-1997,1780
1781,Tottenham,Sunderland,2.0,0.0,H,1996-1997,1781
1782,Wimbledon,Coventry,2.0,2.0,D,1996-1997,1782
1783,Derby,Middlesbrough,2.0,1.0,H,1996-1997,1783
1784,Sheffield Weds,Nott'm Forest,2.0,0.0,H,1996-1997,1784
1785,Liverpool,Everton,1.0,1.0,D,1996-1997,1785
1786,Chelsea,Newcastle,1.0,1.0,D,1996-1997,1786
1787,Coventry,Aston Villa,1.0,2.0,A,1996-1997,1787
1788,Leicester,Everton,1.0,2.0,A,1996-1997,1788
1789,Liverpool,Wimbledon,1.0,1.0,D,1996-1997,1789
1790,Middlesbrough,Man United,2.0,2.0,D,1996-1997,1790
1791,Southampton,Leeds,0.0,2.0,A,1996-1997,1791
1792,Sunderland,Sheffield Weds,1.0,1.0,D,1996-1997,1792
1793,West Ham,Derby,1.0,1.0,D,1996-1997,1793
1794,Arsenal,Tottenham,3.0,1.0,H,1996-1997,1794
1795,Nott'm Forest,Blackburn,2.0,2.0,D,1996-1997,1795
1796,Aston Villa,Middlesbrough,1.0,0.0,H,1996-1997,1796
1797,Blackburn,Southampton,2.0,1.0,H,1996-1997,1797
1798,Derby,Coventry,2.0,1.0,H,1996-1997,1798
1799,Everton,Sunderland,1.0,3.0,A,1996-1997,1799
1800,Man United,Leicester,3.0,1.0,H,1996-1997,1800
1801,Newcastle,Arsenal,1.0,2.0,A,1996-1997,1801
1802,Sheffield Weds,West Ham,0.0,0.0,D,1996-1997,1802
1803,Wimbledon,Nott'm Forest,1.0,0.0,H,1996-1997,1803
1804,Leeds,Chelsea,2.0,0.0,H,1996-1997,1804
1805,Tottenham,Liverpool,0.0,2.0,A,1996-1997,1805
1806,Middlesbrough,Leicester,0.0,2.0,A,1996-1997,1806
1807,Arsenal,Southampton,3.0,1.0,H,1996-1997,1807
1808,West Ham,Aston Villa,0.0,2.0,A,1996-1997,1808
1809,Arsenal,Derby,2.0,2.0,D,1996-1997,1809
1810,Chelsea,Everton,2.0,2.0,D,1996-1997,1810
1811,Coventry,Tottenham,1.0,2.0,A,1996-1997,1811
1812,Leicester,Blackburn,1.0,1.0,D,1996-1997,1812
1813,Liverpool,Sheffield Weds,0.0,1.0,A,1996-1997,1813
1814,Middlesbrough,Leeds,0.0,0.0,D,1996-1997,1814
1815,Southampton,Aston Villa,0.0,1.0,A,1996-1997,1815
1816,Sunderland,Wimbledon,1.0,3.0,A,1996-1997,1816
1817,West Ham,Man United,2.0,2.0,D,1996-1997,1817
1818,Nott'm Forest,Newcastle,0.0,0.0,D,1996-1997,1818
1819,Leeds,Tottenham,0.0,0.0,D,1996-1997,1819
1820,Liverpool,Middlesbrough,5.0,1.0,H,1996-1997,1820
1821,Wimbledon,Blackburn,1.0,0.0,H,1996-1997,1821
1822,Sunderland,Chelsea,3.0,0.0,H,1996-1997,1822
1823,Derby,Everton,0.0,1.0,A,1996-1997,1823
1824,Coventry,Newcastle,2.0,1.0,H,1996-1997,1824
1825,Liverpool,Nott'm Forest,4.0,2.0,H,1996-1997,1825
1826,Sheffield Weds,Man United,1.0,1.0,D,1996-1997,1826
1827,Chelsea,West Ham,3.0,1.0,H,1996-1997,1827
1828,Everton,Leeds,0.0,0.0,D,1996-1997,1828
1829,Leicester,Coventry,0.0,2.0,A,1996-1997,1829
1830,Man United,Sunderland,5.0,0.0,H,1996-1997,1830
1831,Nott'm Forest,Arsenal,2.0,1.0,H,1996-1997,1831
1832,Southampton,Derby,3.0,1.0,H,1996-1997,1832
1833,Tottenham,Sheffield Weds,1.0,1.0,D,1996-1997,1833
1834,Aston Villa,Wimbledon,5.0,0.0,H,1996-1997,1834
1835,Newcastle,Liverpool,1.0,1.0,D,1996-1997,1835
1836,Aston Villa,Chelsea,0.0,2.0,A,1996-1997,1836
1837,Blackburn,Newcastle,1.0,0.0,H,1996-1997,1837
1838,Leeds,Coventry,1.0,3.0,A,1996-1997,1838
1839,Liverpool,Leicester,1.0,1.0,D,1996-1997,1839
1840,Middlesbrough,Everton,4.0,2.0,H,1996-1997,1840
1841,Nott'm Forest,Man United,0.0,4.0,A,1996-1997,1841
1842,Sheffield Weds,Arsenal,0.0,0.0,D,1996-1997,1842
1843,Sunderland,Derby,2.0,0.0,H,1996-1997,1843
1844,Tottenham,Southampton,3.0,1.0,H,1996-1997,1844
1845,Arsenal,Aston Villa,2.0,2.0,D,1996-1997,1845
1846,Chelsea,Sheffield Weds,2.0,2.0,D,1996-1997,1846
1847,Coventry,Middlesbrough,3.0,0.0,H,1996-1997,1847
1848,Derby,Blackburn,0.0,0.0,D,1996-1997,1848
1849,Everton,Wimbledon,1.0,3.0,A,1996-1997,1849
1850,Leicester,Nott'm Forest,2.0,2.0,D,1996-1997,1850
1851,Man United,Leeds,1.0,0.0,H,1996-1997,1851
1852,Newcastle,Tottenham,7.0,1.0,H,1996-1997,1852
1853,West Ham,Sunderland,2.0,0.0,H,1996-1997,1853
1854,Southampton,Liverpool,0.0,1.0,A,1996-1997,1854
1855,Arsenal,Middlesbrough,2.0,0.0,H,1996-1997,1855
1856,Chelsea,Liverpool,1.0,0.0,H,1996-1997,1856
1857,Coventry,Sunderland,2.0,2.0,D,1996-1997,1857
1858,Everton,Blackburn,0.0,2.0,A,1996-1997,1858
1859,Man United,Aston Villa,0.0,0.0,D,1996-1997,1859
1860,Newcastle,Leeds,3.0,0.0,H,1996-1997,1860
1861,West Ham,Nott'm Forest,0.0,1.0,A,1996-1997,1861
1862,Aston Villa,Newcastle,2.0,2.0,D,1996-1997,1862
1863,Blackburn,Coventry,4.0,0.0,H,1996-1997,1863
1864,Leeds,Leicester,3.0,0.0,H,1996-1997,1864
1865,Liverpool,West Ham,0.0,0.0,D,1996-1997,1865
1866,Middlesbrough,Southampton,0.0,1.0,A,1996-1997,1866
1867,Nott'm Forest,Chelsea,2.0,0.0,H,1996-1997,1867
1868,Sheffield Weds,Everton,2.0,1.0,H,1996-1997,1868
1869,Sunderland,Arsenal,1.0,0.0,H,1996-1997,1869
1870,Wimbledon,Derby,1.0,1.0,D,1996-1997,1870
1871,Tottenham,Man United,1.0,2.0,A,1996-1997,1871
1872,Chelsea,Derby,3.0,1.0,H,1996-1997,1872
1873,Coventry,Man United,0.0,2.0,A,1996-1997,1873
1874,Leicester,Wimbledon,1.0,0.0,H,1996-1997,1874
1875,Liverpool,Aston Villa,3.0,0.0,H,1996-1997,1875
1876,Middlesbrough,Sheffield Weds,4.0,2.0,H,1996-1997,1876
1877,Southampton,Newcastle,2.0,2.0,D,1996-1997,1877
1878,Sunderland,Blackburn,0.0,0.0,D,1996-1997,1878
1879,Arsenal,Everton,3.0,1.0,H,1996-1997,1879
1880,Nott'm Forest,Tottenham,2.0,1.0,H,1996-1997,1880
1881,West Ham,Leeds,0.0,2.0,A,1996-1997,1881
1882,Aston Villa,Sheffield Weds,0.0,1.0,A,1996-1997,1882
1883,Leeds,Derby,0.0,0.0,D,1996-1997,1883
1884,Leicester,Sunderland,1.0,1.0,D,1996-1997,1884
1885,Man United,Wimbledon,2.0,1.0,H,1996-1997,1885
1886,Newcastle,Everton,4.0,1.0,H,1996-1997,1886
1887,Nott'm Forest,Coventry,0.0,1.0,A,1996-1997,1887
1888,Tottenham,Blackburn,2.0,1.0,H,1996-1997,1888
1889,West Ham,Arsenal,1.0,2.0,A,1996-1997,1889
1890,Aston Villa,Sunderland,1.0,0.0,H,1996-1997,1890
1891,Blackburn,West Ham,2.0,1.0,H,1996-1997,1891
1892,Derby,Liverpool,0.0,1.0,A,1996-1997,1892
1893,Everton,Nott'm Forest,2.0,0.0,H,1996-1997,1893
1894,Leeds,Arsenal,0.0,0.0,D,1996-1997,1894
1895,Man United,Southampton,2.0,1.0,H,1996-1997,1895
1896,Sheffield Weds,Coventry,0.0,0.0,D,1996-1997,1896
1897,Tottenham,Chelsea,1.0,2.0,A,1996-1997,1897
1898,Wimbledon,Middlesbrough,1.0,1.0,D,1996-1997,1898
1899,Newcastle,Leicester,4.0,3.0,H,1996-1997,1899
1900,Derby,West Ham,1.0,0.0,H,1996-1997,1900
1901,Tottenham,Arsenal,0.0,0.0,D,1996-1997,1901
1902,Arsenal,Man United,1.0,2.0,A,1996-1997,1902
1903,Aston Villa,Coventry,2.0,1.0,H,1996-1997,1903
1904,Derby,Sheffield Weds,2.0,2.0,D,1996-1997,1904
1905,Liverpool,Leeds,4.0,0.0,H,1996-1997,1905
1906,Chelsea,Man United,1.0,1.0,D,1996-1997,1906
1907,Coventry,Everton,0.0,0.0,D,1996-1997,1907
1908,Leicester,Derby,4.0,2.0,H,1996-1997,1908
1909,Liverpool,Blackburn,0.0,0.0,D,1996-1997,1909
1910,Middlesbrough,Newcastle,0.0,1.0,A,1996-1997,1910
1911,Nott'm Forest,Aston Villa,0.0,0.0,D,1996-1997,1911
1912,Southampton,Sheffield Weds,2.0,3.0,A,1996-1997,1912
1913,Sunderland,Leeds,0.0,1.0,A,1996-1997,1913
1914,Arsenal,Wimbledon,0.0,1.0,A,1996-1997,1914
1915,West Ham,Tottenham,4.0,3.0,H,1996-1997,1915
1916,Southampton,Wimbledon,0.0,0.0,D,1996-1997,1916
1917,Blackburn,Sunderland,1.0,0.0,H,1996-1997,1917
1918,Derby,Chelsea,3.0,2.0,H,1996-1997,1918
1919,Everton,Arsenal,0.0,2.0,A,1996-1997,1919
1920,Leeds,West Ham,1.0,0.0,H,1996-1997,1920
1921,Man United,Coventry,3.0,1.0,H,1996-1997,1921
1922,Newcastle,Southampton,0.0,1.0,A,1996-1997,1922
1923,Sheffield Weds,Middlesbrough,3.0,1.0,H,1996-1997,1923
1924,Tottenham,Nott'm Forest,0.0,1.0,A,1996-1997,1924
1925,Wimbledon,Leicester,1.0,3.0,A,1996-1997,1925
1926,Aston Villa,Liverpool,1.0,0.0,H,1996-1997,1926
1927,Coventry,Wimbledon,1.0,1.0,D,1996-1997,1927
1928,Sunderland,Tottenham,0.0,4.0,A,1996-1997,1928
1929,Chelsea,Blackburn,1.0,1.0,D,1996-1997,1929
1930,Leicester,Aston Villa,1.0,0.0,H,1996-1997,1930
1931,Middlesbrough,Derby,6.0,1.0,H,1996-1997,1931
1932,Nott'm Forest,Sheffield Weds,0.0,3.0,A,1996-1997,1932
1933,Southampton,Everton,2.0,2.0,D,1996-1997,1933
1934,Arsenal,Nott'm Forest,2.0,0.0,H,1996-1997,1934
1935,Coventry,Leicester,0.0,0.0,D,1996-1997,1935
1936,Leeds,Everton,1.0,0.0,H,1996-1997,1936
1937,Sunderland,Man United,2.0,1.0,H,1996-1997,1937
1938,Liverpool,Newcastle,4.0,3.0,H,1996-1997,1938
1939,Blackburn,Nott'm Forest,1.0,1.0,D,1996-1997,1939
1940,Leeds,Southampton,0.0,0.0,D,1996-1997,1940
1941,Sheffield Weds,Sunderland,2.0,1.0,H,1996-1997,1941
1942,West Ham,Chelsea,3.0,2.0,H,1996-1997,1942
1943,Aston Villa,West Ham,0.0,0.0,D,1996-1997,1943
1944,Blackburn,Wimbledon,3.0,1.0,H,1996-1997,1944
1945,Everton,Derby,1.0,0.0,H,1996-1997,1945
1946,Leicester,Middlesbrough,1.0,3.0,A,1996-1997,1946
1947,Man United,Sheffield Weds,2.0,0.0,H,1996-1997,1947
1948,Newcastle,Coventry,4.0,0.0,H,1996-1997,1948
1949,Nott'm Forest,Liverpool,1.0,1.0,D,1996-1997,1949
1950,Southampton,Arsenal,0.0,2.0,A,1996-1997,1950
1951,Tottenham,Leeds,1.0,0.0,H,1996-1997,1951
1952,Chelsea,Sunderland,6.0,2.0,H,1996-1997,1952
1953,Wimbledon,West Ham,1.0,1.0,D,1996-1997,1953
1954,Chelsea,Southampton,1.0,0.0,H,1996-1997,1954
1955,Leicester,Tottenham,1.0,1.0,D,1996-1997,1955
1956,Middlesbrough,Blackburn,2.0,1.0,H,1996-1997,1956
1957,Blackburn,Aston Villa,0.0,2.0,A,1996-1997,1957
1958,Coventry,West Ham,1.0,3.0,A,1996-1997,1958
1959,Derby,Tottenham,4.0,2.0,H,1996-1997,1959
1960,Everton,Man United,0.0,2.0,A,1996-1997,1960
1961,Middlesbrough,Chelsea,1.0,0.0,H,1996-1997,1961
1962,Sheffield Weds,Leeds,2.0,2.0,D,1996-1997,1962
1963,Southampton,Leicester,2.0,2.0,D,1996-1997,1963
1964,Sunderland,Nott'm Forest,1.0,1.0,D,1996-1997,1964
1965,Wimbledon,Newcastle,1.0,1.0,D,1996-1997,1965
1966,Arsenal,Liverpool,1.0,2.0,A,1996-1997,1966
1967,Middlesbrough,Nott'm Forest,1.0,1.0,D,1996-1997,1967
1968,Aston Villa,Everton,3.0,1.0,H,1996-1997,1968
1969,Chelsea,Arsenal,0.0,3.0,A,1996-1997,1969
1970,Man United,Derby,2.0,3.0,A,1996-1997,1970
1971,Newcastle,Sunderland,1.0,1.0,D,1996-1997,1971
1972,Nott'm Forest,Southampton,1.0,3.0,A,1996-1997,1972
1973,Tottenham,Wimbledon,1.0,0.0,H,1996-1997,1973
1974,Liverpool,Coventry,1.0,2.0,A,1996-1997,1974
1975,Leeds,Blackburn,0.0,0.0,D,1996-1997,1975
1976,Coventry,Chelsea,3.0,1.0,H,1996-1997,1976
1977,Derby,Southampton,1.0,1.0,D,1996-1997,1977
1978,Everton,Leicester,1.0,1.0,D,1996-1997,1978
1979,Sheffield Weds,Tottenham,2.0,1.0,H,1996-1997,1979
1980,West Ham,Middlesbrough,0.0,0.0,D,1996-1997,1980
1981,Wimbledon,Aston Villa,0.0,2.0,A,1996-1997,1981
1982,Arsenal,Leicester,2.0,0.0,H,1996-1997,1982
1983,Blackburn,Man United,2.0,3.0,A,1996-1997,1983
1984,Derby,Aston Villa,2.0,1.0,H,1996-1997,1984
1985,Everton,Tottenham,1.0,0.0,H,1996-1997,1985
1986,Southampton,West Ham,2.0,0.0,H,1996-1997,1986
1987,Sheffield Weds,Newcastle,1.0,1.0,D,1996-1997,1987
1988,Sunderland,Liverpool,1.0,2.0,A,1996-1997,1988
1989,Everton,Liverpool,1.0,1.0,D,1996-1997,1989
1990,Newcastle,Chelsea,3.0,1.0,H,1996-1997,1990
1991,Wimbledon,Leeds,2.0,0.0,H,1996-1997,1991
1992,Arsenal,Blackburn,1.0,1.0,D,1996-1997,1992
1993,Aston Villa,Tottenham,1.0,1.0,D,1996-1997,1993
1994,Chelsea,Leicester,2.0,1.0,H,1996-1997,1994
1995,Liverpool,Man United,1.0,3.0,A,1996-1997,1995
1996,Middlesbrough,Sunderland,0.0,1.0,A,1996-1997,1996
1997,Newcastle,Derby,3.0,1.0,H,1996-1997,1997
1998,Nott'm Forest,Leeds,1.0,1.0,D,1996-1997,1998
1999,Sheffield Weds,Wimbledon,3.0,1.0,H,1996-1997,1999
2000,Southampton,Coventry,2.0,2.0,D,1996-1997,2000
2001,West Ham,Everton,2.0,2.0,D,1996-1997,2001
2002,Coventry,Arsenal,1.0,1.0,D,1996-1997,2002
2003,Blackburn,Sheffield Weds,4.0,1.0,H,1996-1997,2003
2004,Leeds,Aston Villa,0.0,0.0,D,1996-1997,2004
2005,Sunderland,Southampton,0.0,1.0,A,1996-1997,2005
2006,Wimbledon,Chelsea,0.0,1.0,A,1996-1997,2006
2007,Derby,Nott'm Forest,0.0,0.0,D,1996-1997,2007
2008,Leicester,West Ham,0.0,1.0,A,1996-1997,2008
2009,Tottenham,Middlesbrough,1.0,0.0,H,1996-1997,2009
2010,Arsenal,Newcastle,0.0,1.0,A,1996-1997,2010
2011,Chelsea,Leeds,0.0,0.0,D,1996-1997,2011
2012,Coventry,Derby,1.0,2.0,A,1996-1997,2012
2013,Leicester,Man United,2.0,2.0,D,1996-1997,2013
2014,Liverpool,Tottenham,2.0,1.0,H,1996-1997,2014
2015,Middlesbrough,Aston Villa,3.0,2.0,H,1996-1997,2015
2016,Nott'm Forest,Wimbledon,1.0,1.0,D,1996-1997,2016
2017,Southampton,Blackburn,2.0,0.0,H,1996-1997,2017
2018,Sunderland,Everton,3.0,0.0,H,1996-1997,2018
2019,West Ham,Sheffield Weds,5.0,1.0,H,1996-1997,2019
2020,Man United,Middlesbrough,3.0,3.0,D,1996-1997,2020
2021,West Ham,Newcastle,0.0,0.0,D,1996-1997,2021
2022,Wimbledon,Liverpool,2.0,1.0,H,1996-1997,2022
2023,Leicester,Sheffield Weds,1.0,0.0,H,1996-1997,2023
2024,Blackburn,Middlesbrough,0.0,0.0,D,1996-1997,2024
2025,Man United,Newcastle,0.0,0.0,D,1996-1997,2025
2026,Aston Villa,Southampton,1.0,0.0,H,1996-1997,2026
2027,Blackburn,Leicester,2.0,4.0,A,1996-1997,2027
2028,Derby,Arsenal,1.0,3.0,A,1996-1997,2028
2029,Everton,Chelsea,1.0,2.0,A,1996-1997,2029
2030,Leeds,Middlesbrough,1.0,1.0,D,1996-1997,2030
2031,Man United,West Ham,2.0,0.0,H,1996-1997,2031
2032,Newcastle,Nott'm Forest,5.0,0.0,H,1996-1997,2032
2033,Sheffield Weds,Liverpool,1.0,1.0,D,1996-1997,2033
2034,Tottenham,Coventry,1.0,2.0,A,1996-1997,2034
2035,Wimbledon,Sunderland,1.0,0.0,H,1996-1997,2035
2036,Barnsley,West Ham,1.0,2.0,A,1997-1998,2036
2037,Blackburn,Derby,1.0,0.0,H,1997-1998,2037
2038,Coventry,Chelsea,3.0,2.0,H,1997-1998,2038
2039,Everton,Crystal Palace,1.0,2.0,A,1997-1998,2039
2040,Leeds,Arsenal,1.0,1.0,D,1997-1998,2040
2041,Leicester,Aston Villa,1.0,0.0,H,1997-1998,2041
2042,Newcastle,Sheffield Weds,2.0,1.0,H,1997-1998,2042
2043,Southampton,Bolton,0.0,1.0,A,1997-1998,2043
2044,Wimbledon,Liverpool,1.0,1.0,D,1997-1998,2044
2045,Tottenham,Man United,0.0,2.0,A,1997-1998,2045
2046,Arsenal,Coventry,2.0,0.0,H,1997-1998,2046
2047,Crystal Palace,Barnsley,0.0,1.0,A,1997-1998,2047
2048,Aston Villa,Blackburn,0.0,4.0,A,1997-1998,2048
2049,Liverpool,Leicester,1.0,2.0,A,1997-1998,2049
2050,Man United,Southampton,1.0,0.0,H,1997-1998,2050
2051,Sheffield Weds,Leeds,1.0,3.0,A,1997-1998,2051
2052,West Ham,Tottenham,2.0,1.0,H,1997-1998,2052
2053,Blackburn,Liverpool,1.0,1.0,D,1997-1998,2053
2054,Coventry,Bolton,2.0,2.0,D,1997-1998,2054
2055,Everton,West Ham,2.0,1.0,H,1997-1998,2055
2056,Leeds,Crystal Palace,0.0,2.0,A,1997-1998,2056
2057,Leicester,Man United,0.0,0.0,D,1997-1998,2057
2058,Newcastle,Aston Villa,1.0,0.0,H,1997-1998,2058
2059,Southampton,Arsenal,1.0,3.0,A,1997-1998,2059
2060,Tottenham,Derby,1.0,0.0,H,1997-1998,2060
2061,Wimbledon,Sheffield Weds,1.0,1.0,D,1997-1998,2061
2062,Barnsley,Chelsea,0.0,6.0,A,1997-1998,2062
2063,Blackburn,Sheffield Weds,7.0,2.0,H,1997-1998,2063
2064,Leeds,Liverpool,0.0,2.0,A,1997-1998,2064
2065,Barnsley,Bolton,2.0,1.0,H,1997-1998,2065
2066,Coventry,West Ham,1.0,1.0,D,1997-1998,2066
2067,Everton,Man United,0.0,2.0,A,1997-1998,2067
2068,Leicester,Arsenal,3.0,3.0,D,1997-1998,2068
2069,Southampton,Crystal Palace,1.0,0.0,H,1997-1998,2069
2070,Tottenham,Aston Villa,3.0,2.0,H,1997-1998,2070
2071,Wimbledon,Chelsea,0.0,2.0,A,1997-1998,2071
2072,Arsenal,Tottenham,0.0,0.0,D,1997-1998,2072
2073,Aston Villa,Leeds,1.0,0.0,H,1997-1998,2073
2074,Chelsea,Southampton,4.0,2.0,H,1997-1998,2074
2075,Crystal Palace,Blackburn,1.0,2.0,A,1997-1998,2075
2076,Derby,Barnsley,1.0,0.0,H,1997-1998,2076
2077,Man United,Coventry,3.0,0.0,H,1997-1998,2077
2078,Sheffield Weds,Leicester,1.0,0.0,H,1997-1998,2078
2079,West Ham,Wimbledon,3.0,1.0,H,1997-1998,2079
2080,Bolton,Everton,0.0,0.0,D,1997-1998,2080
2081,Arsenal,Bolton,4.0,1.0,H,1997-1998,2081
2082,Barnsley,Aston Villa,0.0,3.0,A,1997-1998,2082
2083,Coventry,Southampton,1.0,0.0,H,1997-1998,2083
2084,Crystal Palace,Chelsea,0.0,3.0,A,1997-1998,2084
2085,Derby,Everton,3.0,1.0,H,1997-1998,2085
2086,Leicester,Tottenham,3.0,0.0,H,1997-1998,2086
2087,Liverpool,Sheffield Weds,2.0,1.0,H,1997-1998,2087
2088,Man United,West Ham,2.0,1.0,H,1997-1998,2088
2089,Newcastle,Wimbledon,1.0,3.0,A,1997-1998,2089
2090,Blackburn,Leeds,3.0,4.0,A,1997-1998,2090
2091,Aston Villa,Derby,2.0,1.0,H,1997-1998,2091
2092,Bolton,Man United,0.0,0.0,D,1997-1998,2092
2093,Everton,Barnsley,4.0,2.0,H,1997-1998,2093
2094,Leeds,Leicester,0.0,1.0,A,1997-1998,2094
2095,Sheffield Weds,Coventry,0.0,0.0,D,1997-1998,2095
2096,Southampton,Liverpool,1.0,1.0,D,1997-1998,2096
2097,Tottenham,Blackburn,0.0,0.0,D,1997-1998,2097
2098,West Ham,Newcastle,0.0,1.0,A,1997-1998,2098
2099,Wimbledon,Crystal Palace,0.0,1.0,A,1997-1998,2099
2100,Chelsea,Arsenal,2.0,3.0,A,1997-1998,2100
2101,Liverpool,Aston Villa,3.0,0.0,H,1997-1998,2101
2102,Bolton,Tottenham,1.0,1.0,D,1997-1998,2102
2103,Wimbledon,Barnsley,4.0,1.0,H,1997-1998,2103
2104,Arsenal,West Ham,4.0,0.0,H,1997-1998,2104
2105,Coventry,Crystal Palace,1.0,1.0,D,1997-1998,2105
2106,Leicester,Blackburn,1.0,1.0,D,1997-1998,2106
2107,Man United,Chelsea,2.0,2.0,D,1997-1998,2107
2108,Newcastle,Everton,1.0,0.0,H,1997-1998,2108
2109,Sheffield Weds,Derby,2.0,5.0,A,1997-1998,2109
2110,Southampton,Leeds,0.0,2.0,A,1997-1998,2110
2111,Aston Villa,Sheffield Weds,2.0,2.0,D,1997-1998,2111
2112,Barnsley,Leicester,0.0,2.0,A,1997-1998,2112
2113,Chelsea,Newcastle,1.0,0.0,H,1997-1998,2113
2114,Crystal Palace,Bolton,2.0,2.0,D,1997-1998,2114
2115,Derby,Southampton,4.0,0.0,H,1997-1998,2115
2116,Everton,Arsenal,2.0,2.0,D,1997-1998,2116
2117,Leeds,Man United,1.0,0.0,H,1997-1998,2117
2118,Tottenham,Wimbledon,0.0,0.0,D,1997-1998,2118
2119,West Ham,Liverpool,2.0,1.0,H,1997-1998,2119
2120,Blackburn,Coventry,0.0,0.0,D,1997-1998,2120
2121,Arsenal,Barnsley,5.0,0.0,H,1997-1998,2121
2122,Bolton,Aston Villa,0.0,1.0,A,1997-1998,2122
2123,Coventry,Leeds,0.0,0.0,D,1997-1998,2123
2124,Man United,Crystal Palace,2.0,0.0,H,1997-1998,2124
2125,Newcastle,Tottenham,1.0,0.0,H,1997-1998,2125
2126,Sheffield Weds,Everton,3.0,1.0,H,1997-1998,2126
2127,Southampton,West Ham,3.0,0.0,H,1997-1998,2127
2128,Wimbledon,Blackburn,0.0,1.0,A,1997-1998,2128
2129,Liverpool,Chelsea,4.0,2.0,H,1997-1998,2129
2130,Leicester,Derby,1.0,2.0,A,1997-1998,2130
2131,Aston Villa,Wimbledon,1.0,2.0,A,1997-1998,2131
2132,Blackburn,Southampton,1.0,0.0,H,1997-1998,2132
2133,Chelsea,Leicester,1.0,0.0,H,1997-1998,2133
2134,Crystal Palace,Arsenal,0.0,0.0,D,1997-1998,2134
2135,Derby,Man United,2.0,2.0,D,1997-1998,2135
2136,Everton,Liverpool,2.0,0.0,H,1997-1998,2136
2137,Leeds,Newcastle,4.0,1.0,H,1997-1998,2137
2138,West Ham,Bolton,3.0,0.0,H,1997-1998,2138
2139,Tottenham,Sheffield Weds,3.0,2.0,H,1997-1998,2139
2140,Barnsley,Coventry,2.0,0.0,H,1997-1998,2140
2141,Derby,Wimbledon,1.0,1.0,D,1997-1998,2141
2142,Coventry,Everton,0.0,0.0,D,1997-1998,2142
2143,Liverpool,Derby,4.0,0.0,H,1997-1998,2143
2144,Man United,Barnsley,7.0,0.0,H,1997-1998,2144
2145,Newcastle,Blackburn,1.0,1.0,D,1997-1998,2145
2146,Sheffield Weds,Crystal Palace,1.0,3.0,A,1997-1998,2146
2147,Southampton,Tottenham,3.0,2.0,H,1997-1998,2147
2148,Wimbledon,Leeds,1.0,0.0,H,1997-1998,2148
2149,Arsenal,Aston Villa,0.0,0.0,D,1997-1998,2149
2150,Bolton,Chelsea,1.0,0.0,H,1997-1998,2150
2151,Leicester,West Ham,2.0,1.0,H,1997-1998,2151
2152,Aston Villa,Chelsea,0.0,2.0,A,1997-1998,2152
2153,Barnsley,Blackburn,1.0,1.0,D,1997-1998,2153
2154,Bolton,Liverpool,1.0,1.0,D,1997-1998,2154
2155,Derby,Arsenal,3.0,0.0,H,1997-1998,2155
2156,Man United,Sheffield Weds,6.0,1.0,H,1997-1998,2156
2157,Newcastle,Leicester,3.0,3.0,D,1997-1998,2157
2158,Tottenham,Leeds,0.0,1.0,A,1997-1998,2158
2159,Wimbledon,Coventry,1.0,2.0,A,1997-1998,2159
2160,Everton,Southampton,0.0,2.0,A,1997-1998,2160
2161,Blackburn,Everton,3.0,2.0,H,1997-1998,2161
2162,Coventry,Newcastle,2.0,2.0,D,1997-1998,2162
2163,Crystal Palace,Aston Villa,1.0,1.0,D,1997-1998,2163
2164,Leeds,Derby,4.0,3.0,H,1997-1998,2164
2165,Liverpool,Tottenham,4.0,0.0,H,1997-1998,2165
2166,Sheffield Weds,Bolton,5.0,0.0,H,1997-1998,2166
2167,Southampton,Barnsley,4.0,1.0,H,1997-1998,2167
2168,Arsenal,Man United,3.0,2.0,H,1997-1998,2168
2169,Chelsea,West Ham,2.0,1.0,H,1997-1998,2169
2170,Leicester,Wimbledon,0.0,1.0,A,1997-1998,2170
2171,Aston Villa,Everton,2.0,1.0,H,1997-1998,2171
2172,Blackburn,Chelsea,1.0,0.0,H,1997-1998,2172
2173,Derby,Coventry,3.0,1.0,H,1997-1998,2173
2174,Leicester,Bolton,0.0,0.0,D,1997-1998,2174
2175,Liverpool,Barnsley,0.0,1.0,A,1997-1998,2175
2176,Newcastle,Southampton,2.0,1.0,H,1997-1998,2176
2177,Sheffield Weds,Arsenal,2.0,0.0,H,1997-1998,2177
2178,Wimbledon,Man United,2.0,5.0,A,1997-1998,2178
2179,Leeds,West Ham,3.0,1.0,H,1997-1998,2179
2180,Tottenham,Crystal Palace,0.0,1.0,A,1997-1998,2180
2181,Chelsea,Everton,2.0,0.0,H,1997-1998,2181
2182,Barnsley,Leeds,2.0,3.0,A,1997-1998,2182
2183,Bolton,Wimbledon,1.0,0.0,H,1997-1998,2183
2184,Chelsea,Derby,4.0,0.0,H,1997-1998,2184
2185,Coventry,Leicester,0.0,2.0,A,1997-1998,2185
2186,Crystal Palace,Newcastle,1.0,2.0,A,1997-1998,2186
2187,Everton,Tottenham,0.0,2.0,A,1997-1998,2187
2188,Southampton,Sheffield Weds,2.0,3.0,A,1997-1998,2188
2189,West Ham,Aston Villa,2.0,1.0,H,1997-1998,2189
2190,Arsenal,Liverpool,0.0,1.0,A,1997-1998,2190
2191,Man United,Blackburn,4.0,0.0,H,1997-1998,2191
2192,Bolton,Newcastle,1.0,0.0,H,1997-1998,2192
2193,West Ham,Crystal Palace,4.0,1.0,H,1997-1998,2193
2194,Aston Villa,Coventry,3.0,0.0,H,1997-1998,2194
2195,Blackburn,Bolton,3.0,1.0,H,1997-1998,2195
2196,Derby,West Ham,2.0,0.0,H,1997-1998,2196
2197,Leeds,Everton,0.0,0.0,D,1997-1998,2197
2198,Leicester,Crystal Palace,1.0,1.0,D,1997-1998,2198
2199,Liverpool,Man United,1.0,3.0,A,1997-1998,2199
2200,Newcastle,Arsenal,0.0,1.0,A,1997-1998,2200
2201,Tottenham,Chelsea,1.0,6.0,A,1997-1998,2201
2202,Wimbledon,Southampton,1.0,0.0,H,1997-1998,2202
2203,Sheffield Weds,Barnsley,2.0,1.0,H,1997-1998,2203
2204,Arsenal,Blackburn,1.0,3.0,A,1997-1998,2204
2205,Barnsley,Newcastle,2.0,2.0,D,1997-1998,2205
2206,Chelsea,Leeds,0.0,0.0,D,1997-1998,2206
2207,Coventry,Tottenham,4.0,0.0,H,1997-1998,2207
2208,Crystal Palace,Liverpool,0.0,3.0,A,1997-1998,2208
2209,Everton,Wimbledon,0.0,0.0,D,1997-1998,2209
2210,Southampton,Leicester,2.0,1.0,H,1997-1998,2210
2211,West Ham,Sheffield Weds,1.0,0.0,H,1997-1998,2211
2212,Bolton,Derby,3.0,3.0,D,1997-1998,2212
2213,Man United,Aston Villa,1.0,0.0,H,1997-1998,2213
2214,Newcastle,Derby,0.0,0.0,D,1997-1998,2214
2215,Aston Villa,Southampton,1.0,1.0,D,1997-1998,2215
2216,Blackburn,West Ham,3.0,0.0,H,1997-1998,2216
2217,Derby,Crystal Palace,0.0,0.0,D,1997-1998,2217
2218,Leeds,Bolton,2.0,0.0,H,1997-1998,2218
2219,Leicester,Everton,0.0,1.0,A,1997-1998,2219
2220,Liverpool,Coventry,1.0,0.0,H,1997-1998,2220
2221,Sheffield Weds,Chelsea,1.0,4.0,A,1997-1998,2221
2222,Tottenham,Barnsley,3.0,0.0,H,1997-1998,2222
2223,Newcastle,Man United,0.0,1.0,A,1997-1998,2223
2224,Arsenal,Leicester,2.0,1.0,H,1997-1998,2224
2225,Aston Villa,Tottenham,4.0,1.0,H,1997-1998,2225
2226,Bolton,Barnsley,1.0,1.0,D,1997-1998,2226
2227,Chelsea,Wimbledon,1.0,1.0,D,1997-1998,2227
2228,Crystal Palace,Southampton,1.0,1.0,D,1997-1998,2228
2229,Derby,Newcastle,1.0,0.0,H,1997-1998,2229
2230,Liverpool,Leeds,3.0,1.0,H,1997-1998,2230
2231,Man United,Everton,2.0,0.0,H,1997-1998,2231
2232,Sheffield Weds,Blackburn,0.0,0.0,D,1997-1998,2232
2233,West Ham,Coventry,1.0,0.0,H,1997-1998,2233
2234,Barnsley,Derby,1.0,0.0,H,1997-1998,2234
2235,Blackburn,Crystal Palace,2.0,2.0,D,1997-1998,2235
2236,Coventry,Man United,3.0,2.0,H,1997-1998,2236
2237,Everton,Bolton,3.0,2.0,H,1997-1998,2237
2238,Leeds,Aston Villa,1.0,1.0,D,1997-1998,2238
2239,Leicester,Sheffield Weds,1.0,1.0,D,1997-1998,2239
2240,Newcastle,Liverpool,1.0,2.0,A,1997-1998,2240
2241,Tottenham,Arsenal,1.0,1.0,D,1997-1998,2241
2242,Wimbledon,West Ham,1.0,2.0,A,1997-1998,2242
2243,Southampton,Chelsea,1.0,0.0,H,1997-1998,2243
2244,Arsenal,Leeds,2.0,1.0,H,1997-1998,2244
2245,Aston Villa,Leicester,1.0,1.0,D,1997-1998,2245
2246,Bolton,Southampton,0.0,0.0,D,1997-1998,2246
2247,Chelsea,Coventry,3.0,1.0,H,1997-1998,2247
2248,Crystal Palace,Everton,1.0,3.0,A,1997-1998,2248
2249,Liverpool,Wimbledon,2.0,0.0,H,1997-1998,2249
2250,Man United,Tottenham,2.0,0.0,H,1997-1998,2250
2251,Sheffield Weds,Newcastle,2.0,1.0,H,1997-1998,2251
2252,West Ham,Barnsley,6.0,0.0,H,1997-1998,2252
2253,Derby,Blackburn,3.0,1.0,H,1997-1998,2253
2254,Barnsley,Crystal Palace,1.0,0.0,H,1997-1998,2254
2255,Blackburn,Aston Villa,5.0,0.0,H,1997-1998,2255
2256,Coventry,Arsenal,2.0,2.0,D,1997-1998,2256
2257,Leeds,Sheffield Weds,1.0,2.0,A,1997-1998,2257
2258,Leicester,Liverpool,0.0,0.0,D,1997-1998,2258
2259,Newcastle,Bolton,2.0,1.0,H,1997-1998,2259
2260,Tottenham,West Ham,1.0,0.0,H,1997-1998,2260
2261,Wimbledon,Derby,0.0,0.0,D,1997-1998,2261
2262,Everton,Chelsea,3.0,1.0,H,1997-1998,2262
2263,Southampton,Man United,1.0,0.0,H,1997-1998,2263
2264,Liverpool,Newcastle,1.0,0.0,H,1997-1998,2264
2265,Arsenal,Southampton,3.0,0.0,H,1997-1998,2265
2266,Bolton,Coventry,1.0,5.0,A,1997-1998,2266
2267,Chelsea,Barnsley,2.0,0.0,H,1997-1998,2267
2268,Crystal Palace,Leeds,0.0,2.0,A,1997-1998,2268
2269,Derby,Tottenham,2.0,1.0,H,1997-1998,2269
2270,Liverpool,Blackburn,0.0,0.0,D,1997-1998,2270
2271,Man United,Leicester,0.0,1.0,A,1997-1998,2271
2272,Sheffield Weds,Wimbledon,1.0,1.0,D,1997-1998,2272
2273,West Ham,Everton,2.0,2.0,D,1997-1998,2273
2274,Aston Villa,Newcastle,0.0,1.0,A,1997-1998,2274
2275,Barnsley,Everton,2.0,2.0,D,1997-1998,2275
2276,Blackburn,Tottenham,0.0,3.0,A,1997-1998,2276
2277,Coventry,Sheffield Weds,1.0,0.0,H,1997-1998,2277
2278,Derby,Aston Villa,0.0,1.0,A,1997-1998,2278
2279,Leicester,Leeds,1.0,0.0,H,1997-1998,2279
2280,Liverpool,Southampton,2.0,3.0,A,1997-1998,2280
2281,Man United,Bolton,1.0,1.0,D,1997-1998,2281
2282,Newcastle,West Ham,0.0,1.0,A,1997-1998,2282
2283,Arsenal,Chelsea,2.0,0.0,H,1997-1998,2283
2284,Crystal Palace,Wimbledon,0.0,3.0,A,1997-1998,2284
2285,Everton,Derby,1.0,2.0,A,1997-1998,2285
2286,Sheffield Weds,Liverpool,3.0,3.0,D,1997-1998,2286
2287,Tottenham,Leicester,1.0,1.0,D,1997-1998,2287
2288,Aston Villa,Man United,0.0,2.0,A,1997-1998,2288
2289,Southampton,Coventry,1.0,2.0,A,1997-1998,2289
2290,Arsenal,Crystal Palace,1.0,0.0,H,1997-1998,2290
2291,Bolton,West Ham,1.0,1.0,D,1997-1998,2291
2292,Coventry,Barnsley,1.0,0.0,H,1997-1998,2292
2293,Leicester,Chelsea,2.0,0.0,H,1997-1998,2293
2294,Man United,Derby,2.0,0.0,H,1997-1998,2294
2295,Sheffield Weds,Tottenham,1.0,0.0,H,1997-1998,2295
2296,Southampton,Blackburn,3.0,0.0,H,1997-1998,2296
2297,Wimbledon,Aston Villa,2.0,1.0,H,1997-1998,2297
2298,Newcastle,Leeds,1.0,1.0,D,1997-1998,2298
2299,Liverpool,Everton,1.0,1.0,D,1997-1998,2299
2300,Aston Villa,Liverpool,2.0,1.0,H,1997-1998,2300
2301,Barnsley,Wimbledon,2.0,1.0,H,1997-1998,2301
2302,Blackburn,Leicester,5.0,3.0,H,1997-1998,2302
2303,Chelsea,Man United,0.0,1.0,A,1997-1998,2303
2304,Crystal Palace,Coventry,0.0,3.0,A,1997-1998,2304
2305,Derby,Sheffield Weds,3.0,0.0,H,1997-1998,2305
2306,Everton,Newcastle,0.0,0.0,D,1997-1998,2306
2307,Leeds,Southampton,0.0,1.0,A,1997-1998,2307
2308,Tottenham,Bolton,1.0,0.0,H,1997-1998,2308
2309,West Ham,Arsenal,0.0,0.0,D,1997-1998,2309
2310,Leeds,Tottenham,1.0,0.0,H,1997-1998,2310
2311,Liverpool,Bolton,2.0,1.0,H,1997-1998,2311
2312,Sheffield Weds,Man United,2.0,0.0,H,1997-1998,2312
2313,Southampton,Everton,2.0,1.0,H,1997-1998,2313
2314,Chelsea,Aston Villa,0.0,1.0,A,1997-1998,2314
2315,Aston Villa,Barnsley,0.0,1.0,A,1997-1998,2315
2316,Chelsea,Crystal Palace,6.0,2.0,H,1997-1998,2316
2317,Leeds,Blackburn,4.0,0.0,H,1997-1998,2317
2318,West Ham,Man United,1.0,1.0,D,1997-1998,2318
2319,Wimbledon,Arsenal,0.0,1.0,A,1997-1998,2319
2320,Aston Villa,Crystal Palace,3.0,1.0,H,1997-1998,2320
2321,Barnsley,Southampton,4.0,3.0,H,1997-1998,2321
2322,Bolton,Sheffield Weds,3.0,2.0,H,1997-1998,2322
2323,Everton,Blackburn,1.0,0.0,H,1997-1998,2323
2324,Man United,Arsenal,0.0,1.0,A,1997-1998,2324
2325,Newcastle,Coventry,0.0,0.0,D,1997-1998,2325
2326,Tottenham,Liverpool,3.0,3.0,D,1997-1998,2326
2327,West Ham,Chelsea,2.0,1.0,H,1997-1998,2327
2328,Wimbledon,Leicester,2.0,1.0,H,1997-1998,2328
2329,Derby,Leeds,0.0,5.0,A,1997-1998,2329
2330,Newcastle,Crystal Palace,1.0,2.0,A,1997-1998,2330
2331,Arsenal,Sheffield Weds,1.0,0.0,H,1997-1998,2331
2332,Barnsley,Liverpool,2.0,3.0,A,1997-1998,2332
2333,Bolton,Leicester,2.0,0.0,H,1997-1998,2333
2334,Coventry,Derby,1.0,0.0,H,1997-1998,2334
2335,Crystal Palace,Tottenham,1.0,3.0,A,1997-1998,2335
2336,Everton,Aston Villa,1.0,4.0,A,1997-1998,2336
2337,Man United,Wimbledon,2.0,0.0,H,1997-1998,2337
2338,Southampton,Newcastle,2.0,1.0,H,1997-1998,2338
2339,West Ham,Leeds,3.0,0.0,H,1997-1998,2339
2340,Blackburn,Barnsley,2.0,1.0,H,1997-1998,2340
2341,Bolton,Arsenal,0.0,1.0,A,1997-1998,2341
2342,Wimbledon,Newcastle,0.0,0.0,D,1997-1998,2342
2343,Aston Villa,West Ham,2.0,0.0,H,1997-1998,2343
2344,Leeds,Barnsley,2.0,1.0,H,1997-1998,2344
2345,Leicester,Coventry,1.0,1.0,D,1997-1998,2345
2346,Sheffield Weds,Southampton,1.0,0.0,H,1997-1998,2346
2347,Tottenham,Everton,1.0,1.0,D,1997-1998,2347
2348,Wimbledon,Bolton,0.0,0.0,D,1997-1998,2348
2349,Derby,Chelsea,0.0,1.0,A,1997-1998,2349
2350,Blackburn,Man United,1.0,3.0,A,1997-1998,2350
2351,Leeds,Chelsea,3.0,1.0,H,1997-1998,2351
2352,Man United,Liverpool,1.0,1.0,D,1997-1998,2352
2353,Arsenal,Newcastle,3.0,1.0,H,1997-1998,2353
2354,Barnsley,Sheffield Weds,2.0,1.0,H,1997-1998,2354
2355,Bolton,Blackburn,2.0,1.0,H,1997-1998,2355
2356,Chelsea,Tottenham,2.0,0.0,H,1997-1998,2356
2357,Coventry,Aston Villa,1.0,2.0,A,1997-1998,2357
2358,Crystal Palace,Leicester,0.0,3.0,A,1997-1998,2358
2359,Everton,Leeds,2.0,0.0,H,1997-1998,2359
2360,Southampton,Wimbledon,0.0,1.0,A,1997-1998,2360
2361,West Ham,Derby,0.0,0.0,D,1997-1998,2361
2362,Blackburn,Arsenal,1.0,4.0,A,1997-1998,2362
2363,Derby,Bolton,4.0,0.0,H,1997-1998,2363
2364,Liverpool,Crystal Palace,2.0,1.0,H,1997-1998,2364
2365,Newcastle,Barnsley,2.0,1.0,H,1997-1998,2365
2366,Sheffield Weds,West Ham,1.0,1.0,D,1997-1998,2366
2367,Tottenham,Coventry,1.0,1.0,D,1997-1998,2367
2368,Wimbledon,Everton,0.0,0.0,D,1997-1998,2368
2369,Leicester,Southampton,3.0,3.0,D,1997-1998,2369
2370,Arsenal,Wimbledon,5.0,0.0,H,1997-1998,2370
2371,Barnsley,Tottenham,1.0,1.0,D,1997-1998,2371
2372,Bolton,Leeds,2.0,3.0,A,1997-1998,2372
2373,Crystal Palace,Derby,3.0,1.0,H,1997-1998,2373
2374,Everton,Leicester,1.0,1.0,D,1997-1998,2374
2375,Man United,Newcastle,1.0,1.0,D,1997-1998,2375
2376,Southampton,Aston Villa,1.0,2.0,A,1997-1998,2376
2377,West Ham,Blackburn,2.0,1.0,H,1997-1998,2377
2378,Chelsea,Sheffield Weds,1.0,0.0,H,1997-1998,2378
2379,Coventry,Liverpool,1.0,1.0,D,1997-1998,2379
2380,Aston Villa,Bolton,1.0,3.0,A,1997-1998,2380
2381,Barnsley,Arsenal,0.0,2.0,A,1997-1998,2381
2382,Blackburn,Wimbledon,0.0,0.0,D,1997-1998,2382
2383,Chelsea,Liverpool,4.0,1.0,H,1997-1998,2383
2384,Everton,Sheffield Weds,1.0,3.0,A,1997-1998,2384
2385,Leeds,Coventry,3.0,3.0,D,1997-1998,2385
2386,Tottenham,Newcastle,2.0,0.0,H,1997-1998,2386
2387,West Ham,Southampton,2.0,4.0,A,1997-1998,2387
2388,Derby,Leicester,0.0,4.0,A,1997-1998,2388
2389,Crystal Palace,Man United,0.0,3.0,A,1997-1998,2389
2390,Arsenal,Derby,1.0,0.0,H,1997-1998,2390
2391,Chelsea,Blackburn,0.0,1.0,A,1997-1998,2391
2392,Coventry,Wimbledon,0.0,0.0,D,1997-1998,2392
2393,Leicester,Newcastle,0.0,0.0,D,1997-1998,2393
2394,Bolton,Crystal Palace,5.0,2.0,H,1997-1998,2394
2395,Coventry,Blackburn,2.0,0.0,H,1997-1998,2395
2396,Leicester,Barnsley,1.0,0.0,H,1997-1998,2396
2397,Liverpool,West Ham,5.0,0.0,H,1997-1998,2397
2398,Newcastle,Chelsea,3.0,1.0,H,1997-1998,2398
2399,Sheffield Weds,Aston Villa,1.0,3.0,A,1997-1998,2399
2400,Southampton,Derby,0.0,2.0,A,1997-1998,2400
2401,Wimbledon,Tottenham,2.0,6.0,A,1997-1998,2401
2402,Arsenal,Everton,4.0,0.0,H,1997-1998,2402
2403,Man United,Leeds,3.0,0.0,H,1997-1998,2403
2404,Crystal Palace,West Ham,3.0,3.0,D,1997-1998,2404
2405,Liverpool,Arsenal,4.0,0.0,H,1997-1998,2405
2406,Aston Villa,Arsenal,1.0,0.0,H,1997-1998,2406
2407,Barnsley,Man United,0.0,2.0,A,1997-1998,2407
2408,Blackburn,Newcastle,1.0,0.0,H,1997-1998,2408
2409,Chelsea,Bolton,2.0,0.0,H,1997-1998,2409
2410,Crystal Palace,Sheffield Weds,1.0,0.0,H,1997-1998,2410
2411,Derby,Liverpool,1.0,0.0,H,1997-1998,2411
2412,Everton,Coventry,1.0,1.0,D,1997-1998,2412
2413,Leeds,Wimbledon,1.0,1.0,D,1997-1998,2413
2414,Tottenham,Southampton,1.0,1.0,D,1997-1998,2414
2415,West Ham,Leicester,4.0,3.0,H,1997-1998,2415
2416,Blackburn,Derby,0.0,0.0,D,1998-1999,2416
2417,Coventry,Chelsea,2.0,1.0,H,1998-1999,2417
2418,Everton,Aston Villa,0.0,0.0,D,1998-1999,2418
2419,Man United,Leicester,2.0,2.0,D,1998-1999,2419
2420,Middlesbrough,Leeds,0.0,0.0,D,1998-1999,2420
2421,Newcastle,Charlton,0.0,0.0,D,1998-1999,2421
2422,Sheffield Weds,West Ham,0.0,1.0,A,1998-1999,2422
2423,Wimbledon,Tottenham,3.0,1.0,H,1998-1999,2423
2424,Southampton,Liverpool,1.0,2.0,A,1998-1999,2424
2425,Arsenal,Nott'm Forest,2.0,1.0,H,1998-1999,2425
2426,Charlton,Southampton,5.0,0.0,H,1998-1999,2426
2427,Chelsea,Newcastle,1.0,1.0,D,1998-1999,2427
2428,Derby,Wimbledon,0.0,0.0,D,1998-1999,2428
2429,Leicester,Everton,2.0,0.0,H,1998-1999,2429
2430,Liverpool,Arsenal,0.0,0.0,D,1998-1999,2430
2431,Nott'm Forest,Coventry,1.0,0.0,H,1998-1999,2431
2432,Tottenham,Sheffield Weds,0.0,3.0,A,1998-1999,2432
2433,West Ham,Man United,0.0,0.0,D,1998-1999,2433
2434,Aston Villa,Middlesbrough,3.0,1.0,H,1998-1999,2434
2435,Leeds,Blackburn,1.0,0.0,H,1998-1999,2435
2436,Arsenal,Charlton,0.0,0.0,D,1998-1999,2436
2437,Blackburn,Leicester,1.0,0.0,H,1998-1999,2437
2438,Coventry,West Ham,0.0,0.0,D,1998-1999,2438
2439,Everton,Tottenham,0.0,1.0,A,1998-1999,2439
2440,Middlesbrough,Derby,1.0,1.0,D,1998-1999,2440
2441,Sheffield Weds,Aston Villa,0.0,1.0,A,1998-1999,2441
2442,Southampton,Nott'm Forest,1.0,2.0,A,1998-1999,2442
2443,Wimbledon,Leeds,1.0,1.0,D,1998-1999,2443
2444,Newcastle,Liverpool,1.0,4.0,A,1998-1999,2444
2445,Leeds,Southampton,3.0,0.0,H,1998-1999,2445
2446,Nott'm Forest,Everton,0.0,2.0,A,1998-1999,2446
2447,Aston Villa,Newcastle,1.0,0.0,H,1998-1999,2447
2448,Chelsea,Arsenal,0.0,0.0,D,1998-1999,2448
2449,Derby,Sheffield Weds,1.0,0.0,H,1998-1999,2449
2450,Leicester,Middlesbrough,0.0,1.0,A,1998-1999,2450
2451,Liverpool,Coventry,2.0,0.0,H,1998-1999,2451
2452,Man United,Charlton,4.0,1.0,H,1998-1999,2452
2453,Tottenham,Blackburn,2.0,1.0,H,1998-1999,2453
2454,West Ham,Wimbledon,3.0,4.0,A,1998-1999,2454
2455,Aston Villa,Wimbledon,2.0,0.0,H,1998-1999,2455
2456,Charlton,Derby,1.0,2.0,A,1998-1999,2456
2457,Chelsea,Nott'm Forest,2.0,1.0,H,1998-1999,2457
2458,Everton,Leeds,0.0,0.0,D,1998-1999,2458
2459,Leicester,Arsenal,1.0,1.0,D,1998-1999,2459
2460,Man United,Coventry,2.0,0.0,H,1998-1999,2460
2461,Newcastle,Southampton,4.0,0.0,H,1998-1999,2461
2462,Sheffield Weds,Blackburn,3.0,0.0,H,1998-1999,2462
2463,West Ham,Liverpool,2.0,1.0,H,1998-1999,2463
2464,Tottenham,Middlesbrough,0.0,3.0,A,1998-1999,2464
2465,Coventry,Newcastle,1.0,5.0,A,1998-1999,2465
2466,Derby,Leicester,2.0,0.0,H,1998-1999,2466
2467,Leeds,Aston Villa,0.0,0.0,D,1998-1999,2467
2468,Liverpool,Charlton,3.0,3.0,D,1998-1999,2468
2469,Middlesbrough,Everton,2.0,2.0,D,1998-1999,2469
2470,Nott'm Forest,West Ham,0.0,0.0,D,1998-1999,2470
2471,Southampton,Tottenham,1.0,1.0,D,1998-1999,2471
2472,Wimbledon,Sheffield Weds,2.0,1.0,H,1998-1999,2472
2473,Arsenal,Man United,3.0,0.0,H,1998-1999,2473
2474,Blackburn,Chelsea,3.0,4.0,A,1998-1999,2474
2475,Man United,Liverpool,2.0,0.0,H,1998-1999,2475
2476,Aston Villa,Derby,1.0,0.0,H,1998-1999,2476
2477,Charlton,Coventry,1.0,1.0,D,1998-1999,2477
2478,Chelsea,Middlesbrough,2.0,0.0,H,1998-1999,2478
2479,Everton,Blackburn,0.0,0.0,D,1998-1999,2479
2480,Newcastle,Nott'm Forest,2.0,0.0,H,1998-1999,2480
2481,Sheffield Weds,Arsenal,1.0,0.0,H,1998-1999,2481
2482,Tottenham,Leeds,3.0,3.0,D,1998-1999,2482
2483,Leicester,Wimbledon,1.0,1.0,D,1998-1999,2483
2484,West Ham,Southampton,1.0,0.0,H,1998-1999,2484
2485,Blackburn,West Ham,3.0,0.0,H,1998-1999,2485
2486,Coventry,Aston Villa,1.0,2.0,A,1998-1999,2486
2487,Derby,Tottenham,0.0,1.0,A,1998-1999,2487
2488,Leeds,Leicester,0.0,1.0,A,1998-1999,2488
2489,Middlesbrough,Sheffield Weds,4.0,0.0,H,1998-1999,2489
2490,Nott'm Forest,Charlton,0.0,1.0,A,1998-1999,2490
2491,Southampton,Man United,0.0,3.0,A,1998-1999,2491
2492,Wimbledon,Everton,1.0,2.0,A,1998-1999,2492
2493,Arsenal,Newcastle,3.0,0.0,H,1998-1999,2493
2494,Liverpool,Chelsea,1.0,1.0,D,1998-1999,2494
2495,Arsenal,Southampton,1.0,1.0,D,1998-1999,2495
2496,Chelsea,Charlton,2.0,1.0,H,1998-1999,2496
2497,Everton,Liverpool,0.0,0.0,D,1998-1999,2497
2498,Man United,Wimbledon,5.0,1.0,H,1998-1999,2498
2499,Middlesbrough,Blackburn,2.0,1.0,H,1998-1999,2499
2500,Newcastle,Derby,2.0,1.0,H,1998-1999,2500
2501,Nott'm Forest,Leeds,1.0,1.0,D,1998-1999,2501
2502,West Ham,Aston Villa,0.0,0.0,D,1998-1999,2502
2503,Coventry,Sheffield Weds,1.0,0.0,H,1998-1999,2503
2504,Leicester,Tottenham,2.0,1.0,H,1998-1999,2504
2505,Aston Villa,Leicester,1.0,1.0,D,1998-1999,2505
2506,Charlton,West Ham,4.0,2.0,H,1998-1999,2506
2507,Derby,Man United,1.0,1.0,D,1998-1999,2507
2508,Liverpool,Nott'm Forest,5.0,1.0,H,1998-1999,2508
2509,Sheffield Weds,Everton,0.0,0.0,D,1998-1999,2509
2510,Southampton,Coventry,2.0,1.0,H,1998-1999,2510
2511,Tottenham,Newcastle,2.0,0.0,H,1998-1999,2511
2512,Wimbledon,Middlesbrough,2.0,2.0,D,1998-1999,2512
2513,Blackburn,Arsenal,1.0,2.0,A,1998-1999,2513
2514,Leeds,Chelsea,0.0,0.0,D,1998-1999,2514
2515,Coventry,Arsenal,0.0,1.0,A,1998-1999,2515
2516,Derby,Leeds,2.0,2.0,D,1998-1999,2516
2517,Everton,Man United,1.0,4.0,A,1998-1999,2517
2518,Leicester,Liverpool,1.0,0.0,H,1998-1999,2518
2519,Newcastle,West Ham,0.0,3.0,A,1998-1999,2519
2520,Sheffield Weds,Southampton,0.0,0.0,D,1998-1999,2520
2521,Wimbledon,Blackburn,1.0,1.0,D,1998-1999,2521
2522,Middlesbrough,Nott'm Forest,1.0,1.0,D,1998-1999,2522
2523,Tottenham,Charlton,2.0,2.0,D,1998-1999,2523
2524,Aston Villa,Tottenham,3.0,2.0,H,1998-1999,2524
2525,Blackburn,Coventry,1.0,2.0,A,1998-1999,2525
2526,Charlton,Leicester,0.0,0.0,D,1998-1999,2526
2527,Liverpool,Derby,1.0,2.0,A,1998-1999,2527
2528,Nott'm Forest,Wimbledon,0.0,1.0,A,1998-1999,2528
2529,Southampton,Middlesbrough,3.0,3.0,D,1998-1999,2529
2530,Arsenal,Everton,1.0,0.0,H,1998-1999,2530
2531,Leeds,Sheffield Weds,2.0,1.0,H,1998-1999,2531
2532,Man United,Newcastle,0.0,0.0,D,1998-1999,2532
2533,West Ham,Chelsea,1.0,1.0,D,1998-1999,2533
2534,Arsenal,Tottenham,0.0,0.0,D,1998-1999,2534
2535,Charlton,Middlesbrough,1.0,1.0,D,1998-1999,2535
2536,Chelsea,Wimbledon,3.0,0.0,H,1998-1999,2536
2537,Liverpool,Leeds,1.0,3.0,A,1998-1999,2537
2538,Man United,Blackburn,3.0,2.0,H,1998-1999,2538
2539,Newcastle,Sheffield Weds,1.0,1.0,D,1998-1999,2539
2540,Southampton,Aston Villa,1.0,4.0,A,1998-1999,2540
2541,West Ham,Leicester,3.0,2.0,H,1998-1999,2541
2542,Coventry,Everton,3.0,0.0,H,1998-1999,2542
2543,Nott'm Forest,Derby,2.0,2.0,D,1998-1999,2543
2544,Aston Villa,Liverpool,2.0,4.0,A,1998-1999,2544
2545,Blackburn,Southampton,0.0,2.0,A,1998-1999,2545
2546,Leeds,Charlton,4.0,1.0,H,1998-1999,2546
2547,Leicester,Chelsea,2.0,4.0,A,1998-1999,2547
2548,Middlesbrough,Coventry,2.0,0.0,H,1998-1999,2548
2549,Sheffield Weds,Man United,3.0,1.0,H,1998-1999,2549
2550,Tottenham,Nott'm Forest,2.0,0.0,H,1998-1999,2550
2551,Wimbledon,Arsenal,1.0,0.0,H,1998-1999,2551
2552,Derby,West Ham,0.0,2.0,A,1998-1999,2552
2553,Everton,Newcastle,1.0,0.0,H,1998-1999,2553
2554,Charlton,Everton,1.0,2.0,A,1998-1999,2554
2555,Chelsea,Sheffield Weds,1.0,1.0,D,1998-1999,2555
2556,Coventry,Leicester,1.0,1.0,D,1998-1999,2556
2557,Newcastle,Wimbledon,3.0,1.0,H,1998-1999,2557
2558,Nott'm Forest,Aston Villa,2.0,2.0,D,1998-1999,2558
2559,Southampton,Derby,0.0,1.0,A,1998-1999,2559
2560,West Ham,Tottenham,2.0,1.0,H,1998-1999,2560
2561,Arsenal,Middlesbrough,1.0,1.0,D,1998-1999,2561
2562,Liverpool,Blackburn,2.0,0.0,H,1998-1999,2562
2563,Man United,Leeds,3.0,2.0,H,1998-1999,2563
2564,Aston Villa,Man United,1.0,1.0,D,1998-1999,2564
2565,Blackburn,Charlton,1.0,0.0,H,1998-1999,2565
2566,Derby,Arsenal,0.0,0.0,D,1998-1999,2566
2567,Everton,Chelsea,0.0,0.0,D,1998-1999,2567
2568,Leeds,West Ham,4.0,0.0,H,1998-1999,2568
2569,Leicester,Southampton,2.0,0.0,H,1998-1999,2569
2570,Tottenham,Liverpool,2.0,1.0,H,1998-1999,2570
2571,Wimbledon,Coventry,2.0,1.0,H,1998-1999,2571
2572,Middlesbrough,Newcastle,2.0,2.0,D,1998-1999,2572
2573,Sheffield Weds,Nott'm Forest,3.0,2.0,H,1998-1999,2573
2574,Chelsea,Aston Villa,2.0,1.0,H,1998-1999,2574
2575,Blackburn,Newcastle,0.0,0.0,D,1998-1999,2575
2576,Derby,Chelsea,2.0,2.0,D,1998-1999,2576
2577,Everton,Southampton,1.0,0.0,H,1998-1999,2577
2578,Leicester,Nott'm Forest,3.0,1.0,H,1998-1999,2578
2579,Middlesbrough,West Ham,1.0,0.0,H,1998-1999,2579
2580,Sheffield Weds,Charlton,3.0,0.0,H,1998-1999,2580
2581,Tottenham,Man United,2.0,2.0,D,1998-1999,2581
2582,Aston Villa,Arsenal,3.0,2.0,H,1998-1999,2582
2583,Wimbledon,Liverpool,1.0,0.0,H,1998-1999,2583
2584,Leeds,Coventry,2.0,0.0,H,1998-1999,2584
2585,Man United,Chelsea,1.0,1.0,D,1998-1999,2585
2586,Chelsea,Tottenham,2.0,0.0,H,1998-1999,2586
2587,Coventry,Derby,1.0,1.0,D,1998-1999,2587
2588,Liverpool,Sheffield Weds,2.0,0.0,H,1998-1999,2588
2589,Man United,Middlesbrough,2.0,3.0,A,1998-1999,2589
2590,Newcastle,Leicester,1.0,0.0,H,1998-1999,2590
2591,Nott'm Forest,Blackburn,2.0,2.0,D,1998-1999,2591
2592,Southampton,Wimbledon,3.0,1.0,H,1998-1999,2592
2593,West Ham,Everton,2.0,1.0,H,1998-1999,2593
2594,Arsenal,Leeds,3.0,1.0,H,1998-1999,2594
2595,Charlton,Aston Villa,0.0,1.0,A,1998-1999,2595
2596,Arsenal,West Ham,1.0,0.0,H,1998-1999,2596
2597,Blackburn,Aston Villa,2.0,1.0,H,1998-1999,2597
2598,Coventry,Tottenham,1.0,1.0,D,1998-1999,2598
2599,Everton,Derby,0.0,0.0,D,1998-1999,2599
2600,Man United,Nott'm Forest,3.0,0.0,H,1998-1999,2600
2601,Middlesbrough,Liverpool,1.0,3.0,A,1998-1999,2601
2602,Newcastle,Leeds,0.0,3.0,A,1998-1999,2602
2603,Sheffield Weds,Leicester,0.0,1.0,A,1998-1999,2603
2604,Southampton,Chelsea,0.0,2.0,A,1998-1999,2604
2605,Wimbledon,Charlton,2.0,1.0,H,1998-1999,2605
2606,Aston Villa,Sheffield Weds,2.0,1.0,H,1998-1999,2606
2607,Charlton,Arsenal,0.0,1.0,A,1998-1999,2607
2608,Derby,Middlesbrough,2.0,1.0,H,1998-1999,2608
2609,Leicester,Blackburn,1.0,1.0,D,1998-1999,2609
2610,Liverpool,Newcastle,4.0,2.0,H,1998-1999,2610
2611,Nott'm Forest,Southampton,1.0,1.0,D,1998-1999,2611
2612,Tottenham,Everton,4.0,1.0,H,1998-1999,2612
2613,West Ham,Coventry,2.0,0.0,H,1998-1999,2613
2614,Chelsea,Man United,0.0,0.0,D,1998-1999,2614
2615,Leeds,Wimbledon,2.0,2.0,D,1998-1999,2615
2616,Arsenal,Liverpool,0.0,0.0,D,1998-1999,2616
2617,Blackburn,Leeds,1.0,0.0,H,1998-1999,2617
2618,Coventry,Nott'm Forest,4.0,0.0,H,1998-1999,2618
2619,Everton,Leicester,0.0,0.0,D,1998-1999,2619
2620,Middlesbrough,Aston Villa,0.0,0.0,D,1998-1999,2620
2621,Newcastle,Chelsea,0.0,1.0,A,1998-1999,2621
2622,Sheffield Weds,Tottenham,0.0,0.0,D,1998-1999,2622
2623,Southampton,Charlton,3.0,1.0,H,1998-1999,2623
2624,Wimbledon,Derby,2.0,1.0,H,1998-1999,2624
2625,Man United,West Ham,4.0,1.0,H,1998-1999,2625
2626,Chelsea,Coventry,2.0,1.0,H,1998-1999,2626
2627,Derby,Blackburn,1.0,0.0,H,1998-1999,2627
2628,Leeds,Middlesbrough,2.0,0.0,H,1998-1999,2628
2629,Leicester,Man United,2.0,6.0,A,1998-1999,2629
2630,Liverpool,Southampton,7.0,1.0,H,1998-1999,2630
2631,Nott'm Forest,Arsenal,0.0,1.0,A,1998-1999,2631
2632,Tottenham,Wimbledon,0.0,0.0,D,1998-1999,2632
2633,West Ham,Sheffield Weds,0.0,4.0,A,1998-1999,2633
2634,Charlton,Newcastle,2.0,2.0,D,1998-1999,2634
2635,Aston Villa,Everton,3.0,0.0,H,1998-1999,2635
2636,Blackburn,Tottenham,1.0,1.0,D,1998-1999,2636
2637,Coventry,Liverpool,2.0,1.0,H,1998-1999,2637
2638,Everton,Nott'm Forest,0.0,1.0,A,1998-1999,2638
2639,Middlesbrough,Leicester,0.0,0.0,D,1998-1999,2639
2640,Newcastle,Aston Villa,2.0,1.0,H,1998-1999,2640
2641,Sheffield Weds,Derby,0.0,1.0,A,1998-1999,2641
2642,Southampton,Leeds,3.0,0.0,H,1998-1999,2642
2643,Wimbledon,West Ham,0.0,0.0,D,1998-1999,2643
2644,Arsenal,Chelsea,1.0,0.0,H,1998-1999,2644
2645,Charlton,Man United,0.0,1.0,A,1998-1999,2645
2646,Man United,Derby,1.0,0.0,H,1998-1999,2646
2647,Aston Villa,Blackburn,1.0,3.0,A,1998-1999,2647
2648,Chelsea,Southampton,1.0,0.0,H,1998-1999,2648
2649,Leeds,Newcastle,0.0,1.0,A,1998-1999,2649
2650,Leicester,Sheffield Weds,0.0,2.0,A,1998-1999,2650
2651,Liverpool,Middlesbrough,3.0,1.0,H,1998-1999,2651
2652,Nott'm Forest,Man United,1.0,8.0,A,1998-1999,2652
2653,Tottenham,Coventry,0.0,0.0,D,1998-1999,2653
2654,West Ham,Arsenal,0.0,4.0,A,1998-1999,2654
2655,Derby,Everton,2.0,1.0,H,1998-1999,2655
2656,Charlton,Wimbledon,2.0,0.0,H,1998-1999,2656
2657,Charlton,Liverpool,1.0,0.0,H,1998-1999,2657
2658,West Ham,Nott'm Forest,2.0,1.0,H,1998-1999,2658
2659,Aston Villa,Leeds,1.0,2.0,A,1998-1999,2659
2660,Chelsea,Blackburn,1.0,1.0,D,1998-1999,2660
2661,Everton,Middlesbrough,5.0,0.0,H,1998-1999,2661
2662,Man United,Arsenal,1.0,1.0,D,1998-1999,2662
2663,Newcastle,Coventry,4.0,1.0,H,1998-1999,2663
2664,Arsenal,Leicester,5.0,0.0,H,1998-1999,2664
2665,Blackburn,Sheffield Weds,1.0,4.0,A,1998-1999,2665
2666,Coventry,Man United,0.0,1.0,A,1998-1999,2666
2667,Derby,Charlton,0.0,2.0,A,1998-1999,2667
2668,Leeds,Everton,1.0,0.0,H,1998-1999,2668
2669,Liverpool,West Ham,2.0,2.0,D,1998-1999,2669
2670,Middlesbrough,Tottenham,0.0,0.0,D,1998-1999,2670
2671,Nott'm Forest,Chelsea,1.0,3.0,A,1998-1999,2671
2672,Southampton,Newcastle,2.0,1.0,H,1998-1999,2672
2673,Wimbledon,Aston Villa,0.0,0.0,D,1998-1999,2673
2674,Aston Villa,Coventry,1.0,4.0,A,1998-1999,2674
2675,Charlton,Nott'm Forest,0.0,0.0,D,1998-1999,2675
2676,Chelsea,Liverpool,2.0,1.0,H,1998-1999,2676
2677,Everton,Wimbledon,1.0,1.0,D,1998-1999,2677
2678,Man United,Southampton,2.0,1.0,H,1998-1999,2678
2679,Sheffield Weds,Middlesbrough,3.0,1.0,H,1998-1999,2679
2680,Tottenham,Derby,1.0,1.0,D,1998-1999,2680
2681,West Ham,Blackburn,2.0,0.0,H,1998-1999,2681
2682,Newcastle,Arsenal,1.0,1.0,D,1998-1999,2682
2683,Leicester,Leeds,1.0,2.0,A,1998-1999,2683
2684,Tottenham,Southampton,3.0,0.0,H,1998-1999,2684
2685,Sheffield Weds,Wimbledon,1.0,2.0,A,1998-1999,2685
2686,Coventry,Charlton,2.0,1.0,H,1998-1999,2686
2687,Southampton,West Ham,1.0,0.0,H,1998-1999,2687
2688,Wimbledon,Leicester,0.0,1.0,A,1998-1999,2688
2689,Arsenal,Sheffield Weds,3.0,0.0,H,1998-1999,2689
2690,Blackburn,Everton,1.0,2.0,A,1998-1999,2690
2691,Derby,Aston Villa,2.0,1.0,H,1998-1999,2691
2692,Leeds,Tottenham,2.0,0.0,H,1998-1999,2692
2693,Nott'm Forest,Newcastle,1.0,2.0,A,1998-1999,2693
2694,Chelsea,West Ham,0.0,1.0,A,1998-1999,2694
2695,Coventry,Blackburn,1.0,1.0,D,1998-1999,2695
2696,Derby,Liverpool,3.0,2.0,H,1998-1999,2696
2697,Everton,Arsenal,0.0,2.0,A,1998-1999,2697
2698,Leicester,Charlton,1.0,1.0,D,1998-1999,2698
2699,Newcastle,Man United,1.0,2.0,A,1998-1999,2699
2700,Sheffield Weds,Leeds,0.0,2.0,A,1998-1999,2700
2701,Tottenham,Aston Villa,1.0,0.0,H,1998-1999,2701
2702,Wimbledon,Nott'm Forest,1.0,3.0,A,1998-1999,2702
2703,Middlesbrough,Southampton,3.0,0.0,H,1998-1999,2703
2704,Arsenal,Coventry,2.0,0.0,H,1998-1999,2704
2705,Blackburn,Wimbledon,3.0,1.0,H,1998-1999,2705
2706,Leeds,Derby,4.0,1.0,H,1998-1999,2706
2707,Nott'm Forest,Middlesbrough,1.0,2.0,A,1998-1999,2707
2708,Southampton,Sheffield Weds,1.0,0.0,H,1998-1999,2708
2709,West Ham,Newcastle,2.0,0.0,H,1998-1999,2709
2710,Aston Villa,Chelsea,0.0,3.0,A,1998-1999,2710
2711,Man United,Everton,3.0,1.0,H,1998-1999,2711
2712,Aston Villa,West Ham,0.0,0.0,D,1998-1999,2712
2713,Blackburn,Middlesbrough,0.0,0.0,D,1998-1999,2713
2714,Charlton,Chelsea,0.0,1.0,A,1998-1999,2714
2715,Derby,Newcastle,3.0,4.0,A,1998-1999,2715
2716,Leeds,Nott'm Forest,3.0,1.0,H,1998-1999,2716
2717,Liverpool,Everton,3.0,2.0,H,1998-1999,2717
2718,Sheffield Weds,Coventry,1.0,2.0,A,1998-1999,2718
2719,Southampton,Arsenal,0.0,0.0,D,1998-1999,2719
2720,Tottenham,Leicester,0.0,2.0,A,1998-1999,2720
2721,Wimbledon,Man United,1.0,1.0,D,1998-1999,2721
2722,Coventry,Southampton,1.0,0.0,H,1998-1999,2722
2723,Everton,Sheffield Weds,1.0,2.0,A,1998-1999,2723
2724,Middlesbrough,Wimbledon,3.0,1.0,H,1998-1999,2724
2725,Newcastle,Tottenham,1.0,1.0,D,1998-1999,2725
2726,Nott'm Forest,Liverpool,2.0,2.0,D,1998-1999,2726
2727,West Ham,Charlton,0.0,1.0,A,1998-1999,2727
2728,Arsenal,Blackburn,1.0,0.0,H,1998-1999,2728
2729,Leicester,Aston Villa,2.0,2.0,D,1998-1999,2729
2730,Aston Villa,Southampton,3.0,0.0,H,1998-1999,2730
2731,Derby,Nott'm Forest,1.0,0.0,H,1998-1999,2731
2732,Leicester,West Ham,0.0,0.0,D,1998-1999,2732
2733,Middlesbrough,Charlton,2.0,0.0,H,1998-1999,2733
2734,Everton,Coventry,2.0,0.0,H,1998-1999,2734
2735,Wimbledon,Chelsea,1.0,2.0,A,1998-1999,2735
2736,Leeds,Liverpool,0.0,0.0,D,1998-1999,2736
2737,Middlesbrough,Chelsea,0.0,0.0,D,1998-1999,2737
2738,Charlton,Leeds,1.0,1.0,D,1998-1999,2738
2739,Coventry,Middlesbrough,1.0,2.0,A,1998-1999,2739
2740,Liverpool,Aston Villa,0.0,1.0,A,1998-1999,2740
2741,Man United,Sheffield Weds,3.0,0.0,H,1998-1999,2741
2742,Newcastle,Everton,1.0,3.0,A,1998-1999,2742
2743,Nott'm Forest,Tottenham,0.0,1.0,A,1998-1999,2743
2744,Southampton,Blackburn,3.0,3.0,D,1998-1999,2744
2745,West Ham,Derby,5.0,1.0,H,1998-1999,2745
2746,Chelsea,Leicester,2.0,2.0,D,1998-1999,2746
2747,Arsenal,Wimbledon,5.0,1.0,H,1998-1999,2747
2748,Charlton,Tottenham,1.0,4.0,A,1998-1999,2748
2749,Liverpool,Leicester,0.0,1.0,A,1998-1999,2749
2750,Sheffield Weds,Newcastle,1.0,1.0,D,1998-1999,2750
2751,Aston Villa,Nott'm Forest,2.0,0.0,H,1998-1999,2751
2752,Blackburn,Liverpool,1.0,3.0,A,1998-1999,2752
2753,Derby,Southampton,0.0,0.0,D,1998-1999,2753
2754,Everton,Charlton,4.0,1.0,H,1998-1999,2754
2755,Leicester,Coventry,1.0,0.0,H,1998-1999,2755
2756,Middlesbrough,Arsenal,1.0,6.0,A,1998-1999,2756
2757,Tottenham,West Ham,1.0,2.0,A,1998-1999,2757
2758,Wimbledon,Newcastle,1.0,1.0,D,1998-1999,2758
2759,Leeds,Man United,1.0,1.0,D,1998-1999,2759
2760,Sheffield Weds,Chelsea,0.0,0.0,D,1998-1999,2760
2761,Charlton,Blackburn,0.0,0.0,D,1998-1999,2761
2762,Chelsea,Everton,3.0,1.0,H,1998-1999,2762
2763,Coventry,Wimbledon,2.0,1.0,H,1998-1999,2763
2764,Liverpool,Tottenham,3.0,2.0,H,1998-1999,2764
2765,Man United,Aston Villa,2.0,1.0,H,1998-1999,2765
2766,Newcastle,Middlesbrough,1.0,1.0,D,1998-1999,2766
2767,Nott'm Forest,Sheffield Weds,2.0,0.0,H,1998-1999,2767
2768,Southampton,Leicester,2.0,1.0,H,1998-1999,2768
2769,West Ham,Leeds,1.0,5.0,A,1998-1999,2769
2770,Arsenal,Derby,1.0,0.0,H,1998-1999,2770
2771,Chelsea,Leeds,1.0,0.0,H,1998-1999,2771
2772,Leicester,Derby,1.0,2.0,A,1998-1999,2772
2773,Liverpool,Man United,2.0,2.0,D,1998-1999,2773
2774,Tottenham,Arsenal,1.0,3.0,A,1998-1999,2774
2775,Aston Villa,Charlton,3.0,4.0,A,1998-1999,2775
2776,Blackburn,Nott'm Forest,1.0,2.0,A,1998-1999,2776
2777,Derby,Coventry,0.0,0.0,D,1998-1999,2777
2778,Everton,West Ham,6.0,0.0,H,1998-1999,2778
2779,Leicester,Newcastle,2.0,0.0,H,1998-1999,2779
2780,Sheffield Weds,Liverpool,1.0,0.0,H,1998-1999,2780
2781,Wimbledon,Southampton,0.0,2.0,A,1998-1999,2781
2782,Middlesbrough,Man United,0.0,1.0,A,1998-1999,2782
2783,Tottenham,Chelsea,2.0,2.0,D,1998-1999,2783
2784,Leeds,Arsenal,1.0,0.0,H,1998-1999,2784
2785,Blackburn,Man United,0.0,0.0,D,1998-1999,2785
2786,Arsenal,Aston Villa,1.0,0.0,H,1998-1999,2786
2787,Charlton,Sheffield Weds,0.0,1.0,A,1998-1999,2787
2788,Chelsea,Derby,2.0,1.0,H,1998-1999,2788
2789,Coventry,Leeds,2.0,2.0,D,1998-1999,2789
2790,Liverpool,Wimbledon,3.0,0.0,H,1998-1999,2790
2791,Man United,Tottenham,2.0,1.0,H,1998-1999,2791
2792,Newcastle,Blackburn,1.0,1.0,D,1998-1999,2792
2793,Nott'm Forest,Leicester,1.0,0.0,H,1998-1999,2793
2794,Southampton,Everton,2.0,0.0,H,1998-1999,2794
2795,West Ham,Middlesbrough,4.0,0.0,H,1998-1999,2795
2796,Arsenal,Leicester,2.0,1.0,H,1999-2000,2796
2797,Chelsea,Sunderland,4.0,0.0,H,1999-2000,2797
2798,Coventry,Southampton,0.0,1.0,A,1999-2000,2798
2799,Leeds,Derby,0.0,0.0,D,1999-2000,2799
2800,Middlesbrough,Bradford,0.0,1.0,A,1999-2000,2800
2801,Newcastle,Aston Villa,0.0,1.0,A,1999-2000,2801
2802,Sheffield Weds,Liverpool,1.0,2.0,A,1999-2000,2802
2803,Watford,Wimbledon,2.0,3.0,A,1999-2000,2803
2804,West Ham,Tottenham,1.0,0.0,H,1999-2000,2804
2805,Everton,Man United,1.0,1.0,D,1999-2000,2805
2806,Tottenham,Newcastle,3.0,1.0,H,1999-2000,2806
2807,Derby,Arsenal,1.0,2.0,A,1999-2000,2807
2808,Sunderland,Watford,2.0,0.0,H,1999-2000,2808
2809,Wimbledon,Middlesbrough,2.0,3.0,A,1999-2000,2809
2810,Aston Villa,Everton,3.0,0.0,H,1999-2000,2810
2811,Leicester,Coventry,1.0,0.0,H,1999-2000,2811
2812,Man United,Sheffield Weds,4.0,0.0,H,1999-2000,2812
2813,Southampton,Leeds,0.0,3.0,A,1999-2000,2813
2814,Bradford,Sheffield Weds,1.0,1.0,D,1999-2000,2814
2815,Derby,Middlesbrough,1.0,3.0,A,1999-2000,2815
2816,Leicester,Chelsea,2.0,2.0,D,1999-2000,2816
2817,Liverpool,Watford,0.0,1.0,A,1999-2000,2817
2818,Man United,Leeds,2.0,0.0,H,1999-2000,2818
2819,Sunderland,Arsenal,0.0,0.0,D,1999-2000,2819
2820,Tottenham,Everton,3.0,2.0,H,1999-2000,2820
2821,Wimbledon,Coventry,1.0,1.0,D,1999-2000,2821
2822,Southampton,Newcastle,4.0,2.0,H,1999-2000,2822
2823,Aston Villa,West Ham,2.0,2.0,D,1999-2000,2823
2824,Chelsea,Aston Villa,1.0,0.0,H,1999-2000,2824
2825,Coventry,Derby,2.0,0.0,H,1999-2000,2825
2826,Everton,Southampton,4.0,1.0,H,1999-2000,2826
2827,Leeds,Sunderland,2.0,1.0,H,1999-2000,2827
2828,Middlesbrough,Liverpool,1.0,0.0,H,1999-2000,2828
2829,Newcastle,Wimbledon,3.0,3.0,D,1999-2000,2829
2830,Sheffield Weds,Tottenham,1.0,2.0,A,1999-2000,2830
2831,Watford,Bradford,1.0,0.0,H,1999-2000,2831
2832,West Ham,Leicester,2.0,1.0,H,1999-2000,2832
2833,Arsenal,Man United,1.0,2.0,A,1999-2000,2833
2834,Leeds,Liverpool,1.0,2.0,A,1999-2000,2834
2835,Middlesbrough,Leicester,0.0,3.0,A,1999-2000,2835
2836,Watford,Aston Villa,0.0,1.0,A,1999-2000,2836
2837,Arsenal,Bradford,2.0,0.0,H,1999-2000,2837
2838,Coventry,Man United,1.0,2.0,A,1999-2000,2838
2839,Everton,Wimbledon,4.0,0.0,H,1999-2000,2839
2840,Newcastle,Sunderland,1.0,2.0,A,1999-2000,2840
2841,Sheffield Weds,Derby,0.0,2.0,A,1999-2000,2841
2842,Aston Villa,Middlesbrough,1.0,0.0,H,1999-2000,2842
2843,Bradford,West Ham,0.0,3.0,A,1999-2000,2843
2844,Derby,Everton,1.0,0.0,H,1999-2000,2844
2845,Liverpool,Arsenal,2.0,0.0,H,1999-2000,2845
2846,Southampton,Sheffield Weds,2.0,0.0,H,1999-2000,2846
2847,Tottenham,Leeds,1.0,2.0,A,1999-2000,2847
2848,Wimbledon,Chelsea,0.0,1.0,A,1999-2000,2848
2849,Sunderland,Coventry,1.0,1.0,D,1999-2000,2849
2850,Leicester,Watford,1.0,0.0,H,1999-2000,2850
2851,Man United,Newcastle,5.0,1.0,H,1999-2000,2851
2852,Arsenal,Aston Villa,3.0,1.0,H,1999-2000,2852
2853,Chelsea,Newcastle,1.0,0.0,H,1999-2000,2853
2854,Coventry,Leeds,3.0,4.0,A,1999-2000,2854
2855,Liverpool,Man United,2.0,3.0,A,1999-2000,2855
2856,Middlesbrough,Southampton,3.0,2.0,H,1999-2000,2856
2857,Sheffield Weds,Everton,0.0,2.0,A,1999-2000,2857
2858,Sunderland,Leicester,2.0,0.0,H,1999-2000,2858
2859,West Ham,Watford,1.0,0.0,H,1999-2000,2859
2860,Wimbledon,Derby,2.0,2.0,D,1999-2000,2860
2861,Bradford,Tottenham,1.0,1.0,D,1999-2000,2861
2862,Aston Villa,Bradford,1.0,0.0,H,1999-2000,2862
2863,Derby,Sunderland,0.0,5.0,A,1999-2000,2863
2864,Leicester,Liverpool,2.0,2.0,D,1999-2000,2864
2865,Man United,Wimbledon,1.0,1.0,D,1999-2000,2865
2866,Southampton,Arsenal,0.0,1.0,A,1999-2000,2866
2867,Watford,Chelsea,1.0,0.0,H,1999-2000,2867
2868,Everton,West Ham,1.0,0.0,H,1999-2000,2868
2869,Leeds,Middlesbrough,2.0,0.0,H,1999-2000,2869
2870,Newcastle,Sheffield Weds,8.0,0.0,H,1999-2000,2870
2871,Tottenham,Coventry,3.0,2.0,H,1999-2000,2871
2872,Arsenal,Watford,1.0,0.0,H,1999-2000,2872
2873,Coventry,West Ham,1.0,0.0,H,1999-2000,2873
2874,Derby,Bradford,0.0,1.0,A,1999-2000,2874
2875,Leeds,Newcastle,3.0,2.0,H,1999-2000,2875
2876,Leicester,Aston Villa,3.0,1.0,H,1999-2000,2876
2877,Man United,Southampton,3.0,3.0,D,1999-2000,2877
2878,Middlesbrough,Chelsea,0.0,1.0,A,1999-2000,2878
2879,Sunderland,Sheffield Weds,1.0,0.0,H,1999-2000,2879
2880,Wimbledon,Tottenham,1.0,1.0,D,1999-2000,2880
2881,Liverpool,Everton,0.0,1.0,A,1999-2000,2881
2882,Aston Villa,Liverpool,0.0,0.0,D,1999-2000,2882
2883,Bradford,Sunderland,0.0,4.0,A,1999-2000,2883
2884,Everton,Coventry,1.0,1.0,D,1999-2000,2884
2885,Sheffield Weds,Wimbledon,5.0,1.0,H,1999-2000,2885
2886,Chelsea,Man United,5.0,0.0,H,1999-2000,2886
2887,Newcastle,Middlesbrough,2.0,1.0,H,1999-2000,2887
2888,Tottenham,Leicester,2.0,3.0,A,1999-2000,2888
2889,Watford,Leeds,1.0,2.0,A,1999-2000,2889
2890,West Ham,Arsenal,2.0,1.0,H,1999-2000,2890
2891,Southampton,Derby,3.0,3.0,D,1999-2000,2891
2892,Arsenal,Everton,4.0,1.0,H,1999-2000,2892
2893,Coventry,Newcastle,4.0,1.0,H,1999-2000,2893
2894,Derby,Tottenham,0.0,1.0,A,1999-2000,2894
2895,Leeds,Sheffield Weds,2.0,0.0,H,1999-2000,2895
2896,Leicester,Southampton,2.0,1.0,H,1999-2000,2896
2897,Liverpool,Chelsea,1.0,0.0,H,1999-2000,2897
2898,Man United,Watford,4.0,1.0,H,1999-2000,2898
2899,Wimbledon,Bradford,3.0,2.0,H,1999-2000,2899
2900,Middlesbrough,West Ham,2.0,0.0,H,1999-2000,2900
2901,Sunderland,Aston Villa,2.0,1.0,H,1999-2000,2901
2902,Aston Villa,Wimbledon,1.0,1.0,D,1999-2000,2902
2903,Bradford,Leicester,3.0,1.0,H,1999-2000,2903
2904,Chelsea,Arsenal,2.0,3.0,A,1999-2000,2904
2905,Sheffield Weds,Coventry,0.0,0.0,D,1999-2000,2905
2906,Southampton,Liverpool,1.0,1.0,D,1999-2000,2906
2907,Tottenham,Man United,3.0,1.0,H,1999-2000,2907
2908,Everton,Leeds,4.0,4.0,D,1999-2000,2908
2909,Watford,Middlesbrough,1.0,3.0,A,1999-2000,2909
2910,West Ham,Sunderland,1.0,1.0,D,1999-2000,2910
2911,Newcastle,Derby,2.0,0.0,H,1999-2000,2911
2912,Liverpool,West Ham,1.0,0.0,H,1999-2000,2912
2913,Arsenal,Newcastle,0.0,0.0,D,1999-2000,2913
2914,Derby,Chelsea,3.0,1.0,H,1999-2000,2914
2915,Leeds,West Ham,1.0,0.0,H,1999-2000,2915
2916,Leicester,Sheffield Weds,3.0,0.0,H,1999-2000,2916
2917,Man United,Aston Villa,3.0,0.0,H,1999-2000,2917
2918,Middlesbrough,Everton,2.0,1.0,H,1999-2000,2918
2919,Wimbledon,Southampton,1.0,1.0,D,1999-2000,2919
2920,Coventry,Watford,4.0,0.0,H,1999-2000,2920
2921,Sunderland,Tottenham,2.0,1.0,H,1999-2000,2921
2922,Liverpool,Bradford,3.0,1.0,H,1999-2000,2922
2923,Aston Villa,Southampton,0.0,1.0,A,1999-2000,2923
2924,Bradford,Coventry,1.0,1.0,D,1999-2000,2924
2925,Liverpool,Derby,2.0,0.0,H,1999-2000,2925
2926,Man United,Leicester,2.0,0.0,H,1999-2000,2926
2927,Middlesbrough,Sunderland,1.0,1.0,D,1999-2000,2927
2928,Sheffield Weds,Watford,2.0,2.0,D,1999-2000,2928
2929,Chelsea,West Ham,0.0,0.0,D,1999-2000,2929
2930,Newcastle,Everton,1.0,1.0,D,1999-2000,2930
2931,Tottenham,Arsenal,2.0,1.0,H,1999-2000,2931
2932,Wimbledon,Leeds,2.0,0.0,H,1999-2000,2932
2933,Arsenal,Middlesbrough,5.0,1.0,H,1999-2000,2933
2934,Derby,Man United,1.0,2.0,A,1999-2000,2934
2935,Everton,Chelsea,1.0,1.0,D,1999-2000,2935
2936,Leeds,Bradford,2.0,1.0,H,1999-2000,2936
2937,Leicester,Wimbledon,2.0,1.0,H,1999-2000,2937
2938,Southampton,Tottenham,0.0,1.0,A,1999-2000,2938
2939,Sunderland,Liverpool,0.0,2.0,A,1999-2000,2939
2940,Watford,Newcastle,1.0,1.0,D,1999-2000,2940
2941,West Ham,Sheffield Weds,4.0,3.0,H,1999-2000,2941
2942,Coventry,Aston Villa,2.0,1.0,H,1999-2000,2942
2943,Coventry,Leicester,0.0,1.0,A,1999-2000,2943
2944,Everton,Aston Villa,0.0,0.0,D,1999-2000,2944
2945,Middlesbrough,Wimbledon,0.0,0.0,D,1999-2000,2945
2946,Watford,Sunderland,2.0,3.0,A,1999-2000,2946
2947,West Ham,Liverpool,1.0,0.0,H,1999-2000,2947
2948,Arsenal,Derby,2.0,1.0,H,1999-2000,2948
2949,Chelsea,Bradford,1.0,0.0,H,1999-2000,2949
2950,Leeds,Southampton,1.0,0.0,H,1999-2000,2950
2951,Newcastle,Tottenham,2.0,1.0,H,1999-2000,2951
2952,Aston Villa,Newcastle,0.0,1.0,A,1999-2000,2952
2953,Bradford,Middlesbrough,1.0,1.0,D,1999-2000,2953
2954,Leicester,Arsenal,0.0,3.0,A,1999-2000,2954
2955,Man United,Everton,5.0,1.0,H,1999-2000,2955
2956,Southampton,Coventry,0.0,0.0,D,1999-2000,2956
2957,Sunderland,Chelsea,4.0,1.0,H,1999-2000,2957
2958,Wimbledon,Watford,5.0,0.0,H,1999-2000,2958
2959,Derby,Leeds,0.0,1.0,A,1999-2000,2959
2960,Liverpool,Sheffield Weds,4.0,1.0,H,1999-2000,2960
2961,Tottenham,West Ham,0.0,0.0,D,1999-2000,2961
2962,Arsenal,Wimbledon,1.0,1.0,D,1999-2000,2962
2963,Aston Villa,Sheffield Weds,2.0,1.0,H,1999-2000,2963
2964,Bradford,Newcastle,2.0,0.0,H,1999-2000,2964
2965,Leicester,Derby,0.0,1.0,A,1999-2000,2965
2966,Liverpool,Coventry,2.0,0.0,H,1999-2000,2966
2967,Middlesbrough,Tottenham,2.0,1.0,H,1999-2000,2967
2968,Sunderland,Southampton,2.0,0.0,H,1999-2000,2968
2969,Watford,Everton,1.0,3.0,A,1999-2000,2969
2970,West Ham,Man United,2.0,4.0,A,1999-2000,2970
2971,Chelsea,Leeds,0.0,2.0,A,1999-2000,2971
2972,Coventry,Arsenal,3.0,2.0,H,1999-2000,2972
2973,Derby,Aston Villa,0.0,2.0,A,1999-2000,2973
2974,Everton,Sunderland,5.0,0.0,H,1999-2000,2974
2975,Leeds,Leicester,2.0,1.0,H,1999-2000,2975
2976,Man United,Bradford,4.0,0.0,H,1999-2000,2976
2977,Newcastle,Liverpool,2.0,2.0,D,1999-2000,2977
2978,Sheffield Weds,Middlesbrough,1.0,0.0,H,1999-2000,2978
2979,Southampton,Chelsea,1.0,2.0,A,1999-2000,2979
2980,Tottenham,Watford,4.0,0.0,H,1999-2000,2980
2981,Wimbledon,West Ham,2.0,2.0,D,1999-2000,2981
2982,Arsenal,Leeds,2.0,0.0,H,1999-2000,2982
2983,Bradford,Everton,0.0,0.0,D,1999-2000,2983
2984,Leicester,Newcastle,1.0,2.0,A,1999-2000,2984
2985,Liverpool,Wimbledon,3.0,1.0,H,1999-2000,2985
2986,Sunderland,Man United,2.0,2.0,D,1999-2000,2986
2987,Watford,Southampton,3.0,2.0,H,1999-2000,2987
2988,West Ham,Derby,1.0,1.0,D,1999-2000,2988
2989,Aston Villa,Tottenham,1.0,1.0,D,1999-2000,2989
2990,Chelsea,Sheffield Weds,3.0,0.0,H,1999-2000,2990
2991,Derby,Watford,2.0,0.0,H,1999-2000,2991
2992,Everton,Leicester,2.0,2.0,D,1999-2000,2992
2993,Leeds,Aston Villa,1.0,2.0,A,1999-2000,2993
2994,Newcastle,West Ham,2.0,2.0,D,1999-2000,2994
2995,Sheffield Weds,Arsenal,1.0,1.0,D,1999-2000,2995
2996,Southampton,Bradford,1.0,0.0,H,1999-2000,2996
2997,Tottenham,Liverpool,1.0,0.0,H,1999-2000,2997
2998,Wimbledon,Sunderland,1.0,0.0,H,1999-2000,2998
2999,Coventry,Chelsea,2.0,2.0,D,1999-2000,2999
3000,Bradford,Chelsea,1.0,1.0,D,1999-2000,3000
3001,Chelsea,Tottenham,1.0,0.0,H,1999-2000,3001
3002,Arsenal,Sunderland,4.0,1.0,H,1999-2000,3002
3003,Chelsea,Leicester,1.0,1.0,D,1999-2000,3003
3004,Coventry,Wimbledon,2.0,0.0,H,1999-2000,3004
3005,Everton,Tottenham,2.0,2.0,D,1999-2000,3005
3006,Middlesbrough,Derby,1.0,4.0,A,1999-2000,3006
3007,Sheffield Weds,Bradford,2.0,0.0,H,1999-2000,3007
3008,Watford,Liverpool,2.0,3.0,A,1999-2000,3008
3009,West Ham,Aston Villa,1.0,1.0,D,1999-2000,3009
3010,Newcastle,Southampton,5.0,0.0,H,1999-2000,3010
3011,Aston Villa,Chelsea,0.0,0.0,D,1999-2000,3011
3012,Bradford,Watford,3.0,2.0,H,1999-2000,3012
3013,Derby,Coventry,0.0,0.0,D,1999-2000,3013
3014,Leicester,West Ham,1.0,3.0,A,1999-2000,3014
3015,Liverpool,Middlesbrough,0.0,0.0,D,1999-2000,3015
3016,Southampton,Everton,2.0,0.0,H,1999-2000,3016
3017,Tottenham,Sheffield Weds,0.0,1.0,A,1999-2000,3017
3018,Wimbledon,Newcastle,2.0,0.0,H,1999-2000,3018
3019,Sunderland,Leeds,1.0,2.0,A,1999-2000,3019
3020,Man United,Arsenal,1.0,1.0,D,1999-2000,3020
3021,Man United,Middlesbrough,1.0,0.0,H,1999-2000,3021
3022,Sheffield Weds,Man United,0.0,1.0,A,1999-2000,3022
3023,Aston Villa,Watford,4.0,0.0,H,1999-2000,3023
3024,Bradford,Arsenal,2.0,1.0,H,1999-2000,3024
3025,Derby,Sheffield Weds,3.0,3.0,D,1999-2000,3025
3026,Leicester,Middlesbrough,2.0,1.0,H,1999-2000,3026
3027,Liverpool,Leeds,3.0,1.0,H,1999-2000,3027
3028,Man United,Coventry,3.0,2.0,H,1999-2000,3028
3029,Southampton,West Ham,2.0,1.0,H,1999-2000,3029
3030,Sunderland,Newcastle,2.0,2.0,D,1999-2000,3030
3031,Tottenham,Chelsea,0.0,1.0,A,1999-2000,3031
3032,Wimbledon,Everton,0.0,3.0,A,1999-2000,3032
3033,Chelsea,Wimbledon,3.0,1.0,H,1999-2000,3033
3034,Coventry,Sunderland,3.0,2.0,H,1999-2000,3034
3035,Everton,Derby,2.0,1.0,H,1999-2000,3035
3036,Leeds,Tottenham,1.0,0.0,H,1999-2000,3036
3037,Newcastle,Man United,3.0,0.0,H,1999-2000,3037
3038,Sheffield Weds,Southampton,0.0,1.0,A,1999-2000,3038
3039,Watford,Leicester,1.0,1.0,D,1999-2000,3039
3040,West Ham,Bradford,5.0,4.0,H,1999-2000,3040
3041,Arsenal,Liverpool,0.0,1.0,A,1999-2000,3041
3042,Middlesbrough,Aston Villa,0.0,4.0,A,1999-2000,3042
3043,Middlesbrough,Coventry,2.0,0.0,H,1999-2000,3043
3044,Leeds,Man United,0.0,1.0,A,1999-2000,3044
3045,Arsenal,Southampton,3.0,1.0,H,1999-2000,3045
3046,Bradford,Aston Villa,1.0,1.0,D,1999-2000,3046
3047,Chelsea,Watford,2.0,1.0,H,1999-2000,3047
3048,Coventry,Tottenham,0.0,1.0,A,1999-2000,3048
3049,Middlesbrough,Leeds,0.0,0.0,D,1999-2000,3049
3050,Sheffield Weds,Newcastle,0.0,2.0,A,1999-2000,3050
3051,Sunderland,Derby,1.0,1.0,D,1999-2000,3051
3052,West Ham,Everton,0.0,4.0,A,1999-2000,3052
3053,Wimbledon,Man United,2.0,2.0,D,1999-2000,3053
3054,Derby,Wimbledon,4.0,0.0,H,1999-2000,3054
3055,Everton,Sheffield Weds,1.0,1.0,D,1999-2000,3055
3056,Man United,Liverpool,1.0,1.0,D,1999-2000,3056
3057,Newcastle,Chelsea,0.0,1.0,A,1999-2000,3057
3058,Southampton,Middlesbrough,1.0,1.0,D,1999-2000,3058
3059,Tottenham,Bradford,1.0,1.0,D,1999-2000,3059
3060,Watford,West Ham,1.0,2.0,A,1999-2000,3060
3061,Aston Villa,Arsenal,1.0,1.0,D,1999-2000,3061
3062,Leeds,Coventry,3.0,0.0,H,1999-2000,3062
3063,Leicester,Sunderland,5.0,2.0,H,1999-2000,3063
3064,West Ham,Southampton,2.0,0.0,H,1999-2000,3064
3065,Aston Villa,Coventry,1.0,0.0,H,1999-2000,3065
3066,Chelsea,Everton,1.0,1.0,D,1999-2000,3066
3067,Liverpool,Sunderland,1.0,1.0,D,1999-2000,3067
3068,Man United,Derby,3.0,1.0,H,1999-2000,3068
3069,Newcastle,Watford,1.0,0.0,H,1999-2000,3069
3070,Sheffield Weds,West Ham,3.0,1.0,H,1999-2000,3070
3071,Tottenham,Southampton,7.0,2.0,H,1999-2000,3071
3072,Wimbledon,Leicester,2.0,1.0,H,1999-2000,3072
3073,Bradford,Leeds,1.0,2.0,A,1999-2000,3073
3074,Middlesbrough,Arsenal,2.0,1.0,H,1999-2000,3074
3075,Coventry,Everton,1.0,0.0,H,1999-2000,3075
3076,Liverpool,Aston Villa,0.0,0.0,D,1999-2000,3076
3077,Coventry,Bradford,4.0,0.0,H,1999-2000,3077
3078,Derby,Liverpool,0.0,2.0,A,1999-2000,3078
3079,Leicester,Man United,0.0,2.0,A,1999-2000,3079
3080,Southampton,Aston Villa,2.0,0.0,H,1999-2000,3080
3081,Sunderland,Middlesbrough,1.0,1.0,D,1999-2000,3081
3082,Watford,Sheffield Weds,1.0,0.0,H,1999-2000,3082
3083,West Ham,Chelsea,0.0,0.0,D,1999-2000,3083
3084,Arsenal,Tottenham,2.0,1.0,H,1999-2000,3084
3085,Everton,Newcastle,0.0,2.0,A,1999-2000,3085
3086,Leeds,Wimbledon,4.0,1.0,H,1999-2000,3086
3087,Aston Villa,Derby,2.0,0.0,H,1999-2000,3087
3088,Bradford,Man United,0.0,4.0,A,1999-2000,3088
3089,Chelsea,Southampton,1.0,1.0,D,1999-2000,3089
3090,Liverpool,Newcastle,2.0,1.0,H,1999-2000,3090
3091,Middlesbrough,Sheffield Weds,1.0,0.0,H,1999-2000,3091
3092,Sunderland,Everton,2.0,1.0,H,1999-2000,3092
3093,Watford,Tottenham,1.0,1.0,D,1999-2000,3093
3094,Arsenal,Coventry,3.0,0.0,H,1999-2000,3094
3095,Leicester,Leeds,2.0,1.0,H,1999-2000,3095
3096,West Ham,Wimbledon,2.0,1.0,H,1999-2000,3096
3097,Coventry,Liverpool,0.0,3.0,A,1999-2000,3097
3098,Everton,Watford,4.0,2.0,H,1999-2000,3098
3099,Leeds,Chelsea,0.0,1.0,A,1999-2000,3099
3100,Man United,West Ham,7.0,1.0,H,1999-2000,3100
3101,Newcastle,Bradford,2.0,0.0,H,1999-2000,3101
3102,Southampton,Sunderland,1.0,2.0,A,1999-2000,3102
3103,Wimbledon,Arsenal,1.0,3.0,A,1999-2000,3103
3104,Derby,Leicester,3.0,0.0,H,1999-2000,3104
3105,Tottenham,Middlesbrough,2.0,3.0,A,1999-2000,3105
3106,Sheffield Weds,Aston Villa,0.0,1.0,A,1999-2000,3106
3107,Bradford,Southampton,1.0,2.0,A,1999-2000,3107
3108,Leicester,Everton,1.0,1.0,D,1999-2000,3108
3109,Sunderland,Wimbledon,2.0,1.0,H,1999-2000,3109
3110,Watford,Derby,0.0,0.0,D,1999-2000,3110
3111,Aston Villa,Leeds,1.0,0.0,H,1999-2000,3111
3112,Liverpool,Tottenham,2.0,0.0,H,1999-2000,3112
3113,Middlesbrough,Man United,3.0,4.0,A,1999-2000,3113
3114,Chelsea,Coventry,2.0,1.0,H,1999-2000,3114
3115,West Ham,Newcastle,2.0,1.0,H,1999-2000,3115
3116,Wimbledon,Sheffield Weds,0.0,2.0,A,1999-2000,3116
3117,Coventry,Middlesbrough,2.0,1.0,H,1999-2000,3117
3118,Derby,West Ham,1.0,2.0,A,1999-2000,3118
3119,Everton,Bradford,4.0,0.0,H,1999-2000,3119
3120,Man United,Sunderland,4.0,0.0,H,1999-2000,3120
3121,Newcastle,Leicester,0.0,2.0,A,1999-2000,3121
3122,Sheffield Weds,Chelsea,1.0,0.0,H,1999-2000,3122
3123,Southampton,Watford,2.0,0.0,H,1999-2000,3123
3124,Tottenham,Aston Villa,2.0,4.0,A,1999-2000,3124
3125,Leeds,Arsenal,0.0,4.0,A,1999-2000,3125
3126,Wimbledon,Liverpool,1.0,2.0,A,1999-2000,3126
3127,Leicester,Tottenham,0.0,1.0,A,1999-2000,3127
3128,Bradford,Derby,4.0,4.0,D,1999-2000,3128
3129,Everton,Liverpool,0.0,0.0,D,1999-2000,3129
3130,Aston Villa,Leicester,2.0,2.0,D,1999-2000,3130
3131,Chelsea,Middlesbrough,1.0,1.0,D,1999-2000,3131
3132,Sheffield Weds,Sunderland,0.0,2.0,A,1999-2000,3132
3133,Southampton,Man United,1.0,3.0,A,1999-2000,3133
3134,Tottenham,Wimbledon,2.0,0.0,H,1999-2000,3134
3135,West Ham,Coventry,5.0,0.0,H,1999-2000,3135
3136,Newcastle,Leeds,2.0,2.0,D,1999-2000,3136
3137,Watford,Arsenal,2.0,3.0,A,1999-2000,3137
3138,Derby,Southampton,2.0,0.0,H,1999-2000,3138
3139,Man United,Chelsea,3.0,2.0,H,1999-2000,3139
3140,Sunderland,Bradford,0.0,1.0,A,1999-2000,3140
3141,Aston Villa,Sunderland,1.0,1.0,D,1999-2000,3141
3142,Chelsea,Liverpool,2.0,0.0,H,1999-2000,3142
3143,Everton,Arsenal,0.0,1.0,A,1999-2000,3143
3144,Newcastle,Coventry,2.0,0.0,H,1999-2000,3144
3145,Southampton,Leicester,1.0,2.0,A,1999-2000,3145
3146,Tottenham,Derby,1.0,1.0,D,1999-2000,3146
3147,Watford,Man United,2.0,3.0,A,1999-2000,3147
3148,West Ham,Middlesbrough,0.0,1.0,A,1999-2000,3148
3149,Bradford,Wimbledon,3.0,0.0,H,1999-2000,3149
3150,Sheffield Weds,Leeds,0.0,3.0,A,1999-2000,3150
3151,Arsenal,West Ham,2.0,1.0,H,1999-2000,3151
3152,Middlesbrough,Newcastle,2.0,2.0,D,1999-2000,3152
3153,Leeds,Watford,3.0,1.0,H,1999-2000,3153
3154,Liverpool,Leicester,0.0,2.0,A,1999-2000,3154
3155,Arsenal,Chelsea,2.0,1.0,H,1999-2000,3155
3156,Coventry,Sheffield Weds,4.0,1.0,H,1999-2000,3156
3157,Derby,Newcastle,0.0,0.0,D,1999-2000,3157
3158,Leicester,Bradford,3.0,0.0,H,1999-2000,3158
3159,Man United,Tottenham,3.0,1.0,H,1999-2000,3159
3160,Middlesbrough,Watford,1.0,1.0,D,1999-2000,3160
3161,Sunderland,West Ham,1.0,0.0,H,1999-2000,3161
3162,Wimbledon,Aston Villa,2.0,2.0,D,1999-2000,3162
3163,Liverpool,Southampton,0.0,0.0,D,1999-2000,3163
3164,Leeds,Everton,1.0,1.0,D,1999-2000,3164
3165,Arsenal,Sheffield Weds,3.0,3.0,D,1999-2000,3165
3166,Aston Villa,Man United,0.0,1.0,A,1999-2000,3166
3167,Bradford,Liverpool,1.0,0.0,H,1999-2000,3167
3168,Chelsea,Derby,4.0,0.0,H,1999-2000,3168
3169,Everton,Middlesbrough,0.0,2.0,A,1999-2000,3169
3170,Newcastle,Arsenal,4.0,2.0,H,1999-2000,3170
3171,Sheffield Weds,Leicester,4.0,0.0,H,1999-2000,3171
3172,Southampton,Wimbledon,2.0,0.0,H,1999-2000,3172
3173,Tottenham,Sunderland,3.0,1.0,H,1999-2000,3173
3174,Watford,Coventry,1.0,0.0,H,1999-2000,3174
3175,West Ham,Leeds,0.0,0.0,D,1999-2000,3175
3176,Charlton,Man City,4.0,0.0,H,2000-2001,3176
3177,Chelsea,West Ham,4.0,2.0,H,2000-2001,3177
3178,Coventry,Middlesbrough,1.0,3.0,A,2000-2001,3178
3179,Derby,Southampton,2.0,2.0,D,2000-2001,3179
3180,Leeds,Everton,2.0,0.0,H,2000-2001,3180
3181,Leicester,Aston Villa,0.0,0.0,D,2000-2001,3181
3182,Liverpool,Bradford,1.0,0.0,H,2000-2001,3182
3183,Sunderland,Arsenal,1.0,0.0,H,2000-2001,3183
3184,Tottenham,Ipswich,3.0,1.0,H,2000-2001,3184
3185,Man United,Newcastle,2.0,0.0,H,2000-2001,3185
3186,Arsenal,Liverpool,2.0,0.0,H,2000-2001,3186
3187,Bradford,Chelsea,2.0,0.0,H,2000-2001,3187
3188,Ipswich,Man United,1.0,1.0,D,2000-2001,3188
3189,Middlesbrough,Tottenham,1.0,1.0,D,2000-2001,3189
3190,Everton,Charlton,3.0,0.0,H,2000-2001,3190
3191,Man City,Sunderland,4.0,2.0,H,2000-2001,3191
3192,Newcastle,Derby,3.0,2.0,H,2000-2001,3192
3193,Southampton,Coventry,1.0,2.0,A,2000-2001,3193
3194,West Ham,Leicester,0.0,1.0,A,2000-2001,3194
3195,Arsenal,Charlton,5.0,3.0,H,2000-2001,3195
3196,Bradford,Leicester,0.0,0.0,D,2000-2001,3196
3197,Everton,Derby,2.0,2.0,D,2000-2001,3197
3198,Ipswich,Sunderland,1.0,0.0,H,2000-2001,3198
3199,Man City,Coventry,1.0,2.0,A,2000-2001,3199
3200,Middlesbrough,Leeds,1.0,2.0,A,2000-2001,3200
3201,Newcastle,Tottenham,2.0,0.0,H,2000-2001,3201
3202,Southampton,Liverpool,3.0,3.0,D,2000-2001,3202
3203,West Ham,Man United,2.0,2.0,D,2000-2001,3203
3204,Aston Villa,Chelsea,1.0,1.0,D,2000-2001,3204
3205,Leeds,Man City,1.0,2.0,A,2000-2001,3205
3206,Man United,Bradford,6.0,0.0,H,2000-2001,3206
3207,Sunderland,West Ham,1.0,1.0,D,2000-2001,3207
3208,Tottenham,Everton,3.0,2.0,H,2000-2001,3208
3209,Charlton,Southampton,1.0,1.0,D,2000-2001,3209
3210,Chelsea,Arsenal,2.0,2.0,D,2000-2001,3210
3211,Coventry,Newcastle,0.0,2.0,A,2000-2001,3211
3212,Derby,Middlesbrough,3.0,3.0,D,2000-2001,3212
3213,Leicester,Ipswich,2.0,1.0,H,2000-2001,3213
3214,Liverpool,Aston Villa,3.0,1.0,H,2000-2001,3214
3215,Bradford,Arsenal,1.0,1.0,D,2000-2001,3215
3216,Coventry,Leeds,0.0,0.0,D,2000-2001,3216
3217,Ipswich,Aston Villa,1.0,2.0,A,2000-2001,3217
3218,Leicester,Southampton,1.0,0.0,H,2000-2001,3218
3219,Liverpool,Man City,3.0,2.0,H,2000-2001,3219
3220,Man United,Sunderland,3.0,0.0,H,2000-2001,3220
3221,Middlesbrough,Everton,1.0,2.0,A,2000-2001,3221
3222,Newcastle,Chelsea,0.0,0.0,D,2000-2001,3222
3223,Derby,Charlton,2.0,2.0,D,2000-2001,3223
3224,Tottenham,West Ham,1.0,0.0,H,2000-2001,3224
3225,Arsenal,Coventry,2.0,1.0,H,2000-2001,3225
3226,Aston Villa,Bradford,2.0,0.0,H,2000-2001,3226
3227,Charlton,Tottenham,1.0,0.0,H,2000-2001,3227
3228,Everton,Man United,1.0,3.0,A,2000-2001,3228
3229,Leeds,Ipswich,1.0,2.0,A,2000-2001,3229
3230,Southampton,Newcastle,2.0,0.0,H,2000-2001,3230
3231,Sunderland,Derby,2.0,1.0,H,2000-2001,3231
3232,Chelsea,Leicester,0.0,2.0,A,2000-2001,3232
3233,Man City,Middlesbrough,1.0,1.0,D,2000-2001,3233
3234,West Ham,Liverpool,1.0,1.0,D,2000-2001,3234
3235,Bradford,Southampton,0.0,1.0,A,2000-2001,3235
3236,Coventry,West Ham,0.0,3.0,A,2000-2001,3236
3237,Derby,Leeds,1.0,1.0,D,2000-2001,3237
3238,Ipswich,Arsenal,1.0,1.0,D,2000-2001,3238
3239,Liverpool,Sunderland,1.0,1.0,D,2000-2001,3239
3240,Man United,Chelsea,3.0,3.0,D,2000-2001,3240
3241,Middlesbrough,Aston Villa,1.0,1.0,D,2000-2001,3241
3242,Newcastle,Charlton,0.0,1.0,A,2000-2001,3242
3243,Tottenham,Man City,0.0,0.0,D,2000-2001,3243
3244,Leicester,Everton,1.0,1.0,D,2000-2001,3244
3245,Aston Villa,Derby,4.0,1.0,H,2000-2001,3245
3246,Charlton,Coventry,2.0,2.0,D,2000-2001,3246
3247,Everton,Ipswich,0.0,3.0,A,2000-2001,3247
3248,Leeds,Tottenham,4.0,3.0,H,2000-2001,3248
3249,Man City,Newcastle,0.0,1.0,A,2000-2001,3249
3250,Southampton,Middlesbrough,1.0,3.0,A,2000-2001,3250
3251,West Ham,Bradford,1.0,1.0,D,2000-2001,3251
3252,Arsenal,Man United,1.0,0.0,H,2000-2001,3252
3253,Chelsea,Liverpool,3.0,0.0,H,2000-2001,3253
3254,Sunderland,Leicester,0.0,0.0,D,2000-2001,3254
3255,Arsenal,Aston Villa,1.0,0.0,H,2000-2001,3255
3256,Coventry,Tottenham,2.0,1.0,H,2000-2001,3256
3257,Everton,Southampton,1.0,1.0,D,2000-2001,3257
3258,Ipswich,West Ham,1.0,1.0,D,2000-2001,3258
3259,Leeds,Charlton,3.0,1.0,H,2000-2001,3259
3260,Leicester,Man United,0.0,3.0,A,2000-2001,3260
3261,Man City,Bradford,2.0,0.0,H,2000-2001,3261
3262,Sunderland,Chelsea,1.0,0.0,H,2000-2001,3262
3263,Derby,Liverpool,0.0,4.0,A,2000-2001,3263
3264,Middlesbrough,Newcastle,1.0,3.0,A,2000-2001,3264
3265,Bradford,Ipswich,0.0,2.0,A,2000-2001,3265
3266,Charlton,Middlesbrough,1.0,0.0,H,2000-2001,3266
3267,Chelsea,Coventry,6.0,1.0,H,2000-2001,3267
3268,Liverpool,Leicester,1.0,0.0,H,2000-2001,3268
3269,Man United,Leeds,3.0,0.0,H,2000-2001,3269
3270,Newcastle,Everton,0.0,1.0,A,2000-2001,3270
3271,Tottenham,Derby,3.0,1.0,H,2000-2001,3271
3272,West Ham,Arsenal,1.0,2.0,A,2000-2001,3272
3273,Aston Villa,Sunderland,0.0,0.0,D,2000-2001,3273
3274,Southampton,Man City,0.0,2.0,A,2000-2001,3274
3275,Arsenal,Man City,5.0,0.0,H,2000-2001,3275
3276,Aston Villa,Charlton,2.0,1.0,H,2000-2001,3276
3277,Chelsea,Tottenham,3.0,0.0,H,2000-2001,3277
3278,Ipswich,Middlesbrough,2.0,1.0,H,2000-2001,3278
3279,Leicester,Derby,2.0,1.0,H,2000-2001,3279
3280,Man United,Southampton,5.0,0.0,H,2000-2001,3280
3281,Sunderland,Coventry,1.0,0.0,H,2000-2001,3281
3282,West Ham,Newcastle,1.0,0.0,H,2000-2001,3282
3283,Bradford,Leeds,1.0,1.0,D,2000-2001,3283
3284,Liverpool,Everton,3.0,1.0,H,2000-2001,3284
3285,Charlton,Bradford,2.0,0.0,H,2000-2001,3285
3286,Coventry,Man United,1.0,2.0,A,2000-2001,3286
3287,Leeds,Liverpool,4.0,3.0,H,2000-2001,3287
3288,Man City,Leicester,0.0,1.0,A,2000-2001,3288
3289,Middlesbrough,Arsenal,0.0,1.0,A,2000-2001,3289
3290,Newcastle,Ipswich,2.0,1.0,H,2000-2001,3290
3291,Southampton,Chelsea,3.0,2.0,H,2000-2001,3291
3292,Tottenham,Sunderland,2.0,1.0,H,2000-2001,3292
3293,Everton,Aston Villa,0.0,1.0,A,2000-2001,3293
3294,Derby,West Ham,0.0,0.0,D,2000-2001,3294
3295,Arsenal,Derby,0.0,0.0,D,2000-2001,3295
3296,Aston Villa,Tottenham,2.0,0.0,H,2000-2001,3296
3297,Bradford,Everton,0.0,1.0,A,2000-2001,3297
3298,Ipswich,Charlton,2.0,0.0,H,2000-2001,3298
3299,Leicester,Newcastle,1.0,1.0,D,2000-2001,3299
3300,Man United,Middlesbrough,2.0,1.0,H,2000-2001,3300
3301,Sunderland,Southampton,2.0,2.0,D,2000-2001,3301
3302,West Ham,Man City,4.0,1.0,H,2000-2001,3302
3303,Chelsea,Leeds,1.0,1.0,D,2000-2001,3303
3304,Liverpool,Coventry,4.0,1.0,H,2000-2001,3304
3305,Charlton,Chelsea,2.0,0.0,H,2000-2001,3305
3306,Derby,Bradford,2.0,0.0,H,2000-2001,3306
3307,Everton,Arsenal,2.0,0.0,H,2000-2001,3307
3308,Leeds,West Ham,0.0,1.0,A,2000-2001,3308
3309,Man City,Man United,0.0,1.0,A,2000-2001,3309
3310,Middlesbrough,Leicester,0.0,3.0,A,2000-2001,3310
3311,Newcastle,Sunderland,1.0,2.0,A,2000-2001,3311
3312,Southampton,Aston Villa,2.0,0.0,H,2000-2001,3312
3313,Tottenham,Liverpool,2.0,1.0,H,2000-2001,3313
3314,Coventry,Ipswich,0.0,1.0,A,2000-2001,3314
3315,Charlton,Sunderland,0.0,1.0,A,2000-2001,3315
3316,Coventry,Aston Villa,1.0,1.0,D,2000-2001,3316
3317,Derby,Man United,0.0,3.0,A,2000-2001,3317
3318,Everton,Chelsea,2.0,1.0,H,2000-2001,3318
3319,Man City,Ipswich,2.0,3.0,A,2000-2001,3319
3320,Middlesbrough,Bradford,2.0,2.0,D,2000-2001,3320
3321,Southampton,West Ham,2.0,3.0,A,2000-2001,3321
3322,Tottenham,Leicester,3.0,0.0,H,2000-2001,3322
3323,Leeds,Arsenal,1.0,0.0,H,2000-2001,3323
3324,Newcastle,Liverpool,2.0,1.0,H,2000-2001,3324
3325,Arsenal,Southampton,1.0,0.0,H,2000-2001,3325
3326,Aston Villa,Newcastle,1.0,1.0,D,2000-2001,3326
3327,Bradford,Coventry,2.0,1.0,H,2000-2001,3327
3328,Ipswich,Derby,0.0,1.0,A,2000-2001,3328
3329,Leicester,Leeds,3.0,1.0,H,2000-2001,3329
3330,Liverpool,Charlton,3.0,0.0,H,2000-2001,3330
3331,Man United,Tottenham,2.0,0.0,H,2000-2001,3331
3332,West Ham,Middlesbrough,1.0,0.0,H,2000-2001,3332
3333,Chelsea,Man City,2.0,1.0,H,2000-2001,3333
3334,Sunderland,Everton,2.0,0.0,H,2000-2001,3334
3335,Arsenal,Newcastle,5.0,0.0,H,2000-2001,3335
3336,Bradford,Tottenham,3.0,3.0,D,2000-2001,3336
3337,Charlton,Man United,3.0,3.0,D,2000-2001,3337
3338,Chelsea,Derby,4.0,1.0,H,2000-2001,3338
3339,Man City,Everton,5.0,0.0,H,2000-2001,3339
3340,Southampton,Leeds,1.0,0.0,H,2000-2001,3340
3341,Sunderland,Middlesbrough,1.0,0.0,H,2000-2001,3341
3342,West Ham,Aston Villa,1.0,1.0,D,2000-2001,3342
3343,Coventry,Leicester,1.0,0.0,H,2000-2001,3343
3344,Liverpool,Ipswich,0.0,1.0,A,2000-2001,3344
3345,Aston Villa,Man City,2.0,2.0,D,2000-2001,3345
3346,Derby,Coventry,1.0,0.0,H,2000-2001,3346
3347,Everton,West Ham,1.0,1.0,D,2000-2001,3347
3348,Ipswich,Southampton,3.0,1.0,H,2000-2001,3348
3349,Leeds,Sunderland,2.0,0.0,H,2000-2001,3349
3350,Leicester,Charlton,3.0,1.0,H,2000-2001,3350
3351,Middlesbrough,Chelsea,1.0,0.0,H,2000-2001,3351
3352,Newcastle,Bradford,2.0,1.0,H,2000-2001,3352
3353,Man United,Liverpool,0.0,1.0,A,2000-2001,3353
3354,Tottenham,Arsenal,1.0,1.0,D,2000-2001,3354
3355,Coventry,Southampton,1.0,1.0,D,2000-2001,3355
3356,Charlton,Everton,1.0,0.0,H,2000-2001,3356
3357,Chelsea,Bradford,3.0,0.0,H,2000-2001,3357
3358,Derby,Newcastle,2.0,0.0,H,2000-2001,3358
3359,Leeds,Aston Villa,1.0,2.0,A,2000-2001,3359
3360,Leicester,West Ham,2.0,1.0,H,2000-2001,3360
3361,Liverpool,Arsenal,4.0,0.0,H,2000-2001,3361
3362,Man United,Ipswich,2.0,0.0,H,2000-2001,3362
3363,Sunderland,Man City,1.0,0.0,H,2000-2001,3363
3364,Tottenham,Middlesbrough,0.0,0.0,D,2000-2001,3364
3365,Arsenal,Leicester,6.0,1.0,H,2000-2001,3365
3366,Aston Villa,Man United,0.0,1.0,A,2000-2001,3366
3367,Bradford,Sunderland,1.0,4.0,A,2000-2001,3367
3368,Everton,Coventry,1.0,2.0,A,2000-2001,3368
3369,Ipswich,Chelsea,2.0,2.0,D,2000-2001,3369
3370,Man City,Derby,0.0,0.0,D,2000-2001,3370
3371,Middlesbrough,Liverpool,1.0,0.0,H,2000-2001,3371
3372,Newcastle,Leeds,2.0,1.0,H,2000-2001,3372
3373,West Ham,Charlton,5.0,0.0,H,2000-2001,3373
3374,Southampton,Tottenham,2.0,0.0,H,2000-2001,3374
3375,Arsenal,Sunderland,2.0,2.0,D,2000-2001,3375
3376,Ipswich,Tottenham,3.0,0.0,H,2000-2001,3376
3377,Man City,Charlton,1.0,4.0,A,2000-2001,3377
3378,Middlesbrough,Coventry,1.0,1.0,D,2000-2001,3378
3379,Newcastle,Man United,1.0,1.0,D,2000-2001,3379
3380,Southampton,Derby,1.0,0.0,H,2000-2001,3380
3381,Charlton,Arsenal,1.0,0.0,H,2000-2001,3381
3382,Chelsea,Aston Villa,1.0,0.0,H,2000-2001,3382
3383,Coventry,Man City,1.0,1.0,D,2000-2001,3383
3384,Derby,Everton,1.0,0.0,H,2000-2001,3384
3385,Leeds,Middlesbrough,1.0,1.0,D,2000-2001,3385
3386,Leicester,Bradford,1.0,2.0,A,2000-2001,3386
3387,Liverpool,Southampton,2.0,1.0,H,2000-2001,3387
3388,Man United,West Ham,3.0,1.0,H,2000-2001,3388
3389,Sunderland,Ipswich,4.0,1.0,H,2000-2001,3389
3390,Tottenham,Newcastle,4.0,2.0,H,2000-2001,3390
3391,Arsenal,Chelsea,1.0,1.0,D,2000-2001,3391
3392,Aston Villa,Liverpool,0.0,3.0,A,2000-2001,3392
3393,Bradford,Man United,0.0,3.0,A,2000-2001,3393
3394,Everton,Tottenham,0.0,0.0,D,2000-2001,3394
3395,Man City,Leeds,0.0,4.0,A,2000-2001,3395
3396,Middlesbrough,Derby,4.0,0.0,H,2000-2001,3396
3397,Newcastle,Coventry,3.0,1.0,H,2000-2001,3397
3398,Southampton,Charlton,0.0,0.0,D,2000-2001,3398
3399,West Ham,Sunderland,0.0,2.0,A,2000-2001,3399
3400,Ipswich,Leicester,2.0,0.0,H,2000-2001,3400
3401,Chelsea,Ipswich,4.0,1.0,H,2000-2001,3401
3402,Coventry,Everton,1.0,3.0,A,2000-2001,3402
3403,Derby,Man City,1.0,1.0,D,2000-2001,3403
3404,Leeds,Newcastle,1.0,3.0,A,2000-2001,3404
3405,Leicester,Arsenal,0.0,0.0,D,2000-2001,3405
3406,Liverpool,Middlesbrough,0.0,0.0,D,2000-2001,3406
3407,Man United,Aston Villa,2.0,0.0,H,2000-2001,3407
3408,Tottenham,Southampton,0.0,0.0,D,2000-2001,3408
3409,Sunderland,Bradford,0.0,0.0,D,2000-2001,3409
3410,Charlton,West Ham,1.0,1.0,D,2000-2001,3410
3411,Aston Villa,Leeds,1.0,2.0,A,2000-2001,3411
3412,Arsenal,Bradford,2.0,0.0,H,2000-2001,3412
3413,Charlton,Derby,2.0,1.0,H,2000-2001,3413
3414,Chelsea,Newcastle,3.0,1.0,H,2000-2001,3414
3415,Everton,Middlesbrough,2.0,2.0,D,2000-2001,3415
3416,Leeds,Coventry,1.0,0.0,H,2000-2001,3416
3417,Man City,Liverpool,1.0,1.0,D,2000-2001,3417
3418,Southampton,Leicester,1.0,0.0,H,2000-2001,3418
3419,Sunderland,Man United,0.0,1.0,A,2000-2001,3419
3420,West Ham,Tottenham,0.0,0.0,D,2000-2001,3420
3421,Bradford,Aston Villa,0.0,3.0,A,2000-2001,3421
3422,Coventry,Arsenal,0.0,1.0,A,2000-2001,3422
3423,Derby,Sunderland,1.0,0.0,H,2000-2001,3423
3424,Ipswich,Leeds,1.0,2.0,A,2000-2001,3424
3425,Leicester,Chelsea,2.0,1.0,H,2000-2001,3425
3426,Liverpool,West Ham,3.0,0.0,H,2000-2001,3426
3427,Man United,Everton,1.0,0.0,H,2000-2001,3427
3428,Middlesbrough,Man City,1.0,1.0,D,2000-2001,3428
3429,Tottenham,Charlton,0.0,0.0,D,2000-2001,3429
3430,Everton,Leeds,2.0,2.0,D,2000-2001,3430
3431,Arsenal,Ipswich,1.0,0.0,H,2000-2001,3431
3432,Aston Villa,Middlesbrough,1.0,1.0,D,2000-2001,3432
3433,Chelsea,Man United,1.0,1.0,D,2000-2001,3433
3434,Everton,Leicester,2.0,1.0,H,2000-2001,3434
3435,Leeds,Derby,0.0,0.0,D,2000-2001,3435
3436,Man City,Tottenham,0.0,1.0,A,2000-2001,3436
3437,Southampton,Bradford,2.0,0.0,H,2000-2001,3437
3438,Sunderland,Liverpool,1.0,1.0,D,2000-2001,3438
3439,Charlton,Newcastle,2.0,0.0,H,2000-2001,3439
3440,West Ham,Coventry,1.0,1.0,D,2000-2001,3440
3441,Bradford,West Ham,1.0,2.0,A,2000-2001,3441
3442,Coventry,Charlton,2.0,2.0,D,2000-2001,3442
3443,Derby,Aston Villa,1.0,0.0,H,2000-2001,3443
3444,Ipswich,Everton,2.0,0.0,H,2000-2001,3444
3445,Leicester,Sunderland,2.0,0.0,H,2000-2001,3445
3446,Middlesbrough,Southampton,0.0,1.0,A,2000-2001,3446
3447,Newcastle,Man City,0.0,1.0,A,2000-2001,3447
3448,Tottenham,Leeds,1.0,2.0,A,2000-2001,3448
3449,Man United,Arsenal,6.0,1.0,H,2000-2001,3449
3450,Arsenal,West Ham,3.0,0.0,H,2000-2001,3450
3451,Coventry,Chelsea,0.0,0.0,D,2000-2001,3451
3452,Derby,Tottenham,2.0,1.0,H,2000-2001,3452
3453,Everton,Newcastle,1.0,1.0,D,2000-2001,3453
3454,Leeds,Man United,1.0,1.0,D,2000-2001,3454
3455,Leicester,Liverpool,2.0,0.0,H,2000-2001,3455
3456,Man City,Southampton,0.0,1.0,A,2000-2001,3456
3457,Middlesbrough,Charlton,0.0,0.0,D,2000-2001,3457
3458,Ipswich,Bradford,3.0,1.0,H,2000-2001,3458
3459,Sunderland,Aston Villa,1.0,1.0,D,2000-2001,3459
3460,West Ham,Chelsea,0.0,2.0,A,2000-2001,3460
3461,Aston Villa,Ipswich,2.0,1.0,H,2000-2001,3461
3462,Bradford,Man City,2.0,2.0,D,2000-2001,3462
3463,Charlton,Leeds,1.0,2.0,A,2000-2001,3463
3464,Chelsea,Sunderland,2.0,4.0,A,2000-2001,3464
3465,Man United,Leicester,2.0,0.0,H,2000-2001,3465
3466,Newcastle,Middlesbrough,1.0,2.0,A,2000-2001,3466
3467,Southampton,Everton,1.0,0.0,H,2000-2001,3467
3468,Tottenham,Coventry,3.0,0.0,H,2000-2001,3468
3469,West Ham,Ipswich,0.0,1.0,A,2000-2001,3469
3470,Aston Villa,Arsenal,0.0,0.0,D,2000-2001,3470
3471,Liverpool,Derby,1.0,1.0,D,2000-2001,3471
3472,Arsenal,Tottenham,2.0,0.0,H,2000-2001,3472
3473,Bradford,Newcastle,2.0,2.0,D,2000-2001,3473
3474,Chelsea,Middlesbrough,2.0,1.0,H,2000-2001,3474
3475,Coventry,Derby,2.0,0.0,H,2000-2001,3475
3476,Liverpool,Man United,2.0,0.0,H,2000-2001,3476
3477,Man City,Aston Villa,1.0,3.0,A,2000-2001,3477
3478,Sunderland,Leeds,0.0,2.0,A,2000-2001,3478
3479,West Ham,Everton,0.0,2.0,A,2000-2001,3479
3480,Charlton,Leicester,2.0,0.0,H,2000-2001,3480
3481,Southampton,Ipswich,0.0,3.0,A,2000-2001,3481
3482,Aston Villa,Leicester,2.0,1.0,H,2000-2001,3482
3483,Aston Villa,West Ham,2.0,2.0,D,2000-2001,3483
3484,Derby,Chelsea,0.0,4.0,A,2000-2001,3484
3485,Leeds,Southampton,2.0,0.0,H,2000-2001,3485
3486,Leicester,Coventry,1.0,3.0,A,2000-2001,3486
3487,Everton,Man City,3.0,1.0,H,2000-2001,3487
3488,Middlesbrough,Sunderland,0.0,0.0,D,2000-2001,3488
3489,Ipswich,Liverpool,1.0,1.0,D,2000-2001,3489
3490,Man United,Charlton,2.0,1.0,H,2000-2001,3490
3491,Tottenham,Bradford,2.0,1.0,H,2000-2001,3491
3492,Man City,Arsenal,0.0,4.0,A,2000-2001,3492
3493,Bradford,Charlton,2.0,0.0,H,2000-2001,3493
3494,Liverpool,Leeds,1.0,2.0,A,2000-2001,3494
3495,Arsenal,Middlesbrough,0.0,3.0,A,2000-2001,3495
3496,Aston Villa,Everton,2.0,1.0,H,2000-2001,3496
3497,Chelsea,Southampton,1.0,0.0,H,2000-2001,3497
3498,Ipswich,Newcastle,1.0,0.0,H,2000-2001,3498
3499,Leicester,Man City,1.0,2.0,A,2000-2001,3499
3500,Man United,Coventry,4.0,2.0,H,2000-2001,3500
3501,Sunderland,Tottenham,2.0,3.0,A,2000-2001,3501
3502,West Ham,Derby,3.0,1.0,H,2000-2001,3502
3503,Coventry,Sunderland,1.0,0.0,H,2000-2001,3503
3504,Derby,Leicester,2.0,0.0,H,2000-2001,3504
3505,Everton,Liverpool,2.0,3.0,A,2000-2001,3505
3506,Middlesbrough,Ipswich,1.0,2.0,A,2000-2001,3506
3507,Newcastle,West Ham,2.0,1.0,H,2000-2001,3507
3508,Charlton,Aston Villa,3.0,3.0,D,2000-2001,3508
3509,Tottenham,Chelsea,0.0,3.0,A,2000-2001,3509
3510,Arsenal,Everton,4.0,1.0,H,2000-2001,3510
3511,Aston Villa,Southampton,0.0,0.0,D,2000-2001,3511
3512,Bradford,Derby,2.0,0.0,H,2000-2001,3512
3513,Chelsea,Charlton,0.0,1.0,A,2000-2001,3513
3514,Ipswich,Coventry,2.0,0.0,H,2000-2001,3514
3515,Leicester,Middlesbrough,0.0,3.0,A,2000-2001,3515
3516,Man United,Man City,1.0,1.0,D,2000-2001,3516
3517,Sunderland,Newcastle,1.0,1.0,D,2000-2001,3517
3518,West Ham,Leeds,0.0,2.0,A,2000-2001,3518
3519,Liverpool,Tottenham,3.0,1.0,H,2000-2001,3519
3520,Coventry,Liverpool,0.0,2.0,A,2000-2001,3520
3521,Derby,Arsenal,1.0,2.0,A,2000-2001,3521
3522,Everton,Bradford,2.0,1.0,H,2000-2001,3522
3523,Leeds,Chelsea,2.0,0.0,H,2000-2001,3523
3524,Man City,West Ham,1.0,0.0,H,2000-2001,3524
3525,Middlesbrough,Man United,0.0,2.0,A,2000-2001,3525
3526,Newcastle,Leicester,1.0,0.0,H,2000-2001,3526
3527,Southampton,Sunderland,0.0,1.0,A,2000-2001,3527
3528,Tottenham,Aston Villa,0.0,0.0,D,2000-2001,3528
3529,Charlton,Ipswich,2.0,1.0,H,2000-2001,3529
3530,Bradford,Liverpool,0.0,2.0,A,2000-2001,3530
3531,Newcastle,Southampton,1.0,1.0,D,2000-2001,3531
3532,Arsenal,Leeds,2.0,1.0,H,2000-2001,3532
3533,Aston Villa,Coventry,3.0,2.0,H,2000-2001,3533
3534,Bradford,Middlesbrough,1.0,1.0,D,2000-2001,3534
3535,Chelsea,Everton,2.0,1.0,H,2000-2001,3535
3536,Leicester,Tottenham,4.0,2.0,H,2000-2001,3536
3537,Liverpool,Newcastle,3.0,0.0,H,2000-2001,3537
3538,Man United,Derby,0.0,1.0,A,2000-2001,3538
3539,Sunderland,Charlton,3.0,2.0,H,2000-2001,3539
3540,West Ham,Southampton,3.0,0.0,H,2000-2001,3540
3541,Ipswich,Man City,2.0,1.0,H,2000-2001,3541
3542,Liverpool,Chelsea,2.0,2.0,D,2000-2001,3542
3543,Leeds,Bradford,6.0,1.0,H,2000-2001,3543
3544,Southampton,Man United,2.0,1.0,H,2000-2001,3544
3545,Newcastle,Arsenal,0.0,0.0,D,2000-2001,3545
3546,Charlton,Liverpool,0.0,4.0,A,2000-2001,3546
3547,Coventry,Bradford,0.0,0.0,D,2000-2001,3547
3548,Derby,Ipswich,1.0,1.0,D,2000-2001,3548
3549,Everton,Sunderland,2.0,2.0,D,2000-2001,3549
3550,Leeds,Leicester,3.0,1.0,H,2000-2001,3550
3551,Man City,Chelsea,1.0,2.0,A,2000-2001,3551
3552,Middlesbrough,West Ham,2.0,1.0,H,2000-2001,3552
3553,Newcastle,Aston Villa,3.0,0.0,H,2000-2001,3553
3554,Southampton,Arsenal,3.0,2.0,H,2000-2001,3554
3555,Tottenham,Man United,3.0,1.0,H,2000-2001,3555
3556,Charlton,Everton,1.0,2.0,A,2001-2002,3556
3557,Derby,Blackburn,2.0,1.0,H,2001-2002,3557
3558,Leeds,Southampton,2.0,0.0,H,2001-2002,3558
3559,Leicester,Bolton,0.0,5.0,A,2001-2002,3559
3560,Liverpool,West Ham,2.0,1.0,H,2001-2002,3560
3561,Middlesbrough,Arsenal,0.0,4.0,A,2001-2002,3561
3562,Sunderland,Ipswich,1.0,0.0,H,2001-2002,3562
3563,Tottenham,Aston Villa,0.0,0.0,D,2001-2002,3563
3564,Chelsea,Newcastle,1.0,1.0,D,2001-2002,3564
3565,Man United,Fulham,3.0,2.0,H,2001-2002,3565
3566,Everton,Tottenham,1.0,1.0,D,2001-2002,3566
3567,Arsenal,Leeds,1.0,2.0,A,2001-2002,3567
3568,Bolton,Middlesbrough,1.0,0.0,H,2001-2002,3568
3569,Ipswich,Derby,3.0,1.0,H,2001-2002,3569
3570,Blackburn,Man United,2.0,2.0,D,2001-2002,3570
3571,Fulham,Sunderland,2.0,0.0,H,2001-2002,3571
3572,Arsenal,Leicester,4.0,0.0,H,2001-2002,3572
3573,Blackburn,Tottenham,2.0,1.0,H,2001-2002,3573
3574,Everton,Middlesbrough,2.0,0.0,H,2001-2002,3574
3575,Fulham,Derby,0.0,0.0,D,2001-2002,3575
3576,Ipswich,Charlton,0.0,1.0,A,2001-2002,3576
3577,Southampton,Chelsea,0.0,2.0,A,2001-2002,3577
3578,West Ham,Leeds,0.0,0.0,D,2001-2002,3578
3579,Aston Villa,Man United,1.0,1.0,D,2001-2002,3579
3580,Newcastle,Sunderland,1.0,1.0,D,2001-2002,3580
3581,Bolton,Liverpool,2.0,1.0,H,2001-2002,3581
3582,Chelsea,Arsenal,1.0,1.0,D,2001-2002,3582
3583,Derby,West Ham,0.0,0.0,D,2001-2002,3583
3584,Leeds,Bolton,0.0,0.0,D,2001-2002,3584
3585,Leicester,Ipswich,1.0,1.0,D,2001-2002,3585
3586,Liverpool,Aston Villa,1.0,3.0,A,2001-2002,3586
3587,Man United,Everton,4.0,1.0,H,2001-2002,3587
3588,Middlesbrough,Newcastle,1.0,4.0,A,2001-2002,3588
3589,Sunderland,Blackburn,1.0,0.0,H,2001-2002,3589
3590,Charlton,Fulham,1.0,1.0,D,2001-2002,3590
3591,Tottenham,Southampton,2.0,0.0,H,2001-2002,3591
3592,Bolton,Southampton,0.0,1.0,A,2001-2002,3592
3593,Derby,Leicester,2.0,3.0,A,2001-2002,3593
3594,Everton,Liverpool,1.0,3.0,A,2001-2002,3594
3595,Fulham,Arsenal,1.0,3.0,A,2001-2002,3595
3596,Middlesbrough,West Ham,2.0,0.0,H,2001-2002,3596
3597,Newcastle,Man United,4.0,3.0,H,2001-2002,3597
3598,Aston Villa,Sunderland,0.0,0.0,D,2001-2002,3598
3599,Charlton,Leeds,0.0,2.0,A,2001-2002,3599
3600,Ipswich,Blackburn,1.0,1.0,D,2001-2002,3600
3601,Tottenham,Chelsea,2.0,3.0,A,2001-2002,3601
3602,Leicester,Middlesbrough,1.0,2.0,A,2001-2002,3602
3603,Blackburn,Bolton,1.0,1.0,D,2001-2002,3603
3604,Sunderland,Tottenham,1.0,2.0,A,2001-2002,3604
3605,Arsenal,Bolton,1.0,1.0,D,2001-2002,3605
3606,Blackburn,Everton,1.0,0.0,H,2001-2002,3606
3607,Leicester,Fulham,0.0,0.0,D,2001-2002,3607
3608,Liverpool,Tottenham,1.0,0.0,H,2001-2002,3608
3609,Man United,Ipswich,4.0,0.0,H,2001-2002,3609
3610,Sunderland,Charlton,2.0,2.0,D,2001-2002,3610
3611,Chelsea,Middlesbrough,2.0,2.0,D,2001-2002,3611
3612,Leeds,Derby,3.0,0.0,H,2001-2002,3612
3613,West Ham,Newcastle,3.0,0.0,H,2001-2002,3613
3614,Southampton,Aston Villa,1.0,3.0,A,2001-2002,3614
3615,Newcastle,Leicester,1.0,0.0,H,2001-2002,3615
3616,Bolton,Sunderland,0.0,2.0,A,2001-2002,3616
3617,Charlton,Leicester,2.0,0.0,H,2001-2002,3617
3618,Derby,Arsenal,0.0,2.0,A,2001-2002,3618
3619,Everton,West Ham,5.0,0.0,H,2001-2002,3619
3620,Middlesbrough,Southampton,1.0,3.0,A,2001-2002,3620
3621,Tottenham,Man United,3.0,5.0,A,2001-2002,3621
3622,Aston Villa,Blackburn,2.0,0.0,H,2001-2002,3622
3623,Fulham,Chelsea,1.0,1.0,D,2001-2002,3623
3624,Ipswich,Leeds,1.0,2.0,A,2001-2002,3624
3625,Newcastle,Liverpool,0.0,2.0,A,2001-2002,3625
3626,Bolton,Newcastle,0.0,4.0,A,2001-2002,3626
3627,Charlton,Middlesbrough,0.0,0.0,D,2001-2002,3627
3628,Chelsea,Leicester,2.0,0.0,H,2001-2002,3628
3629,Ipswich,Everton,0.0,0.0,D,2001-2002,3629
3630,Liverpool,Leeds,1.0,1.0,D,2001-2002,3630
3631,Southampton,Arsenal,0.0,2.0,A,2001-2002,3631
3632,Sunderland,Man United,1.0,3.0,A,2001-2002,3632
3633,Aston Villa,Fulham,2.0,0.0,H,2001-2002,3633
3634,Blackburn,West Ham,7.0,1.0,H,2001-2002,3634
3635,Tottenham,Derby,3.0,1.0,H,2001-2002,3635
3636,Arsenal,Blackburn,3.0,3.0,D,2001-2002,3636
3637,Derby,Charlton,1.0,1.0,D,2001-2002,3637
3638,Everton,Aston Villa,3.0,2.0,H,2001-2002,3638
3639,Leicester,Liverpool,1.0,4.0,A,2001-2002,3639
3640,Man United,Bolton,1.0,2.0,A,2001-2002,3640
3641,West Ham,Southampton,2.0,0.0,H,2001-2002,3641
3642,Fulham,Ipswich,1.0,1.0,D,2001-2002,3642
3643,Leeds,Chelsea,0.0,0.0,D,2001-2002,3643
3644,Newcastle,Tottenham,0.0,2.0,A,2001-2002,3644
3645,Middlesbrough,Sunderland,2.0,0.0,H,2001-2002,3645
3646,Aston Villa,Charlton,1.0,0.0,H,2001-2002,3646
3647,Southampton,Ipswich,3.0,3.0,D,2001-2002,3647
3648,West Ham,Chelsea,2.0,1.0,H,2001-2002,3648
3649,Aston Villa,Bolton,3.0,2.0,H,2001-2002,3649
3650,Charlton,Liverpool,0.0,2.0,A,2001-2002,3650
3651,Everton,Newcastle,1.0,3.0,A,2001-2002,3651
3652,Fulham,Southampton,2.0,1.0,H,2001-2002,3652
3653,Man United,Leeds,1.0,1.0,D,2001-2002,3653
3654,Sunderland,Arsenal,1.0,1.0,D,2001-2002,3654
3655,Tottenham,Middlesbrough,2.0,1.0,H,2001-2002,3655
3656,Derby,Chelsea,1.0,1.0,D,2001-2002,3656
3657,Ipswich,West Ham,2.0,3.0,A,2001-2002,3657
3658,Blackburn,Leicester,0.0,0.0,D,2001-2002,3658
3659,Bolton,Everton,2.0,2.0,D,2001-2002,3659
3660,Leicester,Sunderland,1.0,0.0,H,2001-2002,3660
3661,Middlesbrough,Derby,5.0,1.0,H,2001-2002,3661
3662,Newcastle,Aston Villa,3.0,0.0,H,2001-2002,3662
3663,Southampton,Blackburn,1.0,2.0,A,2001-2002,3663
3664,West Ham,Fulham,0.0,2.0,A,2001-2002,3664
3665,Arsenal,Charlton,2.0,4.0,A,2001-2002,3665
3666,Chelsea,Ipswich,2.0,1.0,H,2001-2002,3666
3667,Leeds,Tottenham,2.0,1.0,H,2001-2002,3667
3668,Liverpool,Man United,3.0,1.0,H,2001-2002,3668
3669,Aston Villa,Middlesbrough,0.0,0.0,D,2001-2002,3669
3670,Blackburn,Liverpool,1.0,1.0,D,2001-2002,3670
3671,Derby,Southampton,1.0,0.0,H,2001-2002,3671
3672,Fulham,Newcastle,3.0,1.0,H,2001-2002,3672
3673,Man United,Leicester,2.0,0.0,H,2001-2002,3673
3674,Tottenham,Arsenal,1.0,1.0,D,2001-2002,3674
3675,Everton,Chelsea,0.0,0.0,D,2001-2002,3675
3676,Ipswich,Bolton,1.0,2.0,A,2001-2002,3676
3677,Sunderland,Leeds,2.0,0.0,H,2001-2002,3677
3678,Charlton,West Ham,4.0,4.0,D,2001-2002,3678
3679,Bolton,Fulham,0.0,0.0,D,2001-2002,3679
3680,Chelsea,Blackburn,0.0,0.0,D,2001-2002,3680
3681,Leicester,Everton,0.0,0.0,D,2001-2002,3681
3682,Newcastle,Derby,1.0,0.0,H,2001-2002,3682
3683,Southampton,Charlton,1.0,0.0,H,2001-2002,3683
3684,West Ham,Tottenham,0.0,1.0,A,2001-2002,3684
3685,Arsenal,Man United,3.0,1.0,H,2001-2002,3685
3686,Leeds,Aston Villa,1.0,1.0,D,2001-2002,3686
3687,Liverpool,Sunderland,1.0,0.0,H,2001-2002,3687
3688,Middlesbrough,Ipswich,0.0,0.0,D,2001-2002,3688
3689,Aston Villa,Leicester,0.0,2.0,A,2001-2002,3689
3690,Blackburn,Middlesbrough,0.0,1.0,A,2001-2002,3690
3691,Charlton,Newcastle,1.0,1.0,D,2001-2002,3691
3692,Derby,Liverpool,0.0,1.0,A,2001-2002,3692
3693,Ipswich,Arsenal,0.0,2.0,A,2001-2002,3693
3694,Man United,Chelsea,0.0,3.0,A,2001-2002,3694
3695,Sunderland,West Ham,1.0,0.0,H,2001-2002,3695
3696,Everton,Southampton,2.0,0.0,H,2001-2002,3696
3697,Fulham,Leeds,0.0,0.0,D,2001-2002,3697
3698,Tottenham,Bolton,3.0,2.0,H,2001-2002,3698
3699,Chelsea,Charlton,0.0,1.0,A,2001-2002,3699
3700,West Ham,Aston Villa,1.0,1.0,D,2001-2002,3700
3701,Charlton,Tottenham,3.0,1.0,H,2001-2002,3701
3702,Derby,Bolton,1.0,0.0,H,2001-2002,3702
3703,Fulham,Everton,2.0,0.0,H,2001-2002,3703
3704,Leicester,Southampton,0.0,4.0,A,2001-2002,3704
3705,Liverpool,Middlesbrough,2.0,0.0,H,2001-2002,3705
3706,Man United,West Ham,0.0,1.0,A,2001-2002,3706
3707,Arsenal,Aston Villa,3.0,2.0,H,2001-2002,3707
3708,Blackburn,Leeds,1.0,2.0,A,2001-2002,3708
3709,Ipswich,Newcastle,0.0,1.0,A,2001-2002,3709
3710,Sunderland,Chelsea,0.0,0.0,D,2001-2002,3710
3711,Liverpool,Fulham,0.0,0.0,D,2001-2002,3711
3712,Man United,Derby,5.0,0.0,H,2001-2002,3712
3713,Bolton,Charlton,0.0,0.0,D,2001-2002,3713
3714,Everton,Derby,1.0,0.0,H,2001-2002,3714
3715,Middlesbrough,Man United,0.0,1.0,A,2001-2002,3715
3716,Newcastle,Blackburn,2.0,1.0,H,2001-2002,3716
3717,Southampton,Sunderland,2.0,0.0,H,2001-2002,3717
3718,Tottenham,Fulham,4.0,0.0,H,2001-2002,3718
3719,West Ham,Arsenal,1.0,1.0,D,2001-2002,3719
3720,Chelsea,Liverpool,4.0,0.0,H,2001-2002,3720
3721,Leeds,Leicester,2.0,2.0,D,2001-2002,3721
3722,Aston Villa,Ipswich,2.0,1.0,H,2001-2002,3722
3723,Arsenal,Newcastle,1.0,3.0,A,2001-2002,3723
3724,Leeds,Everton,3.0,2.0,H,2001-2002,3724
3725,Charlton,Blackburn,0.0,2.0,A,2001-2002,3725
3726,Derby,Aston Villa,3.0,1.0,H,2001-2002,3726
3727,Leeds,Newcastle,3.0,4.0,A,2001-2002,3727
3728,Leicester,West Ham,1.0,1.0,D,2001-2002,3728
3729,Man United,Southampton,6.0,1.0,H,2001-2002,3729
3730,Sunderland,Everton,1.0,0.0,H,2001-2002,3730
3731,Tottenham,Ipswich,1.0,2.0,A,2001-2002,3731
3732,Chelsea,Bolton,5.0,1.0,H,2001-2002,3732
3733,Liverpool,Arsenal,1.0,2.0,A,2001-2002,3733
3734,Arsenal,Chelsea,2.0,1.0,H,2001-2002,3734
3735,Aston Villa,Liverpool,1.0,2.0,A,2001-2002,3735
3736,Blackburn,Sunderland,0.0,3.0,A,2001-2002,3736
3737,Bolton,Leeds,0.0,3.0,A,2001-2002,3737
3738,Everton,Man United,0.0,2.0,A,2001-2002,3738
3739,Fulham,Charlton,0.0,0.0,D,2001-2002,3739
3740,Ipswich,Leicester,2.0,0.0,H,2001-2002,3740
3741,Newcastle,Middlesbrough,3.0,0.0,H,2001-2002,3741
3742,Southampton,Tottenham,1.0,0.0,H,2001-2002,3742
3743,West Ham,Derby,4.0,0.0,H,2001-2002,3743
3744,Arsenal,Middlesbrough,2.0,1.0,H,2001-2002,3744
3745,Aston Villa,Tottenham,1.0,1.0,D,2001-2002,3745
3746,Blackburn,Derby,0.0,1.0,A,2001-2002,3746
3747,Bolton,Leicester,2.0,2.0,D,2001-2002,3747
3748,Everton,Charlton,0.0,3.0,A,2001-2002,3748
3749,Ipswich,Sunderland,5.0,0.0,H,2001-2002,3749
3750,Newcastle,Chelsea,1.0,2.0,A,2001-2002,3750
3751,Southampton,Leeds,0.0,1.0,A,2001-2002,3751
3752,West Ham,Liverpool,1.0,1.0,D,2001-2002,3752
3753,Fulham,Man United,2.0,3.0,A,2001-2002,3753
3754,Charlton,Ipswich,3.0,2.0,H,2001-2002,3754
3755,Chelsea,Southampton,2.0,4.0,A,2001-2002,3755
3756,Leeds,West Ham,3.0,0.0,H,2001-2002,3756
3757,Liverpool,Bolton,1.0,1.0,D,2001-2002,3757
3758,Middlesbrough,Everton,1.0,0.0,H,2001-2002,3758
3759,Sunderland,Aston Villa,1.0,1.0,D,2001-2002,3759
3760,Tottenham,Blackburn,1.0,0.0,H,2001-2002,3760
3761,Derby,Fulham,0.0,1.0,A,2001-2002,3761
3762,Man United,Newcastle,3.0,1.0,H,2001-2002,3762
3763,Southampton,Liverpool,2.0,0.0,H,2001-2002,3763
3764,Aston Villa,Derby,2.0,1.0,H,2001-2002,3764
3765,Blackburn,Charlton,4.0,1.0,H,2001-2002,3765
3766,Bolton,Chelsea,2.0,2.0,D,2001-2002,3766
3767,Everton,Sunderland,1.0,0.0,H,2001-2002,3767
3768,Fulham,Middlesbrough,2.0,1.0,H,2001-2002,3768
3769,Ipswich,Tottenham,2.0,1.0,H,2001-2002,3769
3770,Newcastle,Leeds,3.0,1.0,H,2001-2002,3770
3771,West Ham,Leicester,1.0,0.0,H,2001-2002,3771
3772,Arsenal,Liverpool,1.0,1.0,D,2001-2002,3772
3773,Southampton,Man United,1.0,3.0,A,2001-2002,3773
3774,Derby,Ipswich,1.0,3.0,A,2001-2002,3774
3775,Leicester,Newcastle,0.0,0.0,D,2001-2002,3775
3776,Liverpool,Southampton,1.0,1.0,D,2001-2002,3776
3777,Man United,Blackburn,2.0,1.0,H,2001-2002,3777
3778,Middlesbrough,Bolton,1.0,1.0,D,2001-2002,3778
3779,Sunderland,Fulham,1.0,1.0,D,2001-2002,3779
3780,Tottenham,Everton,1.0,1.0,D,2001-2002,3780
3781,Chelsea,West Ham,5.0,1.0,H,2001-2002,3781
3782,Leeds,Arsenal,1.0,1.0,D,2001-2002,3782
3783,Charlton,Aston Villa,1.0,2.0,A,2001-2002,3783
3784,Man United,Liverpool,0.0,1.0,A,2001-2002,3784
3785,Leicester,Arsenal,1.0,3.0,A,2001-2002,3785
3786,Bolton,Man United,0.0,4.0,A,2001-2002,3786
3787,Charlton,Derby,1.0,0.0,H,2001-2002,3787
3788,Sunderland,Middlesbrough,0.0,1.0,A,2001-2002,3788
3789,Aston Villa,Everton,0.0,0.0,D,2001-2002,3789
3790,Blackburn,Arsenal,2.0,3.0,A,2001-2002,3790
3791,Chelsea,Leeds,2.0,0.0,H,2001-2002,3791
3792,Ipswich,Fulham,1.0,0.0,H,2001-2002,3792
3793,Liverpool,Leicester,1.0,0.0,H,2001-2002,3793
3794,Southampton,West Ham,2.0,0.0,H,2001-2002,3794
3795,Tottenham,Newcastle,1.0,3.0,A,2001-2002,3795
3796,Arsenal,Southampton,1.0,1.0,D,2001-2002,3796
3797,Derby,Tottenham,1.0,0.0,H,2001-2002,3797
3798,Everton,Ipswich,1.0,2.0,A,2001-2002,3798
3799,Fulham,Aston Villa,0.0,0.0,D,2001-2002,3799
3800,Leicester,Chelsea,2.0,3.0,A,2001-2002,3800
3801,Man United,Sunderland,4.0,1.0,H,2001-2002,3801
3802,Newcastle,Bolton,3.0,2.0,H,2001-2002,3802
3803,West Ham,Blackburn,2.0,0.0,H,2001-2002,3803
3804,Leeds,Liverpool,0.0,4.0,A,2001-2002,3804
3805,Middlesbrough,Charlton,0.0,0.0,D,2001-2002,3805
3806,Aston Villa,Chelsea,1.0,1.0,D,2001-2002,3806
3807,Bolton,West Ham,1.0,0.0,H,2001-2002,3807
3808,Derby,Sunderland,0.0,1.0,A,2001-2002,3808
3809,Fulham,Blackburn,2.0,0.0,H,2001-2002,3809
3810,Ipswich,Liverpool,0.0,6.0,A,2001-2002,3810
3811,Middlesbrough,Leeds,2.0,2.0,D,2001-2002,3811
3812,Newcastle,Southampton,3.0,1.0,H,2001-2002,3812
3813,Tottenham,Leicester,2.0,1.0,H,2001-2002,3813
3814,Charlton,Man United,0.0,2.0,A,2001-2002,3814
3815,Everton,Arsenal,0.0,1.0,A,2001-2002,3815
3816,Middlesbrough,Fulham,2.0,1.0,H,2001-2002,3816
3817,Arsenal,Fulham,4.0,1.0,H,2001-2002,3817
3818,Leicester,Derby,0.0,3.0,A,2001-2002,3818
3819,Liverpool,Everton,1.0,1.0,D,2001-2002,3819
3820,Man United,Aston Villa,1.0,0.0,H,2001-2002,3820
3821,Southampton,Bolton,0.0,0.0,D,2001-2002,3821
3822,West Ham,Middlesbrough,1.0,0.0,H,2001-2002,3822
3823,Leeds,Charlton,0.0,0.0,D,2001-2002,3823
3824,Sunderland,Newcastle,0.0,1.0,A,2001-2002,3824
3825,Aston Villa,West Ham,2.0,1.0,H,2001-2002,3825
3826,Bolton,Blackburn,1.0,1.0,D,2001-2002,3826
3827,Charlton,Chelsea,2.0,1.0,H,2001-2002,3827
3828,Fulham,Liverpool,0.0,2.0,A,2001-2002,3828
3829,Ipswich,Southampton,1.0,3.0,A,2001-2002,3829
3830,Middlesbrough,Leicester,1.0,0.0,H,2001-2002,3830
3831,Newcastle,Arsenal,0.0,2.0,A,2001-2002,3831
3832,Tottenham,Sunderland,2.0,1.0,H,2001-2002,3832
3833,Derby,Man United,2.0,2.0,D,2001-2002,3833
3834,Everton,Leeds,0.0,0.0,D,2001-2002,3834
3835,Arsenal,Derby,1.0,0.0,H,2001-2002,3835
3836,Blackburn,Aston Villa,3.0,0.0,H,2001-2002,3836
3837,Sunderland,Bolton,1.0,0.0,H,2001-2002,3837
3838,Chelsea,Fulham,3.0,2.0,H,2001-2002,3838
3839,Leeds,Ipswich,2.0,0.0,H,2001-2002,3839
3840,Liverpool,Newcastle,3.0,0.0,H,2001-2002,3840
3841,Man United,Tottenham,4.0,0.0,H,2001-2002,3841
3842,Southampton,Middlesbrough,1.0,1.0,D,2001-2002,3842
3843,West Ham,Everton,1.0,0.0,H,2001-2002,3843
3844,Leicester,Charlton,1.0,1.0,D,2001-2002,3844
3845,Blackburn,Ipswich,2.0,1.0,H,2001-2002,3845
3846,Chelsea,Tottenham,4.0,0.0,H,2001-2002,3846
3847,Bolton,Derby,1.0,3.0,A,2001-2002,3847
3848,Chelsea,Sunderland,4.0,0.0,H,2001-2002,3848
3849,Everton,Fulham,2.0,1.0,H,2001-2002,3849
3850,Middlesbrough,Liverpool,1.0,2.0,A,2001-2002,3850
3851,Newcastle,Ipswich,2.0,2.0,D,2001-2002,3851
3852,Southampton,Leicester,2.0,2.0,D,2001-2002,3852
3853,West Ham,Man United,3.0,5.0,A,2001-2002,3853
3854,Aston Villa,Arsenal,1.0,2.0,A,2001-2002,3854
3855,Leeds,Blackburn,3.0,1.0,H,2001-2002,3855
3856,Tottenham,Charlton,0.0,1.0,A,2001-2002,3856
3857,Charlton,Bolton,1.0,2.0,A,2001-2002,3857
3858,Derby,Everton,3.0,4.0,A,2001-2002,3858
3859,Ipswich,Aston Villa,0.0,0.0,D,2001-2002,3859
3860,Leicester,Leeds,0.0,2.0,A,2001-2002,3860
3861,Man United,Middlesbrough,0.0,1.0,A,2001-2002,3861
3862,Sunderland,Southampton,1.0,1.0,D,2001-2002,3862
3863,Fulham,Tottenham,0.0,2.0,A,2001-2002,3863
3864,Liverpool,Chelsea,1.0,0.0,H,2001-2002,3864
3865,Newcastle,Everton,6.0,2.0,H,2001-2002,3865
3866,Arsenal,Sunderland,3.0,0.0,H,2001-2002,3866
3867,Bolton,Aston Villa,3.0,2.0,H,2001-2002,3867
3868,Chelsea,Derby,2.0,1.0,H,2001-2002,3868
3869,Leeds,Man United,3.0,4.0,A,2001-2002,3869
3870,Leicester,Blackburn,2.0,1.0,H,2001-2002,3870
3871,Liverpool,Charlton,2.0,0.0,H,2001-2002,3871
3872,Middlesbrough,Tottenham,1.0,1.0,D,2001-2002,3872
3873,Southampton,Fulham,1.0,1.0,D,2001-2002,3873
3874,West Ham,Ipswich,3.0,1.0,H,2001-2002,3874
3875,Blackburn,Southampton,2.0,0.0,H,2001-2002,3875
3876,Charlton,Arsenal,0.0,3.0,A,2001-2002,3876
3877,Derby,Middlesbrough,0.0,1.0,A,2001-2002,3877
3878,Everton,Bolton,3.0,1.0,H,2001-2002,3878
3879,Fulham,West Ham,0.0,1.0,A,2001-2002,3879
3880,Ipswich,Chelsea,0.0,0.0,D,2001-2002,3880
3881,Sunderland,Leicester,2.0,1.0,H,2001-2002,3881
3882,Tottenham,Leeds,2.0,1.0,H,2001-2002,3882
3883,Aston Villa,Newcastle,1.0,1.0,D,2001-2002,3883
3884,Arsenal,Tottenham,2.0,1.0,H,2001-2002,3884
3885,Bolton,Ipswich,4.0,1.0,H,2001-2002,3885
3886,Chelsea,Everton,3.0,0.0,H,2001-2002,3886
3887,Leicester,Man United,0.0,1.0,A,2001-2002,3887
3888,Middlesbrough,Aston Villa,2.0,1.0,H,2001-2002,3888
3889,Southampton,Derby,2.0,0.0,H,2001-2002,3889
3890,West Ham,Charlton,2.0,0.0,H,2001-2002,3890
3891,Leeds,Sunderland,2.0,0.0,H,2001-2002,3891
3892,Newcastle,Fulham,1.0,1.0,D,2001-2002,3892
3893,Blackburn,Chelsea,0.0,0.0,D,2001-2002,3893
3894,Aston Villa,Leeds,0.0,1.0,A,2001-2002,3894
3895,Charlton,Southampton,1.0,1.0,D,2001-2002,3895
3896,Derby,Newcastle,2.0,3.0,A,2001-2002,3896
3897,Everton,Leicester,2.0,2.0,D,2001-2002,3897
3898,Sunderland,Liverpool,0.0,1.0,A,2001-2002,3898
3899,Tottenham,West Ham,1.0,1.0,D,2001-2002,3899
3900,Bolton,Tottenham,1.0,1.0,D,2001-2002,3900
3901,Chelsea,Man United,0.0,3.0,A,2001-2002,3901
3902,Leeds,Fulham,0.0,1.0,A,2001-2002,3902
3903,Leicester,Aston Villa,2.0,2.0,D,2001-2002,3903
3904,Liverpool,Derby,2.0,0.0,H,2001-2002,3904
3905,Middlesbrough,Blackburn,1.0,3.0,A,2001-2002,3905
3906,Newcastle,Charlton,3.0,0.0,H,2001-2002,3906
3907,Southampton,Everton,0.0,1.0,A,2001-2002,3907
3908,West Ham,Sunderland,3.0,0.0,H,2001-2002,3908
3909,Arsenal,Ipswich,2.0,0.0,H,2001-2002,3909
3910,Blackburn,Newcastle,2.0,2.0,D,2001-2002,3910
3911,Fulham,Bolton,3.0,0.0,H,2001-2002,3911
3912,Arsenal,West Ham,2.0,0.0,H,2001-2002,3912
3913,Ipswich,Middlesbrough,1.0,0.0,H,2001-2002,3913
3914,Aston Villa,Southampton,2.0,1.0,H,2001-2002,3914
3915,Charlton,Sunderland,2.0,2.0,D,2001-2002,3915
3916,Derby,Leeds,0.0,1.0,A,2001-2002,3916
3917,Fulham,Leicester,0.0,0.0,D,2001-2002,3917
3918,Ipswich,Man United,0.0,1.0,A,2001-2002,3918
3919,Middlesbrough,Chelsea,0.0,2.0,A,2001-2002,3919
3920,Newcastle,West Ham,3.0,1.0,H,2001-2002,3920
3921,Tottenham,Liverpool,1.0,0.0,H,2001-2002,3921
3922,Everton,Blackburn,1.0,2.0,A,2001-2002,3922
3923,Bolton,Arsenal,0.0,2.0,A,2001-2002,3923
3924,Liverpool,Blackburn,4.0,3.0,H,2001-2002,3924
3925,Man United,Arsenal,0.0,1.0,A,2001-2002,3925
3926,Arsenal,Everton,4.0,3.0,H,2001-2002,3926
3927,Blackburn,Fulham,3.0,0.0,H,2001-2002,3927
3928,Chelsea,Aston Villa,1.0,3.0,A,2001-2002,3928
3929,Leeds,Middlesbrough,1.0,0.0,H,2001-2002,3929
3930,Leicester,Tottenham,2.0,1.0,H,2001-2002,3930
3931,Liverpool,Ipswich,5.0,0.0,H,2001-2002,3931
3932,Man United,Charlton,0.0,0.0,D,2001-2002,3932
3933,Southampton,Newcastle,3.0,1.0,H,2001-2002,3933
3934,Sunderland,Derby,1.0,1.0,D,2001-2002,3934
3935,West Ham,Bolton,2.0,1.0,H,2001-2002,3935
3936,Blackburn,Sunderland,0.0,0.0,D,2002-2003,3936
3937,Charlton,Chelsea,2.0,3.0,A,2002-2003,3937
3938,Everton,Tottenham,2.0,2.0,D,2002-2003,3938
3939,Fulham,Bolton,4.0,1.0,H,2002-2003,3939
3940,Leeds,Man City,3.0,0.0,H,2002-2003,3940
3941,Man United,West Brom,1.0,0.0,H,2002-2003,3941
3942,Southampton,Middlesbrough,0.0,0.0,D,2002-2003,3942
3943,Arsenal,Birmingham,2.0,0.0,H,2002-2003,3943
3944,Aston Villa,Liverpool,0.0,1.0,A,2002-2003,3944
3945,Newcastle,West Ham,4.0,0.0,H,2002-2003,3945
3946,Chelsea,Man United,2.0,2.0,D,2002-2003,3946
3947,Birmingham,Blackburn,0.0,1.0,A,2002-2003,3947
3948,Bolton,Charlton,1.0,2.0,A,2002-2003,3948
3949,Liverpool,Southampton,3.0,0.0,H,2002-2003,3949
3950,Man City,Newcastle,1.0,0.0,H,2002-2003,3950
3951,Middlesbrough,Fulham,2.0,2.0,D,2002-2003,3951
3952,Sunderland,Everton,0.0,1.0,A,2002-2003,3952
3953,Tottenham,Aston Villa,1.0,0.0,H,2002-2003,3953
3954,West Brom,Leeds,1.0,3.0,A,2002-2003,3954
3955,West Ham,Arsenal,2.0,2.0,D,2002-2003,3955
3956,Arsenal,West Brom,5.0,2.0,H,2002-2003,3956
3957,Charlton,Tottenham,0.0,1.0,A,2002-2003,3957
3958,Aston Villa,Man City,1.0,0.0,H,2002-2003,3958
3959,Blackburn,Liverpool,2.0,2.0,D,2002-2003,3959
3960,Everton,Birmingham,1.0,1.0,D,2002-2003,3960
3961,Leeds,Sunderland,0.0,1.0,A,2002-2003,3961
3962,Southampton,Chelsea,1.0,1.0,D,2002-2003,3962
3963,Birmingham,Leeds,2.0,1.0,H,2002-2003,3963
3964,Man City,Everton,3.0,1.0,H,2002-2003,3964
3965,Middlesbrough,Blackburn,1.0,0.0,H,2002-2003,3965
3966,Sunderland,Man United,1.0,1.0,D,2002-2003,3966
3967,Tottenham,Southampton,2.0,1.0,H,2002-2003,3967
3968,West Brom,Fulham,1.0,0.0,H,2002-2003,3968
3969,West Ham,Charlton,0.0,2.0,A,2002-2003,3969
3970,Bolton,Aston Villa,1.0,0.0,H,2002-2003,3970
3971,Chelsea,Arsenal,1.0,1.0,D,2002-2003,3971
3972,Liverpool,Newcastle,2.0,2.0,D,2002-2003,3972
3973,Man United,Middlesbrough,1.0,0.0,H,2002-2003,3973
3974,Arsenal,Man City,2.0,1.0,H,2002-2003,3974
3975,Middlesbrough,Sunderland,3.0,0.0,H,2002-2003,3975
3976,Aston Villa,Charlton,2.0,0.0,H,2002-2003,3976
3977,Blackburn,Chelsea,2.0,3.0,A,2002-2003,3977
3978,Fulham,Tottenham,3.0,2.0,H,2002-2003,3978
3979,Liverpool,Birmingham,2.0,2.0,D,2002-2003,3979
3980,Man United,Bolton,0.0,1.0,A,2002-2003,3980
3981,Newcastle,Leeds,0.0,2.0,A,2002-2003,3981
3982,Southampton,Everton,1.0,0.0,H,2002-2003,3982
3983,West Ham,West Brom,0.0,1.0,A,2002-2003,3983
3984,Bolton,Liverpool,2.0,3.0,A,2002-2003,3984
3985,Charlton,Arsenal,0.0,3.0,A,2002-2003,3985
3986,Chelsea,Newcastle,3.0,0.0,H,2002-2003,3986
3987,Everton,Middlesbrough,2.0,1.0,H,2002-2003,3987
3988,Leeds,Man United,1.0,0.0,H,2002-2003,3988
3989,Sunderland,Fulham,0.0,3.0,A,2002-2003,3989
3990,West Brom,Southampton,1.0,0.0,H,2002-2003,3990
3991,Man City,Blackburn,2.0,2.0,D,2002-2003,3991
3992,Tottenham,West Ham,3.0,2.0,H,2002-2003,3992
3993,Birmingham,Aston Villa,3.0,0.0,H,2002-2003,3993
3994,Arsenal,Bolton,2.0,1.0,H,2002-2003,3994
3995,Liverpool,West Brom,2.0,0.0,H,2002-2003,3995
3996,Man United,Tottenham,1.0,0.0,H,2002-2003,3996
3997,Middlesbrough,Birmingham,1.0,0.0,H,2002-2003,3997
3998,Newcastle,Sunderland,2.0,0.0,H,2002-2003,3998
3999,Southampton,Charlton,0.0,0.0,D,2002-2003,3999
4000,West Ham,Man City,0.0,0.0,D,2002-2003,4000
4001,Aston Villa,Everton,3.0,2.0,H,2002-2003,4001
4002,Blackburn,Leeds,1.0,0.0,H,2002-2003,4002
4003,Fulham,Chelsea,0.0,0.0,D,2002-2003,4003
4004,Birmingham,Newcastle,0.0,2.0,A,2002-2003,4004
4005,Bolton,Southampton,1.0,1.0,D,2002-2003,4005
4006,Charlton,Man United,1.0,3.0,A,2002-2003,4006
4007,Chelsea,West Ham,2.0,3.0,A,2002-2003,4007
4008,Everton,Fulham,2.0,0.0,H,2002-2003,4008
4009,Leeds,Arsenal,1.0,4.0,A,2002-2003,4009
4010,Man City,Liverpool,0.0,3.0,A,2002-2003,4010
4011,Sunderland,Aston Villa,1.0,0.0,H,2002-2003,4011
4012,Tottenham,Middlesbrough,0.0,3.0,A,2002-2003,4012
4013,West Brom,Blackburn,0.0,2.0,A,2002-2003,4013
4014,Middlesbrough,Bolton,2.0,0.0,H,2002-2003,4014
4015,Newcastle,West Brom,2.0,1.0,H,2002-2003,4015
4016,Southampton,Man City,2.0,0.0,H,2002-2003,4016
4017,West Ham,Birmingham,1.0,2.0,A,2002-2003,4017
4018,Arsenal,Sunderland,3.0,1.0,H,2002-2003,4018
4019,Aston Villa,Leeds,0.0,0.0,D,2002-2003,4019
4020,Blackburn,Tottenham,1.0,2.0,A,2002-2003,4020
4021,Fulham,Charlton,1.0,0.0,H,2002-2003,4021
4022,Liverpool,Chelsea,1.0,0.0,H,2002-2003,4022
4023,Man United,Everton,3.0,0.0,H,2002-2003,4023
4024,Blackburn,Newcastle,5.0,2.0,H,2002-2003,4024
4025,Everton,Arsenal,2.0,1.0,H,2002-2003,4025
4026,Fulham,Man United,1.0,1.0,D,2002-2003,4026
4027,Leeds,Liverpool,0.0,1.0,A,2002-2003,4027
4028,Man City,Chelsea,0.0,3.0,A,2002-2003,4028
4029,Sunderland,West Ham,0.0,1.0,A,2002-2003,4029
4030,West Brom,Birmingham,1.0,1.0,D,2002-2003,4030
4031,Charlton,Middlesbrough,1.0,0.0,H,2002-2003,4031
4032,Tottenham,Bolton,3.0,1.0,H,2002-2003,4032
4033,Aston Villa,Southampton,0.0,1.0,A,2002-2003,4033
4034,Fulham,West Ham,0.0,1.0,A,2002-2003,4034
4035,Arsenal,Blackburn,1.0,2.0,A,2002-2003,4035
4036,Birmingham,Man City,0.0,2.0,A,2002-2003,4036
4037,Chelsea,West Brom,2.0,0.0,H,2002-2003,4037
4038,Liverpool,Tottenham,2.0,1.0,H,2002-2003,4038
4039,Man United,Aston Villa,1.0,1.0,D,2002-2003,4039
4040,Middlesbrough,Leeds,2.0,2.0,D,2002-2003,4040
4041,Newcastle,Charlton,2.0,1.0,H,2002-2003,4041
4042,Southampton,Fulham,4.0,2.0,H,2002-2003,4042
4043,West Ham,Everton,0.0,1.0,A,2002-2003,4043
4044,Bolton,Sunderland,1.0,1.0,D,2002-2003,4044
4045,Birmingham,Bolton,3.0,1.0,H,2002-2003,4045
4046,Liverpool,West Ham,2.0,0.0,H,2002-2003,4046
4047,Man United,Southampton,2.0,1.0,H,2002-2003,4047
4048,West Brom,Man City,1.0,2.0,A,2002-2003,4048
4049,Blackburn,Aston Villa,0.0,0.0,D,2002-2003,4049
4050,Charlton,Sunderland,1.0,1.0,D,2002-2003,4050
4051,Fulham,Arsenal,0.0,1.0,A,2002-2003,4051
4052,Leeds,Everton,0.0,1.0,A,2002-2003,4052
4053,Tottenham,Chelsea,0.0,0.0,D,2002-2003,4053
4054,Newcastle,Middlesbrough,2.0,0.0,H,2002-2003,4054
4055,Arsenal,Newcastle,1.0,0.0,H,2002-2003,4055
4056,Aston Villa,Fulham,3.0,1.0,H,2002-2003,4056
4057,Bolton,West Brom,1.0,1.0,D,2002-2003,4057
4058,Chelsea,Birmingham,3.0,0.0,H,2002-2003,4058
4059,Everton,Charlton,1.0,0.0,H,2002-2003,4059
4060,Man City,Man United,3.0,1.0,H,2002-2003,4060
4061,Middlesbrough,Liverpool,1.0,0.0,H,2002-2003,4061
4062,Southampton,Blackburn,1.0,1.0,D,2002-2003,4062
4063,Sunderland,Tottenham,2.0,0.0,H,2002-2003,4063
4064,West Ham,Leeds,3.0,4.0,A,2002-2003,4064
4065,Arsenal,Tottenham,3.0,0.0,H,2002-2003,4065
4066,Chelsea,Middlesbrough,1.0,0.0,H,2002-2003,4066
4067,Man City,Charlton,0.0,1.0,A,2002-2003,4067
4068,Newcastle,Southampton,2.0,1.0,H,2002-2003,4068
4069,West Brom,Aston Villa,0.0,0.0,D,2002-2003,4069
4070,Birmingham,Fulham,0.0,0.0,D,2002-2003,4070
4071,Blackburn,Everton,0.0,1.0,A,2002-2003,4071
4072,Leeds,Bolton,2.0,4.0,A,2002-2003,4072
4073,Liverpool,Sunderland,0.0,0.0,D,2002-2003,4073
4074,West Ham,Man United,1.0,1.0,D,2002-2003,4074
4075,Aston Villa,West Ham,4.0,1.0,H,2002-2003,4075
4076,Bolton,Chelsea,1.0,1.0,D,2002-2003,4076
4077,Everton,West Brom,1.0,0.0,H,2002-2003,4077
4078,Fulham,Liverpool,3.0,2.0,H,2002-2003,4078
4079,Man United,Newcastle,5.0,3.0,H,2002-2003,4079
4080,Middlesbrough,Man City,3.0,1.0,H,2002-2003,4080
4081,Southampton,Arsenal,3.0,2.0,H,2002-2003,4081
4082,Sunderland,Birmingham,0.0,1.0,A,2002-2003,4082
4083,Charlton,Blackburn,3.0,1.0,H,2002-2003,4083
4084,Tottenham,Leeds,2.0,0.0,H,2002-2003,4084
4085,Arsenal,Aston Villa,3.0,1.0,H,2002-2003,4085
4086,Birmingham,Tottenham,1.0,1.0,D,2002-2003,4086
4087,Blackburn,Fulham,2.0,1.0,H,2002-2003,4087
4088,Chelsea,Sunderland,3.0,0.0,H,2002-2003,4088
4089,Man City,Bolton,2.0,0.0,H,2002-2003,4089
4090,West Brom,Middlesbrough,1.0,0.0,H,2002-2003,4090
4091,Leeds,Charlton,1.0,2.0,A,2002-2003,4091
4092,Liverpool,Man United,1.0,2.0,A,2002-2003,4092
4093,Newcastle,Everton,2.0,1.0,H,2002-2003,4093
4094,West Ham,Southampton,0.0,1.0,A,2002-2003,4094
4095,Aston Villa,Newcastle,0.0,1.0,A,2002-2003,4095
4096,Bolton,Blackburn,1.0,1.0,D,2002-2003,4096
4097,Charlton,Liverpool,2.0,0.0,H,2002-2003,4097
4098,Everton,Chelsea,1.0,3.0,A,2002-2003,4098
4099,Fulham,Leeds,1.0,0.0,H,2002-2003,4099
4100,Man United,Arsenal,2.0,0.0,H,2002-2003,4100
4101,Middlesbrough,West Ham,2.0,2.0,D,2002-2003,4101
4102,Southampton,Birmingham,2.0,0.0,H,2002-2003,4102
4103,Tottenham,West Brom,3.0,1.0,H,2002-2003,4103
4104,Sunderland,Man City,0.0,3.0,A,2002-2003,4104
4105,Aston Villa,West Brom,2.0,1.0,H,2002-2003,4105
4106,Charlton,Man City,2.0,2.0,D,2002-2003,4106
4107,Everton,Blackburn,2.0,1.0,H,2002-2003,4107
4108,Man United,West Ham,3.0,0.0,H,2002-2003,4108
4109,Middlesbrough,Chelsea,1.0,1.0,D,2002-2003,4109
4110,Southampton,Newcastle,1.0,1.0,D,2002-2003,4110
4111,Fulham,Birmingham,0.0,1.0,A,2002-2003,4111
4112,Sunderland,Liverpool,2.0,1.0,H,2002-2003,4112
4113,Tottenham,Arsenal,1.0,1.0,D,2002-2003,4113
4114,Bolton,Leeds,0.0,3.0,A,2002-2003,4114
4115,Arsenal,Middlesbrough,2.0,0.0,H,2002-2003,4115
4116,Birmingham,Charlton,1.0,1.0,D,2002-2003,4116
4117,Chelsea,Aston Villa,2.0,0.0,H,2002-2003,4117
4118,Leeds,Southampton,1.0,1.0,D,2002-2003,4118
4119,Newcastle,Fulham,2.0,0.0,H,2002-2003,4119
4120,West Brom,Sunderland,2.0,2.0,D,2002-2003,4120
4121,West Ham,Bolton,1.0,1.0,D,2002-2003,4121
4122,Blackburn,Man United,1.0,0.0,H,2002-2003,4122
4123,Liverpool,Everton,0.0,0.0,D,2002-2003,4123
4124,Man City,Tottenham,2.0,3.0,A,2002-2003,4124
4125,Birmingham,Everton,1.0,1.0,D,2002-2003,4125
4126,Bolton,Newcastle,4.0,3.0,H,2002-2003,4126
4127,Chelsea,Southampton,0.0,0.0,D,2002-2003,4127
4128,Liverpool,Blackburn,1.0,1.0,D,2002-2003,4128
4129,Man City,Aston Villa,3.0,1.0,H,2002-2003,4129
4130,Middlesbrough,Man United,3.0,1.0,H,2002-2003,4130
4131,Sunderland,Leeds,1.0,2.0,A,2002-2003,4131
4132,Tottenham,Charlton,2.0,2.0,D,2002-2003,4132
4133,West Brom,Arsenal,1.0,2.0,A,2002-2003,4133
4134,West Ham,Fulham,1.0,1.0,D,2002-2003,4134
4135,Aston Villa,Middlesbrough,1.0,0.0,H,2002-2003,4135
4136,Blackburn,West Ham,2.0,2.0,D,2002-2003,4136
4137,Charlton,West Brom,1.0,0.0,H,2002-2003,4137
4138,Everton,Bolton,0.0,0.0,D,2002-2003,4138
4139,Fulham,Man City,0.0,1.0,A,2002-2003,4139
4140,Leeds,Chelsea,2.0,0.0,H,2002-2003,4140
4141,Man United,Birmingham,2.0,0.0,H,2002-2003,4141
4142,Southampton,Sunderland,2.0,1.0,H,2002-2003,4142
4143,Arsenal,Liverpool,1.0,1.0,D,2002-2003,4143
4144,Newcastle,Tottenham,2.0,1.0,H,2002-2003,4144
4145,Arsenal,Chelsea,3.0,2.0,H,2002-2003,4145
4146,Aston Villa,Bolton,2.0,0.0,H,2002-2003,4146
4147,Blackburn,Middlesbrough,1.0,0.0,H,2002-2003,4147
4148,Everton,Man City,2.0,2.0,D,2002-2003,4148
4149,Leeds,Birmingham,2.0,0.0,H,2002-2003,4149
4150,Man United,Sunderland,2.0,1.0,H,2002-2003,4150
4151,Newcastle,Liverpool,1.0,0.0,H,2002-2003,4151
4152,Southampton,Tottenham,1.0,0.0,H,2002-2003,4152
4153,Bolton,Fulham,0.0,0.0,D,2002-2003,4153
4154,Chelsea,Charlton,4.0,1.0,H,2002-2003,4154
4155,Liverpool,Aston Villa,1.0,1.0,D,2002-2003,4155
4156,Man City,Leeds,2.0,1.0,H,2002-2003,4156
4157,Middlesbrough,Southampton,2.0,2.0,D,2002-2003,4157
4158,Sunderland,Blackburn,0.0,0.0,D,2002-2003,4158
4159,West Brom,Man United,1.0,3.0,A,2002-2003,4159
4160,West Ham,Newcastle,2.0,2.0,D,2002-2003,4160
4161,Birmingham,Arsenal,0.0,4.0,A,2002-2003,4161
4162,Tottenham,Everton,4.0,3.0,H,2002-2003,4162
4163,Aston Villa,Tottenham,0.0,1.0,A,2002-2003,4163
4164,Blackburn,Birmingham,1.0,1.0,D,2002-2003,4164
4165,Charlton,Bolton,1.0,1.0,D,2002-2003,4165
4166,Everton,Sunderland,2.0,1.0,H,2002-2003,4166
4167,Leeds,West Brom,0.0,0.0,D,2002-2003,4167
4168,Man United,Chelsea,2.0,1.0,H,2002-2003,4168
4169,Newcastle,Man City,2.0,0.0,H,2002-2003,4169
4170,Southampton,Liverpool,0.0,1.0,A,2002-2003,4170
4171,Arsenal,West Ham,3.0,1.0,H,2002-2003,4171
4172,Fulham,Middlesbrough,1.0,0.0,H,2002-2003,4172
4173,Charlton,West Ham,4.0,2.0,H,2002-2003,4173
4174,Newcastle,Bolton,1.0,0.0,H,2002-2003,4174
4175,Bolton,Everton,1.0,2.0,A,2002-2003,4175
4176,Chelsea,Leeds,3.0,2.0,H,2002-2003,4176
4177,Middlesbrough,Aston Villa,2.0,5.0,A,2002-2003,4177
4178,Sunderland,Southampton,0.0,1.0,A,2002-2003,4178
4179,Liverpool,Arsenal,2.0,2.0,D,2002-2003,4179
4180,Man City,Fulham,4.0,1.0,H,2002-2003,4180
4181,Tottenham,Newcastle,0.0,1.0,A,2002-2003,4181
4182,West Brom,Charlton,0.0,1.0,A,2002-2003,4182
4183,West Ham,Blackburn,2.0,1.0,H,2002-2003,4183
4184,Arsenal,Fulham,2.0,1.0,H,2002-2003,4184
4185,Bolton,Birmingham,4.0,2.0,H,2002-2003,4185
4186,Chelsea,Tottenham,1.0,1.0,D,2002-2003,4186
4187,Everton,Leeds,2.0,0.0,H,2002-2003,4187
4188,Man City,West Brom,1.0,2.0,A,2002-2003,4188
4189,Southampton,Man United,0.0,2.0,A,2002-2003,4189
4190,Sunderland,Charlton,1.0,3.0,A,2002-2003,4190
4191,Aston Villa,Blackburn,3.0,0.0,H,2002-2003,4191
4192,West Ham,Liverpool,0.0,3.0,A,2002-2003,4192
4193,Birmingham,Man United,0.0,1.0,A,2002-2003,4193
4194,Birmingham,Chelsea,1.0,3.0,A,2002-2003,4194
4195,Blackburn,Southampton,1.0,0.0,H,2002-2003,4195
4196,Charlton,Everton,2.0,1.0,H,2002-2003,4196
4197,Fulham,Aston Villa,2.0,1.0,H,2002-2003,4197
4198,Leeds,West Ham,1.0,0.0,H,2002-2003,4198
4199,Liverpool,Middlesbrough,1.0,1.0,D,2002-2003,4199
4200,Tottenham,Sunderland,4.0,1.0,H,2002-2003,4200
4201,West Brom,Bolton,1.0,1.0,D,2002-2003,4201
4202,Man United,Man City,1.0,1.0,D,2002-2003,4202
4203,Newcastle,Arsenal,1.0,1.0,D,2002-2003,4203
4204,Fulham,West Brom,3.0,0.0,H,2002-2003,4204
4205,Bolton,Man United,1.0,1.0,D,2002-2003,4205
4206,Charlton,Aston Villa,3.0,0.0,H,2002-2003,4206
4207,Chelsea,Blackburn,1.0,2.0,A,2002-2003,4207
4208,Everton,Southampton,2.0,1.0,H,2002-2003,4208
4209,Leeds,Newcastle,0.0,3.0,A,2002-2003,4209
4210,Man City,Arsenal,1.0,5.0,A,2002-2003,4210
4211,Sunderland,Middlesbrough,1.0,3.0,A,2002-2003,4211
4212,Birmingham,Liverpool,2.0,1.0,H,2002-2003,4212
4213,West Brom,West Ham,1.0,2.0,A,2002-2003,4213
4214,Tottenham,Fulham,1.0,1.0,D,2002-2003,4214
4215,Blackburn,Man City,1.0,0.0,H,2002-2003,4215
4216,Fulham,Sunderland,1.0,0.0,H,2002-2003,4216
4217,Middlesbrough,Everton,1.0,1.0,D,2002-2003,4217
4218,Newcastle,Chelsea,2.0,1.0,H,2002-2003,4218
4219,Southampton,West Brom,1.0,0.0,H,2002-2003,4219
4220,West Ham,Tottenham,2.0,0.0,H,2002-2003,4220
4221,Arsenal,Charlton,2.0,0.0,H,2002-2003,4221
4222,Aston Villa,Birmingham,0.0,2.0,A,2002-2003,4222
4223,Man United,Leeds,2.0,1.0,H,2002-2003,4223
4224,Middlesbrough,Newcastle,1.0,0.0,H,2002-2003,4224
4225,Liverpool,Bolton,2.0,0.0,H,2002-2003,4225
4226,Aston Villa,Man United,0.0,1.0,A,2002-2003,4226
4227,Blackburn,Arsenal,2.0,0.0,H,2002-2003,4227
4228,Charlton,Newcastle,0.0,2.0,A,2002-2003,4228
4229,Everton,West Ham,0.0,0.0,D,2002-2003,4229
4230,Fulham,Southampton,2.0,2.0,D,2002-2003,4230
4231,Leeds,Middlesbrough,2.0,3.0,A,2002-2003,4231
4232,Sunderland,Bolton,0.0,2.0,A,2002-2003,4232
4233,Man City,Birmingham,1.0,0.0,H,2002-2003,4233
4234,Tottenham,Liverpool,2.0,3.0,A,2002-2003,4234
4235,West Brom,Chelsea,0.0,2.0,A,2002-2003,4235
4236,Birmingham,West Brom,1.0,0.0,H,2002-2003,4236
4237,Chelsea,Man City,5.0,0.0,H,2002-2003,4237
4238,Man United,Fulham,3.0,0.0,H,2002-2003,4238
4239,Middlesbrough,Charlton,1.0,1.0,D,2002-2003,4239
4240,Newcastle,Blackburn,5.0,1.0,H,2002-2003,4240
4241,Southampton,Aston Villa,2.0,2.0,D,2002-2003,4241
4242,West Ham,Sunderland,2.0,0.0,H,2002-2003,4242
4243,Arsenal,Everton,2.0,1.0,H,2002-2003,4243
4244,Liverpool,Leeds,3.0,1.0,H,2002-2003,4244
4245,Bolton,Tottenham,1.0,0.0,H,2002-2003,4245
4246,Aston Villa,Arsenal,1.0,1.0,D,2002-2003,4246
4247,Bolton,Man City,2.0,0.0,H,2002-2003,4247
4248,Charlton,Leeds,1.0,6.0,A,2002-2003,4248
4249,Man United,Liverpool,4.0,0.0,H,2002-2003,4249
4250,Middlesbrough,West Brom,3.0,0.0,H,2002-2003,4250
4251,Southampton,West Ham,1.0,1.0,D,2002-2003,4251
4252,Sunderland,Chelsea,1.0,2.0,A,2002-2003,4252
4253,Tottenham,Birmingham,2.0,1.0,H,2002-2003,4253
4254,Everton,Newcastle,2.0,1.0,H,2002-2003,4254
4255,Fulham,Blackburn,0.0,4.0,A,2002-2003,4255
4256,Birmingham,Sunderland,2.0,0.0,H,2002-2003,4256
4257,Blackburn,Charlton,1.0,0.0,H,2002-2003,4257
4258,Chelsea,Bolton,1.0,0.0,H,2002-2003,4258
4259,Leeds,Tottenham,2.0,2.0,D,2002-2003,4259
4260,Liverpool,Fulham,2.0,0.0,H,2002-2003,4260
4261,Man City,Middlesbrough,0.0,0.0,D,2002-2003,4261
4262,Newcastle,Man United,2.0,6.0,A,2002-2003,4262
4263,West Brom,Everton,1.0,2.0,A,2002-2003,4263
4264,West Ham,Aston Villa,2.0,2.0,D,2002-2003,4264
4265,Arsenal,Man United,2.0,2.0,D,2002-2003,4265
4266,Tottenham,Man City,0.0,2.0,A,2002-2003,4266
4267,Aston Villa,Chelsea,2.0,1.0,H,2002-2003,4267
4268,Bolton,West Ham,1.0,0.0,H,2002-2003,4268
4269,Charlton,Birmingham,0.0,2.0,A,2002-2003,4269
4270,Everton,Liverpool,1.0,2.0,A,2002-2003,4270
4271,Fulham,Newcastle,2.0,1.0,H,2002-2003,4271
4272,Man United,Blackburn,3.0,1.0,H,2002-2003,4272
4273,Middlesbrough,Arsenal,0.0,2.0,A,2002-2003,4273
4274,Southampton,Leeds,3.0,2.0,H,2002-2003,4274
4275,Sunderland,West Brom,1.0,2.0,A,2002-2003,4275
4276,Birmingham,Southampton,3.0,2.0,H,2002-2003,4276
4277,Blackburn,Bolton,0.0,0.0,D,2002-2003,4277
4278,Chelsea,Everton,4.0,1.0,H,2002-2003,4278
4279,Liverpool,Charlton,2.0,1.0,H,2002-2003,4279
4280,Man City,Sunderland,3.0,0.0,H,2002-2003,4280
4281,Newcastle,Aston Villa,1.0,1.0,D,2002-2003,4281
4282,West Brom,Tottenham,2.0,3.0,A,2002-2003,4282
4283,West Ham,Middlesbrough,1.0,0.0,H,2002-2003,4283
4284,Leeds,Fulham,2.0,0.0,H,2002-2003,4284
4285,Birmingham,Middlesbrough,3.0,0.0,H,2002-2003,4285
4286,Bolton,Arsenal,2.0,2.0,D,2002-2003,4286
4287,Charlton,Southampton,2.0,1.0,H,2002-2003,4287
4288,Chelsea,Fulham,1.0,1.0,D,2002-2003,4288
4289,Everton,Aston Villa,2.0,1.0,H,2002-2003,4289
4290,Leeds,Blackburn,2.0,3.0,A,2002-2003,4290
4291,Sunderland,Newcastle,0.0,1.0,A,2002-2003,4291
4292,West Brom,Liverpool,0.0,6.0,A,2002-2003,4292
4293,Man City,West Ham,0.0,1.0,A,2002-2003,4293
4294,Tottenham,Man United,0.0,2.0,A,2002-2003,4294
4295,Aston Villa,Sunderland,1.0,0.0,H,2002-2003,4295
4296,Blackburn,West Brom,1.0,1.0,D,2002-2003,4296
4297,Fulham,Everton,2.0,0.0,H,2002-2003,4297
4298,Liverpool,Man City,1.0,2.0,A,2002-2003,4298
4299,Man United,Charlton,4.0,1.0,H,2002-2003,4299
4300,Middlesbrough,Tottenham,5.0,1.0,H,2002-2003,4300
4301,Newcastle,Birmingham,1.0,0.0,H,2002-2003,4301
4302,Southampton,Bolton,0.0,0.0,D,2002-2003,4302
4303,West Ham,Chelsea,1.0,0.0,H,2002-2003,4303
4304,Arsenal,Leeds,2.0,3.0,A,2002-2003,4304
4305,Arsenal,Southampton,6.0,1.0,H,2002-2003,4305
4306,Birmingham,West Ham,2.0,2.0,D,2002-2003,4306
4307,Bolton,Middlesbrough,2.0,1.0,H,2002-2003,4307
4308,Charlton,Fulham,0.0,1.0,A,2002-2003,4308
4309,Chelsea,Liverpool,2.0,1.0,H,2002-2003,4309
4310,Everton,Man United,1.0,2.0,A,2002-2003,4310
4311,Leeds,Aston Villa,3.0,1.0,H,2002-2003,4311
4312,Man City,Southampton,0.0,1.0,A,2002-2003,4312
4313,Sunderland,Arsenal,0.0,4.0,A,2002-2003,4313
4314,Tottenham,Blackburn,0.0,4.0,A,2002-2003,4314
4315,West Brom,Newcastle,2.0,2.0,D,2002-2003,4315
4316,Arsenal,Everton,2.0,1.0,H,2003-2004,4316
4317,Birmingham,Tottenham,1.0,0.0,H,2003-2004,4317
4318,Blackburn,Wolves,5.0,1.0,H,2003-2004,4318
4319,Fulham,Middlesbrough,3.0,2.0,H,2003-2004,4319
4320,Leicester,Southampton,2.0,2.0,D,2003-2004,4320
4321,Man United,Bolton,4.0,0.0,H,2003-2004,4321
4322,Portsmouth,Aston Villa,2.0,1.0,H,2003-2004,4322
4323,Charlton,Man City,0.0,3.0,A,2003-2004,4323
4324,Leeds,Newcastle,2.0,2.0,D,2003-2004,4324
4325,Liverpool,Chelsea,1.0,2.0,A,2003-2004,4325
4326,Bolton,Blackburn,2.0,2.0,D,2003-2004,4326
4327,Chelsea,Leicester,2.0,1.0,H,2003-2004,4327
4328,Everton,Fulham,3.0,1.0,H,2003-2004,4328
4329,Man City,Portsmouth,1.0,1.0,D,2003-2004,4329
4330,Newcastle,Man United,1.0,2.0,A,2003-2004,4330
4331,Southampton,Birmingham,0.0,0.0,D,2003-2004,4331
4332,Tottenham,Leeds,2.0,1.0,H,2003-2004,4332
4333,Wolves,Charlton,0.0,4.0,A,2003-2004,4333
4334,Aston Villa,Liverpool,0.0,0.0,D,2003-2004,4334
4335,Middlesbrough,Arsenal,0.0,4.0,A,2003-2004,4335
4336,Blackburn,Man City,2.0,3.0,A,2003-2004,4336
4337,Charlton,Everton,2.0,2.0,D,2003-2004,4337
4338,Leeds,Southampton,0.0,0.0,D,2003-2004,4338
4339,Leicester,Middlesbrough,0.0,0.0,D,2003-2004,4339
4340,Portsmouth,Bolton,4.0,0.0,H,2003-2004,4340
4341,Arsenal,Aston Villa,2.0,0.0,H,2003-2004,4341
4342,Liverpool,Tottenham,0.0,0.0,D,2003-2004,4342
4343,Man United,Wolves,1.0,0.0,H,2003-2004,4343
4344,Aston Villa,Leicester,3.0,1.0,H,2003-2004,4344
4345,Bolton,Charlton,0.0,0.0,D,2003-2004,4345
4346,Chelsea,Blackburn,2.0,2.0,D,2003-2004,4346
4347,Everton,Liverpool,0.0,3.0,A,2003-2004,4347
4348,Middlesbrough,Leeds,2.0,3.0,A,2003-2004,4348
4349,Newcastle,Birmingham,0.0,1.0,A,2003-2004,4349
4350,Tottenham,Fulham,0.0,3.0,A,2003-2004,4350
4351,Wolves,Portsmouth,0.0,0.0,D,2003-2004,4351
4352,Man City,Arsenal,1.0,2.0,A,2003-2004,4352
4353,Southampton,Man United,1.0,0.0,H,2003-2004,4353
4354,Arsenal,Portsmouth,1.0,1.0,D,2003-2004,4354
4355,Blackburn,Liverpool,1.0,3.0,A,2003-2004,4355
4356,Bolton,Middlesbrough,2.0,0.0,H,2003-2004,4356
4357,Charlton,Man United,0.0,2.0,A,2003-2004,4357
4358,Chelsea,Tottenham,4.0,2.0,H,2003-2004,4358
4359,Everton,Newcastle,2.0,2.0,D,2003-2004,4359
4360,Southampton,Wolves,2.0,0.0,H,2003-2004,4360
4361,Birmingham,Fulham,2.0,2.0,D,2003-2004,4361
4362,Man City,Aston Villa,4.0,1.0,H,2003-2004,4362
4363,Leicester,Leeds,4.0,0.0,H,2003-2004,4363
4364,Aston Villa,Charlton,2.0,1.0,H,2003-2004,4364
4365,Fulham,Man City,2.0,2.0,D,2003-2004,4365
4366,Leeds,Birmingham,0.0,2.0,A,2003-2004,4366
4367,Liverpool,Leicester,2.0,1.0,H,2003-2004,4367
4368,Newcastle,Bolton,0.0,0.0,D,2003-2004,4368
4369,Portsmouth,Blackburn,1.0,2.0,A,2003-2004,4369
4370,Tottenham,Southampton,1.0,3.0,A,2003-2004,4370
4371,Wolves,Chelsea,0.0,5.0,A,2003-2004,4371
4372,Man United,Arsenal,0.0,0.0,D,2003-2004,4372
4373,Middlesbrough,Everton,1.0,0.0,H,2003-2004,4373
4374,Arsenal,Newcastle,3.0,2.0,H,2003-2004,4374
4375,Birmingham,Portsmouth,2.0,0.0,H,2003-2004,4375
4376,Bolton,Wolves,1.0,1.0,D,2003-2004,4376
4377,Chelsea,Aston Villa,1.0,0.0,H,2003-2004,4377
4378,Leicester,Man United,1.0,4.0,A,2003-2004,4378
4379,Southampton,Middlesbrough,0.0,1.0,A,2003-2004,4379
4380,Blackburn,Fulham,0.0,2.0,A,2003-2004,4380
4381,Charlton,Liverpool,3.0,2.0,H,2003-2004,4381
4382,Everton,Leeds,4.0,0.0,H,2003-2004,4382
4383,Man City,Tottenham,0.0,0.0,D,2003-2004,4383
4384,Fulham,Leicester,2.0,0.0,H,2003-2004,4384
4385,Leeds,Blackburn,2.0,1.0,H,2003-2004,4385
4386,Liverpool,Arsenal,1.0,2.0,A,2003-2004,4386
4387,Man United,Birmingham,3.0,0.0,H,2003-2004,4387
4388,Newcastle,Southampton,1.0,0.0,H,2003-2004,4388
4389,Portsmouth,Charlton,1.0,2.0,A,2003-2004,4389
4390,Tottenham,Everton,3.0,0.0,H,2003-2004,4390
4391,Wolves,Man City,1.0,0.0,H,2003-2004,4391
4392,Aston Villa,Bolton,1.0,1.0,D,2003-2004,4392
4393,Middlesbrough,Chelsea,1.0,2.0,A,2003-2004,4393
4394,Birmingham,Chelsea,0.0,0.0,D,2003-2004,4394
4395,Arsenal,Chelsea,2.0,1.0,H,2003-2004,4395
4396,Fulham,Wolves,0.0,0.0,D,2003-2004,4396
4397,Leeds,Man United,0.0,1.0,A,2003-2004,4397
4398,Man City,Bolton,6.0,2.0,H,2003-2004,4398
4399,Middlesbrough,Newcastle,0.0,1.0,A,2003-2004,4399
4400,Portsmouth,Liverpool,1.0,0.0,H,2003-2004,4400
4401,Birmingham,Aston Villa,0.0,0.0,D,2003-2004,4401
4402,Everton,Southampton,0.0,0.0,D,2003-2004,4402
4403,Leicester,Tottenham,1.0,2.0,A,2003-2004,4403
4404,Blackburn,Charlton,0.0,1.0,A,2003-2004,4404
4405,Fulham,Newcastle,2.0,3.0,A,2003-2004,4405
4406,Aston Villa,Everton,0.0,0.0,D,2003-2004,4406
4407,Bolton,Birmingham,0.0,1.0,A,2003-2004,4407
4408,Chelsea,Man City,1.0,0.0,H,2003-2004,4408
4409,Liverpool,Leeds,3.0,1.0,H,2003-2004,4409
4410,Man United,Fulham,1.0,3.0,A,2003-2004,4410
4411,Newcastle,Portsmouth,3.0,0.0,H,2003-2004,4411
4412,Southampton,Blackburn,2.0,0.0,H,2003-2004,4412
4413,Wolves,Leicester,4.0,3.0,H,2003-2004,4413
4414,Charlton,Arsenal,1.0,1.0,D,2003-2004,4414
4415,Tottenham,Middlesbrough,0.0,0.0,D,2003-2004,4415
4416,Everton,Chelsea,0.0,1.0,A,2003-2004,4416
4417,Leeds,Arsenal,1.0,4.0,A,2003-2004,4417
4418,Man United,Portsmouth,3.0,0.0,H,2003-2004,4418
4419,Middlesbrough,Wolves,2.0,0.0,H,2003-2004,4419
4420,Newcastle,Aston Villa,1.0,1.0,D,2003-2004,4420
4421,Southampton,Man City,0.0,2.0,A,2003-2004,4421
4422,Tottenham,Bolton,0.0,1.0,A,2003-2004,4422
4423,Fulham,Liverpool,1.0,2.0,A,2003-2004,4423
4424,Leicester,Blackburn,2.0,0.0,H,2003-2004,4424
4425,Birmingham,Charlton,1.0,2.0,A,2003-2004,4425
4426,Arsenal,Tottenham,2.0,1.0,H,2003-2004,4426
4427,Aston Villa,Middlesbrough,0.0,2.0,A,2003-2004,4427
4428,Bolton,Southampton,0.0,0.0,D,2003-2004,4428
4429,Charlton,Fulham,3.0,1.0,H,2003-2004,4429
4430,Portsmouth,Leeds,6.0,1.0,H,2003-2004,4430
4431,Wolves,Birmingham,1.0,1.0,D,2003-2004,4431
4432,Chelsea,Newcastle,5.0,0.0,H,2003-2004,4432
4433,Liverpool,Man United,1.0,2.0,A,2003-2004,4433
4434,Man City,Leicester,0.0,3.0,A,2003-2004,4434
4435,Blackburn,Everton,2.0,1.0,H,2003-2004,4435
4436,Birmingham,Arsenal,0.0,3.0,A,2003-2004,4436
4437,Everton,Wolves,2.0,0.0,H,2003-2004,4437
4438,Leeds,Bolton,0.0,2.0,A,2003-2004,4438
4439,Leicester,Charlton,1.0,1.0,D,2003-2004,4439
4440,Man United,Blackburn,2.0,1.0,H,2003-2004,4440
4441,Middlesbrough,Liverpool,0.0,0.0,D,2003-2004,4441
4442,Newcastle,Man City,3.0,0.0,H,2003-2004,4442
4443,Southampton,Chelsea,0.0,1.0,A,2003-2004,4443
4444,Tottenham,Aston Villa,2.0,1.0,H,2003-2004,4444
4445,Fulham,Portsmouth,2.0,0.0,H,2003-2004,4445
4446,Aston Villa,Southampton,1.0,0.0,H,2003-2004,4446
4447,Blackburn,Tottenham,1.0,0.0,H,2003-2004,4447
4448,Bolton,Everton,2.0,0.0,H,2003-2004,4448
4449,Charlton,Leeds,0.0,1.0,A,2003-2004,4449
4450,Portsmouth,Leicester,0.0,2.0,A,2003-2004,4450
4451,Wolves,Newcastle,1.0,1.0,D,2003-2004,4451
4452,Arsenal,Fulham,0.0,0.0,D,2003-2004,4452
4453,Chelsea,Man United,1.0,0.0,H,2003-2004,4453
4454,Liverpool,Birmingham,3.0,1.0,H,2003-2004,4454
4455,Man City,Middlesbrough,0.0,1.0,A,2003-2004,4455
4456,Birmingham,Blackburn,0.0,4.0,A,2003-2004,4456
4457,Fulham,Bolton,2.0,1.0,H,2003-2004,4457
4458,Leeds,Chelsea,1.0,1.0,D,2003-2004,4458
4459,Leicester,Arsenal,1.0,1.0,D,2003-2004,4459
4460,Man United,Aston Villa,4.0,0.0,H,2003-2004,4460
4461,Middlesbrough,Portsmouth,0.0,0.0,D,2003-2004,4461
4462,Newcastle,Liverpool,1.0,1.0,D,2003-2004,4462
4463,Tottenham,Wolves,5.0,2.0,H,2003-2004,4463
4464,Everton,Man City,0.0,0.0,D,2003-2004,4464
4465,Southampton,Charlton,3.0,2.0,H,2003-2004,4465
4466,Chelsea,Bolton,1.0,2.0,A,2003-2004,4466
4467,Leicester,Birmingham,0.0,2.0,A,2003-2004,4467
4468,Liverpool,Southampton,1.0,2.0,A,2003-2004,4468
4469,Man United,Man City,3.0,1.0,H,2003-2004,4469
4470,Middlesbrough,Charlton,0.0,0.0,D,2003-2004,4470
4471,Newcastle,Tottenham,4.0,0.0,H,2003-2004,4471
4472,Portsmouth,Everton,1.0,2.0,A,2003-2004,4472
4473,Arsenal,Blackburn,1.0,0.0,H,2003-2004,4473
4474,Aston Villa,Wolves,3.0,2.0,H,2003-2004,4474
4475,Leeds,Fulham,3.0,2.0,H,2003-2004,4475
4476,Blackburn,Aston Villa,0.0,2.0,A,2003-2004,4476
4477,Bolton,Arsenal,1.0,1.0,D,2003-2004,4477
4478,Charlton,Newcastle,0.0,0.0,D,2003-2004,4478
4479,Everton,Leicester,3.0,2.0,H,2003-2004,4479
4480,Fulham,Chelsea,0.0,1.0,A,2003-2004,4480
4481,Southampton,Portsmouth,3.0,0.0,H,2003-2004,4481
4482,Tottenham,Man United,1.0,2.0,A,2003-2004,4482
4483,Man City,Leeds,1.0,1.0,D,2003-2004,4483
4484,Arsenal,Wolves,3.0,0.0,H,2003-2004,4484
4485,Birmingham,Man City,2.0,1.0,H,2003-2004,4485
4486,Blackburn,Middlesbrough,2.0,2.0,D,2003-2004,4486
4487,Charlton,Chelsea,4.0,2.0,H,2003-2004,4487
4488,Fulham,Southampton,2.0,0.0,H,2003-2004,4488
4489,Leeds,Aston Villa,0.0,0.0,D,2003-2004,4489
4490,Leicester,Newcastle,1.0,1.0,D,2003-2004,4490
4491,Liverpool,Bolton,3.0,1.0,H,2003-2004,4491
4492,Man United,Everton,3.0,2.0,H,2003-2004,4492
4493,Portsmouth,Tottenham,2.0,0.0,H,2003-2004,4493
4494,Aston Villa,Fulham,3.0,0.0,H,2003-2004,4494
4495,Bolton,Leicester,2.0,2.0,D,2003-2004,4495
4496,Chelsea,Portsmouth,3.0,0.0,H,2003-2004,4496
4497,Everton,Birmingham,1.0,0.0,H,2003-2004,4497
4498,Man City,Liverpool,2.0,2.0,D,2003-2004,4498
4499,Middlesbrough,Man United,0.0,1.0,A,2003-2004,4499
4500,Newcastle,Blackburn,0.0,1.0,A,2003-2004,4500
4501,Tottenham,Charlton,0.0,1.0,A,2003-2004,4501
4502,Wolves,Leeds,3.0,1.0,H,2003-2004,4502
4503,Southampton,Arsenal,0.0,1.0,A,2003-2004,4503
4504,Aston Villa,Portsmouth,2.0,1.0,H,2003-2004,4504
4505,Bolton,Man United,1.0,2.0,A,2003-2004,4505
4506,Chelsea,Liverpool,0.0,1.0,A,2003-2004,4506
4507,Everton,Arsenal,1.0,1.0,D,2003-2004,4507
4508,Man City,Charlton,1.0,1.0,D,2003-2004,4508
4509,Middlesbrough,Fulham,2.0,1.0,H,2003-2004,4509
4510,Newcastle,Leeds,1.0,0.0,H,2003-2004,4510
4511,Southampton,Leicester,0.0,0.0,D,2003-2004,4511
4512,Tottenham,Birmingham,4.0,1.0,H,2003-2004,4512
4513,Wolves,Blackburn,2.0,2.0,D,2003-2004,4513
4514,Arsenal,Middlesbrough,4.0,1.0,H,2003-2004,4514
4515,Birmingham,Southampton,2.0,1.0,H,2003-2004,4515
4516,Blackburn,Bolton,3.0,4.0,A,2003-2004,4516
4517,Charlton,Wolves,2.0,0.0,H,2003-2004,4517
4518,Fulham,Everton,2.0,1.0,H,2003-2004,4518
4519,Leeds,Tottenham,0.0,1.0,A,2003-2004,4519
4520,Liverpool,Aston Villa,1.0,0.0,H,2003-2004,4520
4521,Portsmouth,Man City,4.0,2.0,H,2003-2004,4521
4522,Leicester,Chelsea,0.0,4.0,A,2003-2004,4522
4523,Man United,Newcastle,0.0,0.0,D,2003-2004,4523
4524,Bolton,Portsmouth,1.0,0.0,H,2003-2004,4524
4525,Everton,Charlton,0.0,1.0,A,2003-2004,4525
4526,Man City,Blackburn,1.0,1.0,D,2003-2004,4526
4527,Middlesbrough,Leicester,3.0,3.0,D,2003-2004,4527
4528,Southampton,Leeds,2.0,1.0,H,2003-2004,4528
4529,Tottenham,Liverpool,2.0,1.0,H,2003-2004,4529
4530,Wolves,Man United,1.0,0.0,H,2003-2004,4530
4531,Aston Villa,Arsenal,0.0,2.0,A,2003-2004,4531
4532,Chelsea,Birmingham,0.0,0.0,D,2003-2004,4532
4533,Newcastle,Fulham,3.0,1.0,H,2003-2004,4533
4534,Wolves,Liverpool,1.0,1.0,D,2003-2004,4534
4535,Birmingham,Newcastle,1.0,1.0,D,2003-2004,4535
4536,Charlton,Bolton,1.0,2.0,A,2003-2004,4536
4537,Fulham,Tottenham,2.0,1.0,H,2003-2004,4537
4538,Leeds,Middlesbrough,0.0,3.0,A,2003-2004,4538
4539,Leicester,Aston Villa,0.0,5.0,A,2003-2004,4539
4540,Liverpool,Everton,0.0,0.0,D,2003-2004,4540
4541,Man United,Southampton,3.0,2.0,H,2003-2004,4541
4542,Portsmouth,Wolves,0.0,0.0,D,2003-2004,4542
4543,Arsenal,Man City,2.0,1.0,H,2003-2004,4543
4544,Blackburn,Chelsea,2.0,3.0,A,2003-2004,4544
4545,Aston Villa,Leeds,2.0,0.0,H,2003-2004,4545
4546,Bolton,Liverpool,2.0,2.0,D,2003-2004,4546
4547,Everton,Man United,3.0,4.0,A,2003-2004,4547
4548,Middlesbrough,Blackburn,0.0,1.0,A,2003-2004,4548
4549,Newcastle,Leicester,3.0,1.0,H,2003-2004,4549
4550,Southampton,Fulham,0.0,0.0,D,2003-2004,4550
4551,Tottenham,Portsmouth,4.0,3.0,H,2003-2004,4551
4552,Wolves,Arsenal,1.0,3.0,A,2003-2004,4552
4553,Chelsea,Charlton,1.0,0.0,H,2003-2004,4553
4554,Man City,Birmingham,0.0,0.0,D,2003-2004,4554
4555,Arsenal,Southampton,2.0,0.0,H,2003-2004,4555
4556,Leeds,Wolves,4.0,1.0,H,2003-2004,4556
4557,Leicester,Bolton,1.0,1.0,D,2003-2004,4557
4558,Birmingham,Everton,3.0,0.0,H,2003-2004,4558
4559,Blackburn,Newcastle,1.0,1.0,D,2003-2004,4559
4560,Charlton,Tottenham,2.0,4.0,A,2003-2004,4560
4561,Fulham,Aston Villa,1.0,2.0,A,2003-2004,4561
4562,Liverpool,Man City,2.0,1.0,H,2003-2004,4562
4563,Man United,Middlesbrough,2.0,3.0,A,2003-2004,4563
4564,Portsmouth,Chelsea,0.0,2.0,A,2003-2004,4564
4565,Bolton,Man City,1.0,3.0,A,2003-2004,4565
4566,Charlton,Blackburn,3.0,2.0,H,2003-2004,4566
4567,Chelsea,Arsenal,1.0,2.0,A,2003-2004,4567
4568,Man United,Leeds,1.0,1.0,D,2003-2004,4568
4569,Newcastle,Middlesbrough,2.0,1.0,H,2003-2004,4569
4570,Southampton,Everton,3.0,3.0,D,2003-2004,4570
4571,Wolves,Fulham,2.0,1.0,H,2003-2004,4571
4572,Aston Villa,Birmingham,2.0,2.0,D,2003-2004,4572
4573,Tottenham,Leicester,4.0,4.0,D,2003-2004,4573
4574,Arsenal,Charlton,2.0,1.0,H,2003-2004,4574
4575,Blackburn,Southampton,1.0,1.0,D,2003-2004,4575
4576,Everton,Aston Villa,2.0,0.0,H,2003-2004,4576
4577,Fulham,Man United,1.0,1.0,D,2003-2004,4577
4578,Leicester,Wolves,0.0,0.0,D,2003-2004,4578
4579,Man City,Chelsea,0.0,1.0,A,2003-2004,4579
4580,Leeds,Liverpool,2.0,2.0,D,2003-2004,4580
4581,Portsmouth,Newcastle,1.0,1.0,D,2003-2004,4581
4582,Birmingham,Middlesbrough,3.0,1.0,H,2003-2004,4582
4583,Birmingham,Bolton,2.0,0.0,H,2003-2004,4583
4584,Middlesbrough,Tottenham,1.0,0.0,H,2003-2004,4584
4585,Birmingham,Leicester,0.0,1.0,A,2003-2004,4585
4586,Blackburn,Arsenal,0.0,2.0,A,2003-2004,4586
4587,Bolton,Chelsea,0.0,2.0,A,2003-2004,4587
4588,Charlton,Middlesbrough,1.0,0.0,H,2003-2004,4588
4589,Everton,Portsmouth,1.0,0.0,H,2003-2004,4589
4590,Fulham,Leeds,2.0,0.0,H,2003-2004,4590
4591,Man City,Man United,4.0,1.0,H,2003-2004,4591
4592,Southampton,Liverpool,2.0,0.0,H,2003-2004,4592
4593,Tottenham,Newcastle,1.0,0.0,H,2003-2004,4593
4594,Wolves,Aston Villa,0.0,4.0,A,2003-2004,4594
4595,Liverpool,Portsmouth,3.0,0.0,H,2003-2004,4595
4596,Arsenal,Bolton,2.0,1.0,H,2003-2004,4596
4597,Aston Villa,Blackburn,0.0,2.0,A,2003-2004,4597
4598,Chelsea,Fulham,2.0,1.0,H,2003-2004,4598
4599,Leicester,Everton,1.0,1.0,D,2003-2004,4599
4600,Liverpool,Wolves,1.0,0.0,H,2003-2004,4600
4601,Man United,Tottenham,3.0,0.0,H,2003-2004,4601
4602,Middlesbrough,Birmingham,5.0,3.0,H,2003-2004,4602
4603,Newcastle,Charlton,3.0,1.0,H,2003-2004,4603
4604,Portsmouth,Southampton,1.0,0.0,H,2003-2004,4604
4605,Leeds,Man City,2.0,1.0,H,2003-2004,4605
4606,Birmingham,Leeds,4.0,1.0,H,2003-2004,4606
4607,Blackburn,Portsmouth,1.0,2.0,A,2003-2004,4607
4608,Charlton,Aston Villa,1.0,2.0,A,2003-2004,4608
4609,Chelsea,Wolves,5.0,2.0,H,2003-2004,4609
4610,Everton,Middlesbrough,1.0,1.0,D,2003-2004,4610
4611,Man City,Fulham,0.0,0.0,D,2003-2004,4611
4612,Southampton,Tottenham,1.0,0.0,H,2003-2004,4612
4613,Arsenal,Man United,1.0,1.0,D,2003-2004,4613
4614,Bolton,Newcastle,1.0,0.0,H,2003-2004,4614
4615,Leicester,Liverpool,0.0,0.0,D,2003-2004,4615
4616,Fulham,Birmingham,0.0,0.0,D,2003-2004,4616
4617,Middlesbrough,Bolton,2.0,0.0,H,2003-2004,4617
4618,Newcastle,Everton,4.0,2.0,H,2003-2004,4618
4619,Tottenham,Chelsea,0.0,1.0,A,2003-2004,4619
4620,Wolves,Southampton,1.0,4.0,A,2003-2004,4620
4621,Aston Villa,Man City,1.0,1.0,D,2003-2004,4621
4622,Liverpool,Blackburn,4.0,0.0,H,2003-2004,4622
4623,Leeds,Leicester,3.0,2.0,H,2003-2004,4623
4624,Arsenal,Liverpool,4.0,2.0,H,2003-2004,4624
4625,Everton,Tottenham,3.0,1.0,H,2003-2004,4625
4626,Birmingham,Man United,1.0,2.0,A,2003-2004,4626
4627,Blackburn,Leeds,1.0,2.0,A,2003-2004,4627
4628,Bolton,Aston Villa,2.0,2.0,D,2003-2004,4628
4629,Charlton,Portsmouth,1.0,1.0,D,2003-2004,4629
4630,Chelsea,Middlesbrough,0.0,0.0,D,2003-2004,4630
4631,Leicester,Fulham,0.0,2.0,A,2003-2004,4631
4632,Man City,Wolves,3.0,3.0,D,2003-2004,4632
4633,Newcastle,Arsenal,0.0,0.0,D,2003-2004,4633
4634,Aston Villa,Chelsea,3.0,2.0,H,2003-2004,4634
4635,Fulham,Blackburn,3.0,4.0,A,2003-2004,4635
4636,Liverpool,Charlton,0.0,1.0,A,2003-2004,4636
4637,Middlesbrough,Southampton,3.0,1.0,H,2003-2004,4637
4638,Portsmouth,Birmingham,3.0,1.0,H,2003-2004,4638
4639,Tottenham,Man City,1.0,1.0,D,2003-2004,4639
4640,Wolves,Bolton,1.0,2.0,A,2003-2004,4640
4641,Leeds,Everton,1.0,1.0,D,2003-2004,4641
4642,Man United,Leicester,1.0,0.0,H,2003-2004,4642
4643,Arsenal,Leeds,5.0,0.0,H,2003-2004,4643
4644,Blackburn,Leicester,1.0,0.0,H,2003-2004,4644
4645,Bolton,Tottenham,2.0,0.0,H,2003-2004,4645
4646,Charlton,Birmingham,1.0,1.0,D,2003-2004,4646
4647,Chelsea,Everton,0.0,0.0,D,2003-2004,4647
4648,Liverpool,Fulham,0.0,0.0,D,2003-2004,4648
4649,Man City,Southampton,1.0,3.0,A,2003-2004,4649
4650,Portsmouth,Man United,1.0,0.0,H,2003-2004,4650
4651,Wolves,Middlesbrough,2.0,0.0,H,2003-2004,4651
4652,Aston Villa,Newcastle,0.0,0.0,D,2003-2004,4652
4653,Man United,Charlton,2.0,0.0,H,2003-2004,4653
4654,Everton,Blackburn,0.0,1.0,A,2003-2004,4654
4655,Fulham,Charlton,2.0,0.0,H,2003-2004,4655
4656,Leicester,Man City,1.0,1.0,D,2003-2004,4656
4657,Man United,Liverpool,0.0,1.0,A,2003-2004,4657
4658,Middlesbrough,Aston Villa,1.0,2.0,A,2003-2004,4658
4659,Southampton,Bolton,1.0,2.0,A,2003-2004,4659
4660,Birmingham,Wolves,2.0,2.0,D,2003-2004,4660
4661,Leeds,Portsmouth,1.0,2.0,A,2003-2004,4661
4662,Newcastle,Chelsea,2.0,1.0,H,2003-2004,4662
4663,Tottenham,Arsenal,2.0,2.0,D,2003-2004,4663
4664,Arsenal,Birmingham,0.0,0.0,D,2003-2004,4664
4665,Blackburn,Man United,1.0,0.0,H,2003-2004,4665
4666,Charlton,Leicester,2.0,2.0,D,2003-2004,4666
4667,Chelsea,Southampton,4.0,0.0,H,2003-2004,4667
4668,Man City,Newcastle,1.0,0.0,H,2003-2004,4668
4669,Portsmouth,Fulham,1.0,1.0,D,2003-2004,4669
4670,Wolves,Everton,2.0,1.0,H,2003-2004,4670
4671,Aston Villa,Tottenham,1.0,0.0,H,2003-2004,4671
4672,Bolton,Leeds,4.0,1.0,H,2003-2004,4672
4673,Liverpool,Middlesbrough,2.0,0.0,H,2003-2004,4673
4674,Portsmouth,Arsenal,1.0,1.0,D,2003-2004,4674
4675,Birmingham,Liverpool,0.0,3.0,A,2003-2004,4675
4676,Everton,Bolton,1.0,2.0,A,2003-2004,4676
4677,Leeds,Charlton,3.0,3.0,D,2003-2004,4677
4678,Leicester,Portsmouth,3.0,1.0,H,2003-2004,4678
4679,Man United,Chelsea,1.0,1.0,D,2003-2004,4679
4680,Middlesbrough,Man City,2.0,1.0,H,2003-2004,4680
4681,Southampton,Aston Villa,1.0,1.0,D,2003-2004,4681
4682,Tottenham,Blackburn,1.0,0.0,H,2003-2004,4682
4683,Fulham,Arsenal,0.0,1.0,A,2003-2004,4683
4684,Newcastle,Wolves,1.0,1.0,D,2003-2004,4684
4685,Southampton,Newcastle,3.0,3.0,D,2003-2004,4685
4686,Arsenal,Leicester,2.0,1.0,H,2003-2004,4686
4687,Aston Villa,Man United,0.0,2.0,A,2003-2004,4687
4688,Blackburn,Birmingham,1.0,1.0,D,2003-2004,4688
4689,Bolton,Fulham,0.0,2.0,A,2003-2004,4689
4690,Charlton,Southampton,2.0,1.0,H,2003-2004,4690
4691,Chelsea,Leeds,1.0,0.0,H,2003-2004,4691
4692,Liverpool,Newcastle,1.0,1.0,D,2003-2004,4692
4693,Man City,Everton,5.0,1.0,H,2003-2004,4693
4694,Portsmouth,Middlesbrough,5.0,1.0,H,2003-2004,4694
4695,Wolves,Tottenham,0.0,2.0,A,2003-2004,4695
4696,Aston Villa,Southampton,2.0,0.0,H,2004-2005,4696
4697,Blackburn,West Brom,1.0,1.0,D,2004-2005,4697
4698,Bolton,Charlton,4.0,1.0,H,2004-2005,4698
4699,Man City,Fulham,1.0,1.0,D,2004-2005,4699
4700,Middlesbrough,Newcastle,2.0,2.0,D,2004-2005,4700
4701,Norwich,Crystal Palace,1.0,1.0,D,2004-2005,4701
4702,Portsmouth,Birmingham,1.0,1.0,D,2004-2005,4702
4703,Tottenham,Liverpool,1.0,1.0,D,2004-2005,4703
4704,Chelsea,Man United,1.0,0.0,H,2004-2005,4704
4705,Everton,Arsenal,1.0,4.0,A,2004-2005,4705
4706,Birmingham,Chelsea,0.0,1.0,A,2004-2005,4706
4707,Charlton,Portsmouth,2.0,1.0,H,2004-2005,4707
4708,Crystal Palace,Everton,1.0,3.0,A,2004-2005,4708
4709,Fulham,Bolton,2.0,0.0,H,2004-2005,4709
4710,Liverpool,Man City,2.0,1.0,H,2004-2005,4710
4711,Man United,Norwich,2.0,1.0,H,2004-2005,4711
4712,Newcastle,Tottenham,0.0,1.0,A,2004-2005,4712
4713,Southampton,Blackburn,3.0,2.0,H,2004-2005,4713
4714,Arsenal,Middlesbrough,5.0,3.0,H,2004-2005,4714
4715,West Brom,Aston Villa,1.0,1.0,D,2004-2005,4715
4716,Birmingham,Man City,1.0,0.0,H,2004-2005,4716
4717,Crystal Palace,Chelsea,0.0,2.0,A,2004-2005,4717
4718,Arsenal,Blackburn,3.0,0.0,H,2004-2005,4718
4719,Charlton,Aston Villa,3.0,0.0,H,2004-2005,4719
4720,Fulham,Middlesbrough,0.0,2.0,A,2004-2005,4720
4721,Newcastle,Norwich,2.0,2.0,D,2004-2005,4721
4722,Southampton,Bolton,1.0,2.0,A,2004-2005,4722
4723,West Brom,Tottenham,1.0,1.0,D,2004-2005,4723
4724,Aston Villa,Newcastle,4.0,2.0,H,2004-2005,4724
4725,Blackburn,Man United,1.0,1.0,D,2004-2005,4725
4726,Chelsea,Southampton,2.0,1.0,H,2004-2005,4726
4727,Everton,West Brom,2.0,1.0,H,2004-2005,4727
4728,Man City,Charlton,4.0,0.0,H,2004-2005,4728
4729,Middlesbrough,Crystal Palace,2.0,1.0,H,2004-2005,4729
4730,Norwich,Arsenal,1.0,4.0,A,2004-2005,4730
4731,Tottenham,Birmingham,1.0,0.0,H,2004-2005,4731
4732,Bolton,Liverpool,1.0,0.0,H,2004-2005,4732
4733,Man United,Everton,0.0,0.0,D,2004-2005,4733
4734,Portsmouth,Fulham,4.0,3.0,H,2004-2005,4734
4735,Aston Villa,Chelsea,0.0,0.0,D,2004-2005,4735
4736,Bolton,Man United,2.0,2.0,D,2004-2005,4736
4737,Fulham,Arsenal,0.0,3.0,A,2004-2005,4737
4738,Liverpool,West Brom,3.0,0.0,H,2004-2005,4738
4739,Man City,Everton,0.0,1.0,A,2004-2005,4739
4740,Middlesbrough,Birmingham,2.0,1.0,H,2004-2005,4740
4741,Newcastle,Blackburn,3.0,0.0,H,2004-2005,4741
4742,Portsmouth,Crystal Palace,3.0,1.0,H,2004-2005,4742
4743,Tottenham,Norwich,0.0,0.0,D,2004-2005,4743
4744,Charlton,Southampton,0.0,0.0,D,2004-2005,4744
4745,Arsenal,Bolton,2.0,2.0,D,2004-2005,4745
4746,Birmingham,Charlton,1.0,1.0,D,2004-2005,4746
4747,Blackburn,Portsmouth,1.0,0.0,H,2004-2005,4747
4748,Crystal Palace,Man City,1.0,2.0,A,2004-2005,4748
4749,Norwich,Aston Villa,0.0,0.0,D,2004-2005,4749
4750,West Brom,Fulham,1.0,1.0,D,2004-2005,4750
4751,Chelsea,Tottenham,0.0,0.0,D,2004-2005,4751
4752,Everton,Middlesbrough,1.0,0.0,H,2004-2005,4752
4753,Southampton,Newcastle,1.0,2.0,A,2004-2005,4753
4754,Man United,Liverpool,2.0,1.0,H,2004-2005,4754
4755,Aston Villa,Crystal Palace,1.0,1.0,D,2004-2005,4755
4756,Bolton,Birmingham,1.0,1.0,D,2004-2005,4756
4757,Fulham,Southampton,1.0,0.0,H,2004-2005,4757
4758,Liverpool,Norwich,3.0,0.0,H,2004-2005,4758
4759,Man City,Arsenal,0.0,1.0,A,2004-2005,4759
4760,Middlesbrough,Chelsea,0.0,1.0,A,2004-2005,4760
4761,Newcastle,West Brom,3.0,1.0,H,2004-2005,4761
4762,Tottenham,Man United,0.0,1.0,A,2004-2005,4762
4763,Portsmouth,Everton,0.0,1.0,A,2004-2005,4763
4764,Charlton,Blackburn,1.0,0.0,H,2004-2005,4764
4765,Arsenal,Charlton,4.0,0.0,H,2004-2005,4765
4766,Blackburn,Aston Villa,2.0,2.0,D,2004-2005,4766
4767,Everton,Tottenham,0.0,1.0,A,2004-2005,4767
4768,Norwich,Portsmouth,2.0,2.0,D,2004-2005,4768
4769,Southampton,Man City,0.0,0.0,D,2004-2005,4769
4770,West Brom,Bolton,2.0,1.0,H,2004-2005,4770
4771,Birmingham,Newcastle,2.0,2.0,D,2004-2005,4771
4772,Chelsea,Liverpool,1.0,0.0,H,2004-2005,4772
4773,Man United,Middlesbrough,1.0,1.0,D,2004-2005,4773
4774,Crystal Palace,Fulham,2.0,0.0,H,2004-2005,4774
4775,Arsenal,Aston Villa,3.0,1.0,H,2004-2005,4775
4776,Birmingham,Man United,0.0,0.0,D,2004-2005,4776
4777,Blackburn,Middlesbrough,0.0,4.0,A,2004-2005,4777
4778,Bolton,Crystal Palace,1.0,0.0,H,2004-2005,4778
4779,Everton,Southampton,1.0,0.0,H,2004-2005,4779
4780,Fulham,Liverpool,2.0,4.0,A,2004-2005,4780
4781,Man City,Chelsea,1.0,0.0,H,2004-2005,4781
4782,West Brom,Norwich,0.0,0.0,D,2004-2005,4782
4783,Charlton,Newcastle,1.0,1.0,D,2004-2005,4783
4784,Portsmouth,Tottenham,1.0,0.0,H,2004-2005,4784
4785,Aston Villa,Fulham,2.0,0.0,H,2004-2005,4785
4786,Chelsea,Blackburn,4.0,0.0,H,2004-2005,4786
4787,Crystal Palace,West Brom,3.0,0.0,H,2004-2005,4787
4788,Liverpool,Charlton,2.0,0.0,H,2004-2005,4788
4789,Norwich,Everton,2.0,3.0,A,2004-2005,4789
4790,Tottenham,Bolton,1.0,2.0,A,2004-2005,4790
4791,Man United,Arsenal,2.0,0.0,H,2004-2005,4791
4792,Middlesbrough,Portsmouth,1.0,1.0,D,2004-2005,4792
4793,Newcastle,Man City,4.0,3.0,H,2004-2005,4793
4794,Southampton,Birmingham,0.0,0.0,D,2004-2005,4794
4795,Arsenal,Southampton,2.0,2.0,D,2004-2005,4795
4796,Birmingham,Crystal Palace,0.0,1.0,A,2004-2005,4796
4797,Blackburn,Liverpool,2.0,2.0,D,2004-2005,4797
4798,Charlton,Middlesbrough,1.0,2.0,A,2004-2005,4798
4799,Everton,Aston Villa,1.0,1.0,D,2004-2005,4799
4800,Fulham,Tottenham,2.0,0.0,H,2004-2005,4800
4801,Portsmouth,Man United,2.0,0.0,H,2004-2005,4801
4802,West Brom,Chelsea,1.0,4.0,A,2004-2005,4802
4803,Bolton,Newcastle,2.0,1.0,H,2004-2005,4803
4804,Man City,Norwich,1.0,1.0,D,2004-2005,4804
4805,Aston Villa,Portsmouth,3.0,0.0,H,2004-2005,4805
4806,Chelsea,Everton,1.0,0.0,H,2004-2005,4806
4807,Crystal Palace,Arsenal,1.0,1.0,D,2004-2005,4807
4808,Liverpool,Birmingham,0.0,1.0,A,2004-2005,4808
4809,Norwich,Blackburn,1.0,1.0,D,2004-2005,4809
4810,Southampton,West Brom,2.0,2.0,D,2004-2005,4810
4811,Tottenham,Charlton,2.0,3.0,A,2004-2005,4811
4812,Man United,Man City,0.0,0.0,D,2004-2005,4812
4813,Middlesbrough,Bolton,1.0,1.0,D,2004-2005,4813
4814,Newcastle,Fulham,1.0,4.0,A,2004-2005,4814
4815,Birmingham,Everton,0.0,1.0,A,2004-2005,4815
4816,Bolton,Aston Villa,1.0,2.0,A,2004-2005,4816
4817,Charlton,Norwich,4.0,0.0,H,2004-2005,4817
4818,Fulham,Chelsea,1.0,4.0,A,2004-2005,4818
4819,Liverpool,Crystal Palace,3.0,2.0,H,2004-2005,4819
4820,Man City,Blackburn,1.0,1.0,D,2004-2005,4820
4821,Southampton,Portsmouth,2.0,1.0,H,2004-2005,4821
4822,Tottenham,Arsenal,4.0,5.0,A,2004-2005,4822
4823,Newcastle,Man United,1.0,3.0,A,2004-2005,4823
4824,West Brom,Middlesbrough,1.0,2.0,A,2004-2005,4824
4825,Arsenal,West Brom,1.0,1.0,D,2004-2005,4825
4826,Chelsea,Bolton,2.0,2.0,D,2004-2005,4826
4827,Crystal Palace,Newcastle,0.0,2.0,A,2004-2005,4827
4828,Everton,Fulham,1.0,0.0,H,2004-2005,4828
4829,Man United,Charlton,2.0,0.0,H,2004-2005,4829
4830,Middlesbrough,Liverpool,2.0,0.0,H,2004-2005,4830
4831,Norwich,Southampton,2.0,1.0,H,2004-2005,4831
4832,Portsmouth,Man City,1.0,3.0,A,2004-2005,4832
4833,Blackburn,Birmingham,3.0,3.0,D,2004-2005,4833
4834,Aston Villa,Tottenham,1.0,0.0,H,2004-2005,4834
4835,Birmingham,Norwich,1.0,1.0,D,2004-2005,4835
4836,Bolton,Portsmouth,0.0,1.0,A,2004-2005,4836
4837,Charlton,Chelsea,0.0,4.0,A,2004-2005,4837
4838,Fulham,Blackburn,0.0,2.0,A,2004-2005,4838
4839,Man City,Aston Villa,2.0,0.0,H,2004-2005,4839
4840,Southampton,Crystal Palace,2.0,2.0,D,2004-2005,4840
4841,West Brom,Man United,0.0,3.0,A,2004-2005,4841
4842,Liverpool,Arsenal,2.0,1.0,H,2004-2005,4842
4843,Newcastle,Everton,1.0,1.0,D,2004-2005,4843
4844,Tottenham,Middlesbrough,2.0,0.0,H,2004-2005,4844
4845,Arsenal,Birmingham,3.0,0.0,H,2004-2005,4845
4846,Aston Villa,Liverpool,1.0,1.0,D,2004-2005,4846
4847,Blackburn,Tottenham,0.0,1.0,A,2004-2005,4847
4848,Chelsea,Newcastle,4.0,0.0,H,2004-2005,4848
4849,Everton,Bolton,3.0,2.0,H,2004-2005,4849
4850,Man United,Southampton,3.0,0.0,H,2004-2005,4850
4851,Norwich,Fulham,0.0,1.0,A,2004-2005,4851
4852,Portsmouth,West Brom,3.0,2.0,H,2004-2005,4852
4853,Crystal Palace,Charlton,0.0,1.0,A,2004-2005,4853
4854,Middlesbrough,Man City,3.0,2.0,H,2004-2005,4854
4855,Crystal Palace,Blackburn,0.0,0.0,D,2004-2005,4855
4856,Everton,Liverpool,1.0,0.0,H,2004-2005,4856
4857,Man City,Tottenham,0.0,1.0,A,2004-2005,4857
4858,Newcastle,Portsmouth,1.0,1.0,D,2004-2005,4858
4859,Norwich,Bolton,3.0,2.0,H,2004-2005,4859
4860,Southampton,Middlesbrough,2.0,2.0,D,2004-2005,4860
4861,West Brom,Charlton,0.0,1.0,A,2004-2005,4861
4862,Arsenal,Chelsea,2.0,2.0,D,2004-2005,4862
4863,Aston Villa,Birmingham,1.0,2.0,A,2004-2005,4863
4864,Fulham,Man United,1.0,1.0,D,2004-2005,4864
4865,Liverpool,Portsmouth,1.0,1.0,D,2004-2005,4865
4866,Birmingham,West Brom,4.0,0.0,H,2004-2005,4866
4867,Blackburn,Everton,0.0,0.0,D,2004-2005,4867
4868,Bolton,Man City,0.0,1.0,A,2004-2005,4868
4869,Chelsea,Norwich,4.0,0.0,H,2004-2005,4869
4870,Man United,Crystal Palace,5.0,2.0,H,2004-2005,4870
4871,Middlesbrough,Aston Villa,3.0,0.0,H,2004-2005,4871
4872,Tottenham,Southampton,5.0,1.0,H,2004-2005,4872
4873,Liverpool,Newcastle,3.0,1.0,H,2004-2005,4873
4874,Portsmouth,Arsenal,0.0,1.0,A,2004-2005,4874
4875,Charlton,Fulham,2.0,1.0,H,2004-2005,4875
4876,Arsenal,Fulham,2.0,0.0,H,2004-2005,4876
4877,Birmingham,Middlesbrough,2.0,0.0,H,2004-2005,4877
4878,Blackburn,Newcastle,2.0,2.0,D,2004-2005,4878
4879,Chelsea,Aston Villa,1.0,0.0,H,2004-2005,4879
4880,Crystal Palace,Portsmouth,0.0,1.0,A,2004-2005,4880
4881,Everton,Man City,2.0,1.0,H,2004-2005,4881
4882,Man United,Bolton,2.0,0.0,H,2004-2005,4882
4883,Norwich,Tottenham,0.0,2.0,A,2004-2005,4883
4884,Southampton,Charlton,0.0,0.0,D,2004-2005,4884
4885,West Brom,Liverpool,0.0,5.0,A,2004-2005,4885
4886,Aston Villa,Man United,0.0,1.0,A,2004-2005,4886
4887,Bolton,Blackburn,0.0,1.0,A,2004-2005,4887
4888,Charlton,Everton,2.0,0.0,H,2004-2005,4888
4889,Fulham,Birmingham,2.0,3.0,A,2004-2005,4889
4890,Liverpool,Southampton,1.0,0.0,H,2004-2005,4890
4891,Man City,West Brom,1.0,1.0,D,2004-2005,4891
4892,Middlesbrough,Norwich,2.0,0.0,H,2004-2005,4892
4893,Portsmouth,Chelsea,0.0,2.0,A,2004-2005,4893
4894,Tottenham,Crystal Palace,1.0,1.0,D,2004-2005,4894
4895,Newcastle,Arsenal,0.0,1.0,A,2004-2005,4895
4896,Aston Villa,Blackburn,1.0,0.0,H,2004-2005,4896
4897,Bolton,West Brom,1.0,1.0,D,2004-2005,4897
4898,Charlton,Arsenal,1.0,3.0,A,2004-2005,4898
4899,Fulham,Crystal Palace,3.0,1.0,H,2004-2005,4899
4900,Liverpool,Chelsea,0.0,1.0,A,2004-2005,4900
4901,Man City,Southampton,2.0,1.0,H,2004-2005,4901
4902,Middlesbrough,Man United,0.0,2.0,A,2004-2005,4902
4903,Newcastle,Birmingham,2.0,1.0,H,2004-2005,4903
4904,Portsmouth,Norwich,1.0,1.0,D,2004-2005,4904
4905,Tottenham,Everton,5.0,2.0,H,2004-2005,4905
4906,Blackburn,Charlton,1.0,0.0,H,2004-2005,4906
4907,Crystal Palace,Aston Villa,2.0,0.0,H,2004-2005,4907
4908,Norwich,Liverpool,1.0,2.0,A,2004-2005,4908
4909,West Brom,Newcastle,0.0,0.0,D,2004-2005,4909
4910,Arsenal,Man City,1.0,1.0,D,2004-2005,4910
4911,Birmingham,Bolton,1.0,2.0,A,2004-2005,4911
4912,Chelsea,Middlesbrough,2.0,0.0,H,2004-2005,4912
4913,Everton,Portsmouth,2.0,1.0,H,2004-2005,4913
4914,Man United,Tottenham,0.0,0.0,D,2004-2005,4914
4915,Southampton,Fulham,3.0,3.0,D,2004-2005,4915
4916,Aston Villa,Norwich,3.0,0.0,H,2004-2005,4916
4917,Bolton,Arsenal,1.0,0.0,H,2004-2005,4917
4918,Charlton,Birmingham,3.0,1.0,H,2004-2005,4918
4919,Liverpool,Man United,0.0,1.0,A,2004-2005,4919
4920,Man City,Crystal Palace,3.0,1.0,H,2004-2005,4920
4921,Newcastle,Southampton,2.0,1.0,H,2004-2005,4921
4922,Portsmouth,Blackburn,0.0,1.0,A,2004-2005,4922
4923,Tottenham,Chelsea,0.0,2.0,A,2004-2005,4923
4924,Fulham,West Brom,1.0,0.0,H,2004-2005,4924
4925,Middlesbrough,Everton,1.0,1.0,D,2004-2005,4925
4926,Birmingham,Fulham,1.0,2.0,A,2004-2005,4926
4927,Chelsea,Portsmouth,3.0,0.0,H,2004-2005,4927
4928,Crystal Palace,Tottenham,3.0,0.0,H,2004-2005,4928
4929,Everton,Charlton,0.0,1.0,A,2004-2005,4929
4930,Man United,Aston Villa,3.0,1.0,H,2004-2005,4930
4931,Norwich,Middlesbrough,4.0,4.0,D,2004-2005,4931
4932,Southampton,Liverpool,2.0,0.0,H,2004-2005,4932
4933,West Brom,Man City,2.0,0.0,H,2004-2005,4933
4934,Arsenal,Newcastle,1.0,0.0,H,2004-2005,4934
4935,Blackburn,Bolton,0.0,1.0,A,2004-2005,4935
4936,Arsenal,Man United,2.0,4.0,A,2004-2005,4936
4937,Bolton,Tottenham,3.0,1.0,H,2004-2005,4937
4938,Charlton,Liverpool,1.0,2.0,A,2004-2005,4938
4939,Portsmouth,Middlesbrough,2.0,1.0,H,2004-2005,4939
4940,West Brom,Crystal Palace,2.0,2.0,D,2004-2005,4940
4941,Birmingham,Southampton,2.0,1.0,H,2004-2005,4941
4942,Blackburn,Chelsea,0.0,1.0,A,2004-2005,4942
4943,Everton,Norwich,1.0,0.0,H,2004-2005,4943
4944,Fulham,Aston Villa,1.0,1.0,D,2004-2005,4944
4945,Man City,Newcastle,1.0,1.0,D,2004-2005,4945
4946,Aston Villa,Arsenal,1.0,3.0,A,2004-2005,4946
4947,Crystal Palace,Bolton,0.0,1.0,A,2004-2005,4947
4948,Liverpool,Fulham,3.0,1.0,H,2004-2005,4948
4949,Man United,Birmingham,2.0,0.0,H,2004-2005,4949
4950,Middlesbrough,Blackburn,1.0,0.0,H,2004-2005,4950
4951,Newcastle,Charlton,1.0,1.0,D,2004-2005,4951
4952,Norwich,West Brom,3.0,2.0,H,2004-2005,4952
4953,Tottenham,Portsmouth,3.0,1.0,H,2004-2005,4953
4954,Chelsea,Man City,0.0,0.0,D,2004-2005,4954
4955,Southampton,Everton,2.0,2.0,D,2004-2005,4955
4956,Birmingham,Liverpool,2.0,0.0,H,2004-2005,4956
4957,Blackburn,Norwich,3.0,0.0,H,2004-2005,4957
4958,Bolton,Middlesbrough,0.0,0.0,D,2004-2005,4958
4959,Everton,Chelsea,0.0,1.0,A,2004-2005,4959
4960,Portsmouth,Aston Villa,1.0,2.0,A,2004-2005,4960
4961,Man City,Man United,0.0,2.0,A,2004-2005,4961
4962,Arsenal,Crystal Palace,5.0,1.0,H,2004-2005,4962
4963,West Brom,Southampton,0.0,0.0,D,2004-2005,4963
4964,Aston Villa,Everton,1.0,3.0,A,2004-2005,4964
4965,Crystal Palace,Birmingham,2.0,0.0,H,2004-2005,4965
4966,Man United,Portsmouth,2.0,1.0,H,2004-2005,4966
4967,Southampton,Arsenal,1.0,1.0,D,2004-2005,4967
4968,Tottenham,Fulham,2.0,0.0,H,2004-2005,4968
4969,Middlesbrough,Charlton,2.0,2.0,D,2004-2005,4969
4970,Newcastle,Bolton,2.0,1.0,H,2004-2005,4970
4971,Norwich,Man City,2.0,3.0,A,2004-2005,4971
4972,Arsenal,Portsmouth,3.0,0.0,H,2004-2005,4972
4973,Aston Villa,Middlesbrough,2.0,0.0,H,2004-2005,4973
4974,Crystal Palace,Man United,0.0,0.0,D,2004-2005,4974
4975,Fulham,Charlton,0.0,0.0,D,2004-2005,4975
4976,Newcastle,Liverpool,1.0,0.0,H,2004-2005,4976
4977,Norwich,Chelsea,1.0,3.0,A,2004-2005,4977
4978,Southampton,Tottenham,1.0,0.0,H,2004-2005,4978
4979,Everton,Blackburn,0.0,1.0,A,2004-2005,4979
4980,West Brom,Birmingham,2.0,0.0,H,2004-2005,4980
4981,Man City,Bolton,0.0,1.0,A,2004-2005,4981
4982,Chelsea,West Brom,1.0,0.0,H,2004-2005,4982
4983,Charlton,Tottenham,2.0,0.0,H,2004-2005,4983
4984,Liverpool,Blackburn,0.0,0.0,D,2004-2005,4984
4985,Blackburn,Arsenal,0.0,1.0,A,2004-2005,4985
4986,Bolton,Norwich,1.0,0.0,H,2004-2005,4986
4987,Charlton,West Brom,1.0,4.0,A,2004-2005,4987
4988,Chelsea,Crystal Palace,4.0,1.0,H,2004-2005,4988
4989,Man United,Fulham,1.0,0.0,H,2004-2005,4989
4990,Portsmouth,Newcastle,1.0,1.0,D,2004-2005,4990
4991,Tottenham,Man City,2.0,1.0,H,2004-2005,4991
4992,Birmingham,Aston Villa,2.0,0.0,H,2004-2005,4992
4993,Liverpool,Everton,2.0,1.0,H,2004-2005,4993
4994,Middlesbrough,Southampton,1.0,3.0,A,2004-2005,4994
4995,Arsenal,Norwich,4.0,1.0,H,2004-2005,4995
4996,Birmingham,Tottenham,1.0,1.0,D,2004-2005,4996
4997,Charlton,Man City,2.0,2.0,D,2004-2005,4997
4998,Crystal Palace,Middlesbrough,0.0,1.0,A,2004-2005,4998
4999,Liverpool,Bolton,1.0,0.0,H,2004-2005,4999
5000,Man United,Blackburn,0.0,0.0,D,2004-2005,5000
5001,Newcastle,Aston Villa,0.0,3.0,A,2004-2005,5001
5002,Southampton,Chelsea,1.0,3.0,A,2004-2005,5002
5003,Fulham,Portsmouth,3.0,1.0,H,2004-2005,5003
5004,West Brom,Everton,1.0,0.0,H,2004-2005,5004
5005,Blackburn,Southampton,3.0,0.0,H,2004-2005,5005
5006,Bolton,Fulham,3.0,1.0,H,2004-2005,5006
5007,Chelsea,Birmingham,1.0,1.0,D,2004-2005,5007
5008,Man City,Liverpool,1.0,0.0,H,2004-2005,5008
5009,Middlesbrough,Arsenal,0.0,1.0,A,2004-2005,5009
5010,Norwich,Man United,2.0,0.0,H,2004-2005,5010
5011,Portsmouth,Charlton,4.0,2.0,H,2004-2005,5011
5012,Aston Villa,West Brom,1.0,1.0,D,2004-2005,5012
5013,Everton,Crystal Palace,4.0,0.0,H,2004-2005,5013
5014,Tottenham,Newcastle,1.0,0.0,H,2004-2005,5014
5015,Birmingham,Portsmouth,0.0,0.0,D,2004-2005,5015
5016,Charlton,Bolton,1.0,2.0,A,2004-2005,5016
5017,Crystal Palace,Norwich,3.0,3.0,D,2004-2005,5017
5018,Fulham,Man City,1.0,1.0,D,2004-2005,5018
5019,Liverpool,Tottenham,2.0,2.0,D,2004-2005,5019
5020,Southampton,Aston Villa,2.0,3.0,A,2004-2005,5020
5021,Bolton,Southampton,1.0,1.0,D,2004-2005,5021
5022,Middlesbrough,Fulham,1.0,1.0,D,2004-2005,5022
5023,Aston Villa,Charlton,0.0,0.0,D,2004-2005,5023
5024,Blackburn,Crystal Palace,1.0,0.0,H,2004-2005,5024
5025,Chelsea,Arsenal,0.0,0.0,D,2004-2005,5025
5026,Everton,Man United,1.0,0.0,H,2004-2005,5026
5027,Man City,Birmingham,3.0,0.0,H,2004-2005,5027
5028,Norwich,Newcastle,2.0,1.0,H,2004-2005,5028
5029,Portsmouth,Liverpool,1.0,2.0,A,2004-2005,5029
5030,Tottenham,West Brom,1.0,1.0,D,2004-2005,5030
5031,Aston Villa,Bolton,1.0,1.0,D,2004-2005,5031
5032,Blackburn,Man City,0.0,0.0,D,2004-2005,5032
5033,Chelsea,Fulham,3.0,1.0,H,2004-2005,5033
5034,Crystal Palace,Liverpool,1.0,0.0,H,2004-2005,5034
5035,Everton,Birmingham,1.0,1.0,D,2004-2005,5035
5036,Middlesbrough,West Brom,4.0,0.0,H,2004-2005,5036
5037,Norwich,Charlton,1.0,0.0,H,2004-2005,5037
5038,Man United,Newcastle,2.0,1.0,H,2004-2005,5038
5039,Portsmouth,Southampton,4.0,1.0,H,2004-2005,5039
5040,Arsenal,Tottenham,1.0,0.0,H,2004-2005,5040
5041,West Brom,Blackburn,1.0,1.0,D,2004-2005,5041
5042,Newcastle,Middlesbrough,0.0,0.0,D,2004-2005,5042
5043,Birmingham,Blackburn,2.0,1.0,H,2004-2005,5043
5044,Bolton,Chelsea,0.0,2.0,A,2004-2005,5044
5045,Fulham,Everton,2.0,0.0,H,2004-2005,5045
5046,Liverpool,Middlesbrough,1.0,1.0,D,2004-2005,5046
5047,Man City,Portsmouth,2.0,0.0,H,2004-2005,5047
5048,Newcastle,Crystal Palace,0.0,0.0,D,2004-2005,5048
5049,Southampton,Norwich,4.0,3.0,H,2004-2005,5049
5050,Charlton,Man United,0.0,4.0,A,2004-2005,5050
5051,Tottenham,Aston Villa,5.0,1.0,H,2004-2005,5051
5052,West Brom,Arsenal,0.0,2.0,A,2004-2005,5052
5053,Fulham,Newcastle,1.0,3.0,A,2004-2005,5053
5054,Aston Villa,Man City,1.0,2.0,A,2004-2005,5054
5055,Blackburn,Fulham,1.0,3.0,A,2004-2005,5055
5056,Chelsea,Charlton,1.0,0.0,H,2004-2005,5056
5057,Crystal Palace,Southampton,2.0,2.0,D,2004-2005,5057
5058,Everton,Newcastle,2.0,0.0,H,2004-2005,5058
5059,Man United,West Brom,1.0,1.0,D,2004-2005,5059
5060,Middlesbrough,Tottenham,1.0,0.0,H,2004-2005,5060
5061,Norwich,Birmingham,1.0,0.0,H,2004-2005,5061
5062,Portsmouth,Bolton,1.0,1.0,D,2004-2005,5062
5063,Arsenal,Liverpool,3.0,1.0,H,2004-2005,5063
5064,Man United,Chelsea,1.0,3.0,A,2004-2005,5064
5065,Arsenal,Everton,7.0,0.0,H,2004-2005,5065
5066,Birmingham,Arsenal,2.0,1.0,H,2004-2005,5066
5067,Bolton,Everton,3.0,2.0,H,2004-2005,5067
5068,Charlton,Crystal Palace,2.0,2.0,D,2004-2005,5068
5069,Fulham,Norwich,6.0,0.0,H,2004-2005,5069
5070,Liverpool,Aston Villa,2.0,1.0,H,2004-2005,5070
5071,Man City,Middlesbrough,1.0,1.0,D,2004-2005,5071
5072,Newcastle,Chelsea,1.0,1.0,D,2004-2005,5072
5073,Southampton,Man United,1.0,2.0,A,2004-2005,5073
5074,Tottenham,Blackburn,0.0,0.0,D,2004-2005,5074
5075,West Brom,Portsmouth,2.0,0.0,H,2004-2005,5075
5076,Aston Villa,Bolton,2.0,2.0,D,2005-2006,5076
5077,Everton,Man United,0.0,2.0,A,2005-2006,5077
5078,Fulham,Birmingham,0.0,0.0,D,2005-2006,5078
5079,Man City,West Brom,0.0,0.0,D,2005-2006,5079
5080,Middlesbrough,Liverpool,0.0,0.0,D,2005-2006,5080
5081,Portsmouth,Tottenham,0.0,2.0,A,2005-2006,5081
5082,Sunderland,Charlton,1.0,3.0,A,2005-2006,5082
5083,West Ham,Blackburn,3.0,1.0,H,2005-2006,5083
5084,Arsenal,Newcastle,2.0,0.0,H,2005-2006,5084
5085,Wigan,Chelsea,0.0,1.0,A,2005-2006,5085
5086,Birmingham,Man City,1.0,2.0,A,2005-2006,5086
5087,Blackburn,Fulham,2.0,1.0,H,2005-2006,5087
5088,Charlton,Wigan,1.0,0.0,H,2005-2006,5088
5089,Liverpool,Sunderland,1.0,0.0,H,2005-2006,5089
5090,Man United,Aston Villa,1.0,0.0,H,2005-2006,5090
5091,Newcastle,West Ham,0.0,0.0,D,2005-2006,5091
5092,Tottenham,Middlesbrough,2.0,0.0,H,2005-2006,5092
5093,West Brom,Portsmouth,2.0,1.0,H,2005-2006,5093
5094,Bolton,Everton,0.0,1.0,A,2005-2006,5094
5095,Chelsea,Arsenal,1.0,0.0,H,2005-2006,5095
5096,Birmingham,Middlesbrough,0.0,3.0,A,2005-2006,5096
5097,Portsmouth,Aston Villa,1.0,1.0,D,2005-2006,5097
5098,Sunderland,Man City,1.0,2.0,A,2005-2006,5098
5099,Arsenal,Fulham,4.0,1.0,H,2005-2006,5099
5100,Blackburn,Tottenham,0.0,0.0,D,2005-2006,5100
5101,Bolton,Newcastle,2.0,0.0,H,2005-2006,5101
5102,Chelsea,West Brom,4.0,0.0,H,2005-2006,5102
5103,Aston Villa,Blackburn,1.0,0.0,H,2005-2006,5103
5104,Fulham,Everton,1.0,0.0,H,2005-2006,5104
5105,Man City,Portsmouth,2.0,1.0,H,2005-2006,5105
5106,Tottenham,Chelsea,0.0,2.0,A,2005-2006,5106
5107,West Brom,Birmingham,2.0,3.0,A,2005-2006,5107
5108,West Ham,Bolton,1.0,2.0,A,2005-2006,5108
5109,Wigan,Sunderland,1.0,0.0,H,2005-2006,5109
5110,Middlesbrough,Charlton,0.0,3.0,A,2005-2006,5110
5111,Newcastle,Man United,0.0,2.0,A,2005-2006,5111
5112,Birmingham,Charlton,0.0,1.0,A,2005-2006,5112
5113,Chelsea,Sunderland,2.0,0.0,H,2005-2006,5113
5114,Everton,Portsmouth,0.0,1.0,A,2005-2006,5114
5115,Man United,Man City,1.0,1.0,D,2005-2006,5115
5116,Middlesbrough,Arsenal,2.0,1.0,H,2005-2006,5116
5117,Newcastle,Fulham,1.0,1.0,D,2005-2006,5117
5118,Tottenham,Liverpool,0.0,0.0,D,2005-2006,5118
5119,West Brom,Wigan,1.0,2.0,A,2005-2006,5119
5120,Bolton,Blackburn,0.0,0.0,D,2005-2006,5120
5121,West Ham,Aston Villa,4.0,0.0,H,2005-2006,5121
5122,Aston Villa,Tottenham,1.0,1.0,D,2005-2006,5122
5123,Charlton,Chelsea,0.0,2.0,A,2005-2006,5123
5124,Fulham,West Ham,1.0,2.0,A,2005-2006,5124
5125,Portsmouth,Birmingham,1.0,1.0,D,2005-2006,5125
5126,Sunderland,West Brom,1.0,1.0,D,2005-2006,5126
5127,Blackburn,Newcastle,0.0,3.0,A,2005-2006,5127
5128,Liverpool,Man United,0.0,0.0,D,2005-2006,5128
5129,Man City,Bolton,0.0,1.0,A,2005-2006,5129
5130,Wigan,Middlesbrough,1.0,1.0,D,2005-2006,5130
5131,Arsenal,Everton,2.0,0.0,H,2005-2006,5131
5132,Birmingham,Liverpool,2.0,2.0,D,2005-2006,5132
5133,Bolton,Portsmouth,1.0,0.0,H,2005-2006,5133
5134,Chelsea,Aston Villa,2.0,1.0,H,2005-2006,5134
5135,Everton,Wigan,0.0,1.0,A,2005-2006,5135
5136,Man United,Blackburn,1.0,2.0,A,2005-2006,5136
5137,Newcastle,Man City,1.0,0.0,H,2005-2006,5137
5138,West Brom,Charlton,1.0,2.0,A,2005-2006,5138
5139,West Ham,Arsenal,0.0,0.0,D,2005-2006,5139
5140,Middlesbrough,Sunderland,0.0,2.0,A,2005-2006,5140
5141,Tottenham,Fulham,1.0,0.0,H,2005-2006,5141
5142,Blackburn,West Brom,2.0,0.0,H,2005-2006,5142
5143,Charlton,Tottenham,2.0,3.0,A,2005-2006,5143
5144,Fulham,Man United,2.0,3.0,A,2005-2006,5144
5145,Portsmouth,Newcastle,0.0,0.0,D,2005-2006,5145
5146,Sunderland,West Ham,1.0,1.0,D,2005-2006,5146
5147,Arsenal,Birmingham,1.0,0.0,H,2005-2006,5147
5148,Aston Villa,Middlesbrough,2.0,3.0,A,2005-2006,5148
5149,Liverpool,Chelsea,1.0,4.0,A,2005-2006,5149
5150,Man City,Everton,2.0,0.0,H,2005-2006,5150
5151,Wigan,Bolton,2.0,1.0,H,2005-2006,5151
5152,Chelsea,Bolton,5.0,1.0,H,2005-2006,5152
5153,Liverpool,Blackburn,1.0,0.0,H,2005-2006,5153
5154,Middlesbrough,Portsmouth,1.0,1.0,D,2005-2006,5154
5155,Sunderland,Man United,1.0,3.0,A,2005-2006,5155
5156,Tottenham,Everton,2.0,0.0,H,2005-2006,5156
5157,West Brom,Arsenal,2.0,1.0,H,2005-2006,5157
5158,Wigan,Newcastle,1.0,0.0,H,2005-2006,5158
5159,Birmingham,Aston Villa,0.0,1.0,A,2005-2006,5159
5160,Man City,West Ham,2.0,1.0,H,2005-2006,5160
5161,Charlton,Fulham,1.0,1.0,D,2005-2006,5161
5162,Arsenal,Man City,1.0,0.0,H,2005-2006,5162
5163,Aston Villa,Wigan,0.0,2.0,A,2005-2006,5163
5164,Blackburn,Birmingham,2.0,0.0,H,2005-2006,5164
5165,Fulham,Liverpool,2.0,0.0,H,2005-2006,5165
5166,Man United,Tottenham,1.0,1.0,D,2005-2006,5166
5167,Portsmouth,Charlton,1.0,2.0,A,2005-2006,5167
5168,Bolton,West Brom,2.0,0.0,H,2005-2006,5168
5169,Everton,Chelsea,1.0,1.0,D,2005-2006,5169
5170,Newcastle,Sunderland,3.0,2.0,H,2005-2006,5170
5171,West Ham,Middlesbrough,2.0,1.0,H,2005-2006,5171
5172,Birmingham,Everton,0.0,1.0,A,2005-2006,5172
5173,Charlton,Bolton,0.0,1.0,A,2005-2006,5173
5174,Chelsea,Blackburn,4.0,2.0,H,2005-2006,5174
5175,Liverpool,West Ham,2.0,0.0,H,2005-2006,5175
5176,Middlesbrough,Man United,4.0,1.0,H,2005-2006,5176
5177,Sunderland,Portsmouth,1.0,4.0,A,2005-2006,5177
5178,Tottenham,Arsenal,1.0,1.0,D,2005-2006,5178
5179,Wigan,Fulham,1.0,0.0,H,2005-2006,5179
5180,West Brom,Newcastle,0.0,3.0,A,2005-2006,5180
5181,Man City,Aston Villa,3.0,1.0,H,2005-2006,5181
5182,Arsenal,Sunderland,3.0,1.0,H,2005-2006,5182
5183,Aston Villa,Liverpool,0.0,2.0,A,2005-2006,5183
5184,Blackburn,Charlton,4.0,1.0,H,2005-2006,5184
5185,Fulham,Man City,2.0,1.0,H,2005-2006,5185
5186,Newcastle,Birmingham,1.0,0.0,H,2005-2006,5186
5187,Portsmouth,Wigan,0.0,2.0,A,2005-2006,5187
5188,West Ham,West Brom,1.0,0.0,H,2005-2006,5188
5189,Everton,Middlesbrough,1.0,0.0,H,2005-2006,5189
5190,Man United,Chelsea,1.0,0.0,H,2005-2006,5190
5191,Bolton,Tottenham,1.0,0.0,H,2005-2006,5191
5192,Charlton,Man United,1.0,3.0,A,2005-2006,5192
5193,Chelsea,Newcastle,3.0,0.0,H,2005-2006,5193
5194,Liverpool,Portsmouth,3.0,0.0,H,2005-2006,5194
5195,Man City,Blackburn,0.0,0.0,D,2005-2006,5195
5196,Sunderland,Aston Villa,1.0,3.0,A,2005-2006,5196
5197,West Brom,Everton,4.0,0.0,H,2005-2006,5197
5198,Wigan,Arsenal,2.0,3.0,A,2005-2006,5198
5199,Middlesbrough,Fulham,3.0,2.0,H,2005-2006,5199
5200,Tottenham,West Ham,1.0,1.0,D,2005-2006,5200
5201,Arsenal,Blackburn,3.0,0.0,H,2005-2006,5201
5202,Aston Villa,Charlton,1.0,0.0,H,2005-2006,5202
5203,Man City,Liverpool,0.0,1.0,A,2005-2006,5203
5204,Portsmouth,Chelsea,0.0,2.0,A,2005-2006,5204
5205,Sunderland,Birmingham,0.0,1.0,A,2005-2006,5205
5206,Wigan,Tottenham,1.0,2.0,A,2005-2006,5206
5207,Everton,Newcastle,1.0,0.0,H,2005-2006,5207
5208,Fulham,Bolton,2.0,1.0,H,2005-2006,5208
5209,Middlesbrough,West Brom,2.0,2.0,D,2005-2006,5209
5210,West Ham,Man United,1.0,2.0,A,2005-2006,5210
5211,Sunderland,Liverpool,0.0,2.0,A,2005-2006,5211
5212,Blackburn,Everton,0.0,2.0,A,2005-2006,5212
5213,Bolton,Arsenal,2.0,0.0,H,2005-2006,5213
5214,Chelsea,Middlesbrough,1.0,0.0,H,2005-2006,5214
5215,Liverpool,Wigan,3.0,0.0,H,2005-2006,5215
5216,Man United,Portsmouth,3.0,0.0,H,2005-2006,5216
5217,Newcastle,Aston Villa,1.0,1.0,D,2005-2006,5217
5218,Tottenham,Sunderland,3.0,2.0,H,2005-2006,5218
5219,West Brom,Fulham,0.0,0.0,D,2005-2006,5219
5220,Charlton,Man City,2.0,5.0,A,2005-2006,5220
5221,Birmingham,West Ham,1.0,2.0,A,2005-2006,5221
5222,Birmingham,Fulham,1.0,0.0,H,2005-2006,5222
5223,Blackburn,West Ham,3.0,2.0,H,2005-2006,5223
5224,Bolton,Aston Villa,1.0,1.0,D,2005-2006,5224
5225,Charlton,Sunderland,2.0,0.0,H,2005-2006,5225
5226,Chelsea,Wigan,1.0,0.0,H,2005-2006,5226
5227,Liverpool,Middlesbrough,2.0,0.0,H,2005-2006,5227
5228,Newcastle,Arsenal,1.0,0.0,H,2005-2006,5228
5229,West Brom,Man City,2.0,0.0,H,2005-2006,5229
5230,Man United,Everton,1.0,1.0,D,2005-2006,5230
5231,Tottenham,Portsmouth,3.0,1.0,H,2005-2006,5231
5232,Everton,West Ham,1.0,2.0,A,2005-2006,5232
5233,Man United,Wigan,4.0,0.0,H,2005-2006,5233
5234,Aston Villa,Man United,0.0,2.0,A,2005-2006,5234
5235,Everton,Bolton,0.0,4.0,A,2005-2006,5235
5236,Fulham,Blackburn,2.0,1.0,H,2005-2006,5236
5237,Man City,Birmingham,4.0,1.0,H,2005-2006,5237
5238,Portsmouth,West Brom,1.0,0.0,H,2005-2006,5238
5239,West Ham,Newcastle,2.0,4.0,A,2005-2006,5239
5240,Wigan,Charlton,3.0,0.0,H,2005-2006,5240
5241,Arsenal,Chelsea,0.0,2.0,A,2005-2006,5241
5242,Middlesbrough,Tottenham,3.0,3.0,D,2005-2006,5242
5243,Aston Villa,Everton,4.0,0.0,H,2005-2006,5243
5244,Charlton,Arsenal,0.0,1.0,A,2005-2006,5244
5245,Chelsea,Fulham,3.0,2.0,H,2005-2006,5245
5246,Liverpool,Newcastle,2.0,0.0,H,2005-2006,5246
5247,Man United,West Brom,3.0,0.0,H,2005-2006,5247
5248,Middlesbrough,Blackburn,0.0,2.0,A,2005-2006,5248
5249,Portsmouth,West Ham,1.0,1.0,D,2005-2006,5249
5250,Sunderland,Bolton,0.0,0.0,D,2005-2006,5250
5251,Tottenham,Birmingham,2.0,0.0,H,2005-2006,5251
5252,Wigan,Man City,4.0,3.0,H,2005-2006,5252
5253,Arsenal,Portsmouth,4.0,0.0,H,2005-2006,5253
5254,Birmingham,Man United,2.0,2.0,D,2005-2006,5254
5255,Everton,Liverpool,1.0,3.0,A,2005-2006,5255
5256,Fulham,Aston Villa,3.0,3.0,D,2005-2006,5256
5257,Man City,Chelsea,0.0,1.0,A,2005-2006,5257
5258,West Brom,Tottenham,2.0,0.0,H,2005-2006,5258
5259,West Ham,Wigan,0.0,2.0,A,2005-2006,5259
5260,Aston Villa,Arsenal,0.0,0.0,D,2005-2006,5260
5261,Charlton,West Ham,2.0,0.0,H,2005-2006,5261
5262,Chelsea,Birmingham,2.0,0.0,H,2005-2006,5262
5263,Liverpool,West Brom,1.0,0.0,H,2005-2006,5263
5264,Man United,Bolton,4.0,1.0,H,2005-2006,5264
5265,Middlesbrough,Man City,0.0,0.0,D,2005-2006,5265
5266,Portsmouth,Fulham,1.0,0.0,H,2005-2006,5266
5267,Sunderland,Everton,0.0,1.0,A,2005-2006,5267
5268,Tottenham,Newcastle,2.0,0.0,H,2005-2006,5268
5269,Wigan,Blackburn,0.0,3.0,A,2005-2006,5269
5270,Birmingham,Wigan,2.0,0.0,H,2005-2006,5270
5271,Blackburn,Portsmouth,2.0,1.0,H,2005-2006,5271
5272,Bolton,Liverpool,2.0,2.0,D,2005-2006,5272
5273,Everton,Charlton,3.0,1.0,H,2005-2006,5273
5274,Fulham,Sunderland,2.0,1.0,H,2005-2006,5274
5275,Newcastle,Middlesbrough,2.0,2.0,D,2005-2006,5275
5276,West Brom,Aston Villa,1.0,2.0,A,2005-2006,5276
5277,West Ham,Chelsea,1.0,3.0,A,2005-2006,5277
5278,Arsenal,Man United,0.0,0.0,D,2005-2006,5278
5279,Man City,Tottenham,0.0,2.0,A,2005-2006,5279
5280,Arsenal,Middlesbrough,7.0,0.0,H,2005-2006,5280
5281,Aston Villa,West Ham,1.0,2.0,A,2005-2006,5281
5282,Blackburn,Bolton,0.0,0.0,D,2005-2006,5282
5283,Charlton,Birmingham,2.0,0.0,H,2005-2006,5283
5284,Fulham,Newcastle,1.0,0.0,H,2005-2006,5284
5285,Liverpool,Tottenham,1.0,0.0,H,2005-2006,5285
5286,Man City,Man United,3.0,1.0,H,2005-2006,5286
5287,Portsmouth,Everton,0.0,1.0,A,2005-2006,5287
5288,Sunderland,Chelsea,1.0,2.0,A,2005-2006,5288
5289,Wigan,West Brom,0.0,1.0,A,2005-2006,5289
5290,Birmingham,Portsmouth,5.0,0.0,H,2005-2006,5290
5291,Bolton,Man City,2.0,0.0,H,2005-2006,5291
5292,Everton,Arsenal,1.0,0.0,H,2005-2006,5292
5293,Middlesbrough,Wigan,2.0,3.0,A,2005-2006,5293
5294,Newcastle,Blackburn,0.0,1.0,A,2005-2006,5294
5295,Tottenham,Aston Villa,0.0,0.0,D,2005-2006,5295
5296,West Brom,Sunderland,0.0,1.0,A,2005-2006,5296
5297,Chelsea,Charlton,1.0,1.0,D,2005-2006,5297
5298,Man United,Liverpool,1.0,0.0,H,2005-2006,5298
5299,West Ham,Fulham,2.0,1.0,H,2005-2006,5299
5300,Charlton,West Brom,0.0,0.0,D,2005-2006,5300
5301,Fulham,Tottenham,1.0,0.0,H,2005-2006,5301
5302,Sunderland,Middlesbrough,0.0,3.0,A,2005-2006,5302
5303,Wigan,Everton,1.0,1.0,D,2005-2006,5303
5304,Arsenal,West Ham,2.0,3.0,A,2005-2006,5304
5305,Aston Villa,Chelsea,1.0,1.0,D,2005-2006,5305
5306,Blackburn,Man United,4.0,3.0,H,2005-2006,5306
5307,Liverpool,Birmingham,1.0,1.0,D,2005-2006,5307
5308,Man City,Newcastle,3.0,0.0,H,2005-2006,5308
5309,Portsmouth,Bolton,1.0,1.0,D,2005-2006,5309
5310,Birmingham,Arsenal,0.0,2.0,A,2005-2006,5310
5311,Bolton,Wigan,1.0,1.0,D,2005-2006,5311
5312,Everton,Man City,1.0,0.0,H,2005-2006,5312
5313,Man United,Fulham,4.0,2.0,H,2005-2006,5313
5314,Middlesbrough,Aston Villa,0.0,4.0,A,2005-2006,5314
5315,Newcastle,Portsmouth,2.0,0.0,H,2005-2006,5315
5316,West Brom,Blackburn,2.0,0.0,H,2005-2006,5316
5317,West Ham,Sunderland,2.0,0.0,H,2005-2006,5317
5318,Chelsea,Liverpool,2.0,0.0,H,2005-2006,5318
5319,Tottenham,Charlton,3.0,1.0,H,2005-2006,5319
5320,Charlton,Liverpool,2.0,0.0,H,2005-2006,5320
5321,Arsenal,Bolton,1.0,1.0,D,2005-2006,5321
5322,Aston Villa,Newcastle,1.0,2.0,A,2005-2006,5322
5323,Everton,Blackburn,1.0,0.0,H,2005-2006,5323
5324,Fulham,West Brom,6.0,1.0,H,2005-2006,5324
5325,Middlesbrough,Chelsea,3.0,0.0,H,2005-2006,5325
5326,Portsmouth,Man United,1.0,3.0,A,2005-2006,5326
5327,Wigan,Liverpool,0.0,1.0,A,2005-2006,5327
5328,Man City,Charlton,3.0,2.0,H,2005-2006,5328
5329,Sunderland,Tottenham,1.0,1.0,D,2005-2006,5329
5330,West Ham,Birmingham,3.0,0.0,H,2005-2006,5330
5331,Liverpool,Arsenal,1.0,0.0,H,2005-2006,5331
5332,Blackburn,Sunderland,2.0,0.0,H,2005-2006,5332
5333,Tottenham,Wigan,2.0,2.0,D,2005-2006,5333
5334,Newcastle,Charlton,0.0,0.0,D,2005-2006,5334
5335,Birmingham,Sunderland,1.0,0.0,H,2005-2006,5335
5336,Blackburn,Arsenal,1.0,0.0,H,2005-2006,5336
5337,Charlton,Aston Villa,0.0,0.0,D,2005-2006,5337
5338,Chelsea,Portsmouth,2.0,0.0,H,2005-2006,5338
5339,Newcastle,Everton,2.0,0.0,H,2005-2006,5339
5340,Bolton,Fulham,2.0,1.0,H,2005-2006,5340
5341,Liverpool,Man City,1.0,0.0,H,2005-2006,5341
5342,West Brom,Middlesbrough,0.0,2.0,A,2005-2006,5342
5343,Aston Villa,Portsmouth,1.0,0.0,H,2005-2006,5343
5344,Fulham,Arsenal,0.0,4.0,A,2005-2006,5344
5345,Liverpool,Charlton,0.0,0.0,D,2005-2006,5345
5346,Middlesbrough,Birmingham,1.0,0.0,H,2005-2006,5346
5347,Newcastle,Bolton,3.0,1.0,H,2005-2006,5347
5348,West Brom,Chelsea,1.0,2.0,A,2005-2006,5348
5349,West Ham,Everton,2.0,2.0,D,2005-2006,5349
5350,Man City,Sunderland,2.0,1.0,H,2005-2006,5350
5351,Tottenham,Blackburn,3.0,2.0,H,2005-2006,5351
5352,Wigan,Man United,1.0,2.0,A,2005-2006,5352
5353,Birmingham,West Brom,1.0,1.0,D,2005-2006,5353
5354,Blackburn,Aston Villa,2.0,0.0,H,2005-2006,5354
5355,Bolton,West Ham,4.0,1.0,H,2005-2006,5355
5356,Chelsea,Tottenham,2.0,1.0,H,2005-2006,5356
5357,Everton,Fulham,3.0,1.0,H,2005-2006,5357
5358,Portsmouth,Man City,2.0,1.0,H,2005-2006,5358
5359,Sunderland,Wigan,0.0,1.0,A,2005-2006,5359
5360,Arsenal,Liverpool,2.0,1.0,H,2005-2006,5360
5361,Charlton,Middlesbrough,2.0,1.0,H,2005-2006,5361
5362,Man United,Newcastle,2.0,0.0,H,2005-2006,5362
5363,Liverpool,Fulham,5.0,1.0,H,2005-2006,5363
5364,Arsenal,Charlton,3.0,0.0,H,2005-2006,5364
5365,Birmingham,Tottenham,0.0,2.0,A,2005-2006,5365
5366,Blackburn,Middlesbrough,3.0,2.0,H,2005-2006,5366
5367,Bolton,Sunderland,2.0,0.0,H,2005-2006,5367
5368,Everton,Aston Villa,4.0,1.0,H,2005-2006,5368
5369,Man City,Wigan,0.0,1.0,A,2005-2006,5369
5370,West Brom,Man United,1.0,2.0,A,2005-2006,5370
5371,West Ham,Portsmouth,2.0,4.0,A,2005-2006,5371
5372,Fulham,Chelsea,1.0,0.0,H,2005-2006,5372
5373,Newcastle,Liverpool,1.0,3.0,A,2005-2006,5373
5374,Aston Villa,Fulham,0.0,0.0,D,2005-2006,5374
5375,Chelsea,Man City,2.0,0.0,H,2005-2006,5375
5376,Liverpool,Everton,3.0,1.0,H,2005-2006,5376
5377,Sunderland,Blackburn,0.0,1.0,A,2005-2006,5377
5378,Wigan,West Ham,1.0,2.0,A,2005-2006,5378
5379,Charlton,Newcastle,3.0,1.0,H,2005-2006,5379
5380,Man United,Birmingham,3.0,0.0,H,2005-2006,5380
5381,Middlesbrough,Bolton,4.0,3.0,H,2005-2006,5381
5382,Tottenham,West Brom,2.0,1.0,H,2005-2006,5382
5383,Man United,West Ham,1.0,0.0,H,2005-2006,5383
5384,Arsenal,Aston Villa,5.0,0.0,H,2005-2006,5384
5385,Birmingham,Chelsea,0.0,0.0,D,2005-2006,5385
5386,Bolton,Man United,1.0,2.0,A,2005-2006,5386
5387,Everton,Sunderland,2.0,2.0,D,2005-2006,5387
5388,Fulham,Portsmouth,1.0,3.0,A,2005-2006,5388
5389,Newcastle,Tottenham,3.0,1.0,H,2005-2006,5389
5390,West Brom,Liverpool,0.0,2.0,A,2005-2006,5390
5391,Man City,Middlesbrough,0.0,1.0,A,2005-2006,5391
5392,West Ham,Charlton,0.0,0.0,D,2005-2006,5392
5393,Blackburn,Wigan,1.0,1.0,D,2005-2006,5393
5394,Birmingham,Bolton,1.0,0.0,H,2005-2006,5394
5395,Charlton,Everton,0.0,0.0,D,2005-2006,5395
5396,Portsmouth,Blackburn,2.0,2.0,D,2005-2006,5396
5397,Tottenham,Man City,2.0,1.0,H,2005-2006,5397
5398,Wigan,Birmingham,1.0,1.0,D,2005-2006,5398
5399,Aston Villa,West Brom,0.0,0.0,D,2005-2006,5399
5400,Chelsea,West Ham,4.0,1.0,H,2005-2006,5400
5401,Liverpool,Bolton,1.0,0.0,H,2005-2006,5401
5402,Man United,Arsenal,2.0,0.0,H,2005-2006,5402
5403,Middlesbrough,Newcastle,1.0,2.0,A,2005-2006,5403
5404,Portsmouth,Arsenal,1.0,1.0,D,2005-2006,5404
5405,Man United,Sunderland,0.0,0.0,D,2005-2006,5405
5406,Arsenal,West Brom,3.0,1.0,H,2005-2006,5406
5407,Bolton,Chelsea,0.0,2.0,A,2005-2006,5407
5408,Everton,Tottenham,0.0,1.0,A,2005-2006,5408
5409,Fulham,Charlton,2.0,1.0,H,2005-2006,5409
5410,Newcastle,Wigan,3.0,1.0,H,2005-2006,5410
5411,Portsmouth,Middlesbrough,1.0,0.0,H,2005-2006,5411
5412,West Ham,Man City,1.0,0.0,H,2005-2006,5412
5413,Aston Villa,Birmingham,3.0,1.0,H,2005-2006,5413
5414,Blackburn,Liverpool,0.0,1.0,A,2005-2006,5414
5415,Charlton,Portsmouth,2.0,1.0,H,2005-2006,5415
5416,Chelsea,Everton,3.0,0.0,H,2005-2006,5416
5417,Middlesbrough,West Ham,2.0,0.0,H,2005-2006,5417
5418,Sunderland,Newcastle,1.0,4.0,A,2005-2006,5418
5419,Tottenham,Man United,1.0,2.0,A,2005-2006,5419
5420,West Brom,Bolton,0.0,0.0,D,2005-2006,5420
5421,Wigan,Aston Villa,3.0,2.0,H,2005-2006,5421
5422,Birmingham,Blackburn,2.0,1.0,H,2005-2006,5422
5423,Arsenal,Tottenham,1.0,1.0,D,2005-2006,5423
5424,Bolton,Charlton,4.0,1.0,H,2005-2006,5424
5425,Everton,Birmingham,0.0,0.0,D,2005-2006,5425
5426,Newcastle,West Brom,3.0,0.0,H,2005-2006,5426
5427,Portsmouth,Sunderland,2.0,1.0,H,2005-2006,5427
5428,Fulham,Wigan,1.0,0.0,H,2005-2006,5428
5429,Aston Villa,Man City,0.0,1.0,A,2005-2006,5429
5430,West Ham,Liverpool,1.0,2.0,A,2005-2006,5430
5431,Birmingham,Newcastle,0.0,0.0,D,2005-2006,5431
5432,Charlton,Blackburn,0.0,2.0,A,2005-2006,5432
5433,Chelsea,Man United,3.0,0.0,H,2005-2006,5433
5434,Liverpool,Aston Villa,3.0,1.0,H,2005-2006,5434
5435,Man City,Fulham,1.0,2.0,A,2005-2006,5435
5436,Middlesbrough,Everton,0.0,1.0,A,2005-2006,5436
5437,Wigan,Portsmouth,1.0,2.0,A,2005-2006,5437
5438,Tottenham,Bolton,1.0,0.0,H,2005-2006,5438
5439,Man United,Middlesbrough,0.0,0.0,D,2005-2006,5439
5440,Sunderland,Arsenal,0.0,3.0,A,2005-2006,5440
5441,West Brom,West Ham,0.0,1.0,A,2005-2006,5441
5442,Blackburn,Chelsea,1.0,0.0,H,2005-2006,5442
5443,Bolton,Middlesbrough,1.0,1.0,D,2005-2006,5443
5444,Man City,Arsenal,1.0,3.0,A,2005-2006,5444
5445,Sunderland,Fulham,2.0,1.0,H,2005-2006,5445
5446,Arsenal,Wigan,4.0,2.0,H,2005-2006,5446
5447,Aston Villa,Sunderland,2.0,1.0,H,2005-2006,5447
5448,Blackburn,Man City,2.0,0.0,H,2005-2006,5448
5449,Bolton,Birmingham,1.0,0.0,H,2005-2006,5449
5450,Everton,West Brom,2.0,2.0,D,2005-2006,5450
5451,Fulham,Middlesbrough,1.0,0.0,H,2005-2006,5451
5452,Man United,Charlton,4.0,0.0,H,2005-2006,5452
5453,Newcastle,Chelsea,1.0,0.0,H,2005-2006,5453
5454,Portsmouth,Liverpool,1.0,3.0,A,2005-2006,5454
5455,West Ham,Tottenham,2.0,1.0,H,2005-2006,5455
5456,Arsenal,Aston Villa,1.0,1.0,D,2006-2007,5456
5457,Bolton,Tottenham,2.0,0.0,H,2006-2007,5457
5458,Everton,Watford,2.0,1.0,H,2006-2007,5458
5459,Newcastle,Wigan,2.0,1.0,H,2006-2007,5459
5460,Portsmouth,Blackburn,3.0,0.0,H,2006-2007,5460
5461,Reading,Middlesbrough,3.0,2.0,H,2006-2007,5461
5462,Sheffield United,Liverpool,1.0,1.0,D,2006-2007,5462
5463,West Ham,Charlton,3.0,1.0,H,2006-2007,5463
5464,Chelsea,Man City,3.0,0.0,H,2006-2007,5464
5465,Man United,Fulham,5.0,1.0,H,2006-2007,5465
5466,Tottenham,Sheffield United,2.0,0.0,H,2006-2007,5466
5467,Watford,West Ham,1.0,1.0,D,2006-2007,5467
5468,Aston Villa,Reading,2.0,1.0,H,2006-2007,5468
5469,Blackburn,Everton,1.0,1.0,D,2006-2007,5469
5470,Charlton,Man United,0.0,3.0,A,2006-2007,5470
5471,Fulham,Bolton,1.0,1.0,D,2006-2007,5471
5472,Man City,Portsmouth,0.0,0.0,D,2006-2007,5472
5473,Middlesbrough,Chelsea,2.0,1.0,H,2006-2007,5473
5474,Charlton,Bolton,2.0,0.0,H,2006-2007,5474
5475,Fulham,Sheffield United,1.0,0.0,H,2006-2007,5475
5476,Liverpool,West Ham,2.0,1.0,H,2006-2007,5476
5477,Man City,Arsenal,1.0,0.0,H,2006-2007,5477
5478,Tottenham,Everton,0.0,2.0,A,2006-2007,5478
5479,Watford,Man United,1.0,2.0,A,2006-2007,5479
5480,Wigan,Reading,1.0,0.0,H,2006-2007,5480
5481,Aston Villa,Newcastle,2.0,0.0,H,2006-2007,5481
5482,Blackburn,Chelsea,0.0,2.0,A,2006-2007,5482
5483,Middlesbrough,Portsmouth,0.0,4.0,A,2006-2007,5483
5484,Arsenal,Middlesbrough,1.0,1.0,D,2006-2007,5484
5485,Bolton,Watford,1.0,0.0,H,2006-2007,5485
5486,Chelsea,Charlton,2.0,1.0,H,2006-2007,5486
5487,Everton,Liverpool,3.0,0.0,H,2006-2007,5487
5488,Man United,Tottenham,1.0,0.0,H,2006-2007,5488
5489,Newcastle,Fulham,1.0,2.0,A,2006-2007,5489
5490,Portsmouth,Wigan,1.0,0.0,H,2006-2007,5490
5491,Sheffield United,Blackburn,0.0,0.0,D,2006-2007,5491
5492,West Ham,Aston Villa,1.0,1.0,D,2006-2007,5492
5493,Reading,Man City,1.0,0.0,H,2006-2007,5493
5494,Bolton,Middlesbrough,0.0,0.0,D,2006-2007,5494
5495,Charlton,Portsmouth,0.0,1.0,A,2006-2007,5495
5496,Everton,Wigan,2.0,2.0,D,2006-2007,5496
5497,Sheffield United,Reading,1.0,2.0,A,2006-2007,5497
5498,Watford,Aston Villa,0.0,0.0,D,2006-2007,5498
5499,Blackburn,Man City,4.0,2.0,H,2006-2007,5499
5500,Chelsea,Liverpool,1.0,0.0,H,2006-2007,5500
5501,Man United,Arsenal,0.0,1.0,A,2006-2007,5501
5502,Tottenham,Fulham,0.0,0.0,D,2006-2007,5502
5503,West Ham,Newcastle,0.0,2.0,A,2006-2007,5503
5504,Liverpool,Newcastle,2.0,0.0,H,2006-2007,5504
5505,Arsenal,Sheffield United,3.0,0.0,H,2006-2007,5505
5506,Aston Villa,Charlton,2.0,0.0,H,2006-2007,5506
5507,Fulham,Chelsea,0.0,2.0,A,2006-2007,5507
5508,Liverpool,Tottenham,3.0,0.0,H,2006-2007,5508
5509,Man City,West Ham,2.0,0.0,H,2006-2007,5509
5510,Middlesbrough,Blackburn,0.0,1.0,A,2006-2007,5510
5511,Reading,Man United,1.0,1.0,D,2006-2007,5511
5512,Wigan,Watford,1.0,1.0,D,2006-2007,5512
5513,Newcastle,Everton,1.0,1.0,D,2006-2007,5513
5514,Portsmouth,Bolton,0.0,1.0,A,2006-2007,5514
5515,Bolton,Liverpool,2.0,0.0,H,2006-2007,5515
5516,Charlton,Arsenal,1.0,2.0,A,2006-2007,5516
5517,Chelsea,Aston Villa,1.0,1.0,D,2006-2007,5517
5518,Everton,Man City,1.0,1.0,D,2006-2007,5518
5519,Sheffield United,Middlesbrough,2.0,1.0,H,2006-2007,5519
5520,Blackburn,Wigan,2.0,1.0,H,2006-2007,5520
5521,Man United,Newcastle,2.0,0.0,H,2006-2007,5521
5522,Tottenham,Portsmouth,2.0,1.0,H,2006-2007,5522
5523,West Ham,Reading,0.0,1.0,A,2006-2007,5523
5524,Watford,Fulham,3.0,3.0,D,2006-2007,5524
5525,Arsenal,Watford,3.0,0.0,H,2006-2007,5525
5526,Aston Villa,Tottenham,1.0,1.0,D,2006-2007,5526
5527,Liverpool,Blackburn,1.0,1.0,D,2006-2007,5527
5528,Man City,Sheffield United,0.0,0.0,D,2006-2007,5528
5529,Middlesbrough,Everton,2.0,1.0,H,2006-2007,5529
5530,Portsmouth,West Ham,2.0,0.0,H,2006-2007,5530
5531,Reading,Chelsea,0.0,1.0,A,2006-2007,5531
5532,Wigan,Man United,1.0,3.0,A,2006-2007,5532
5533,Newcastle,Bolton,1.0,2.0,A,2006-2007,5533
5534,Fulham,Charlton,2.0,1.0,H,2006-2007,5534
5535,Aston Villa,Fulham,1.0,1.0,D,2006-2007,5535
5536,Charlton,Watford,0.0,0.0,D,2006-2007,5536
5537,Chelsea,Portsmouth,2.0,1.0,H,2006-2007,5537
5538,Everton,Sheffield United,2.0,0.0,H,2006-2007,5538
5539,Wigan,Man City,4.0,0.0,H,2006-2007,5539
5540,Blackburn,Bolton,0.0,1.0,A,2006-2007,5540
5541,Man United,Liverpool,2.0,0.0,H,2006-2007,5541
5542,Middlesbrough,Newcastle,1.0,0.0,H,2006-2007,5542
5543,Reading,Arsenal,0.0,4.0,A,2006-2007,5543
5544,Tottenham,West Ham,1.0,0.0,H,2006-2007,5544
5545,Arsenal,Everton,1.0,1.0,D,2006-2007,5545
5546,Bolton,Man United,0.0,4.0,A,2006-2007,5546
5547,Fulham,Wigan,0.0,1.0,A,2006-2007,5547
5548,Liverpool,Aston Villa,3.0,1.0,H,2006-2007,5548
5549,Newcastle,Charlton,0.0,0.0,D,2006-2007,5549
5550,Portsmouth,Reading,3.0,1.0,H,2006-2007,5550
5551,Sheffield United,Chelsea,0.0,2.0,A,2006-2007,5551
5552,Watford,Tottenham,0.0,0.0,D,2006-2007,5552
5553,West Ham,Blackburn,2.0,1.0,H,2006-2007,5553
5554,Man City,Middlesbrough,1.0,0.0,H,2006-2007,5554
5555,Bolton,Wigan,0.0,1.0,A,2006-2007,5555
5556,Charlton,Man City,1.0,0.0,H,2006-2007,5556
5557,Fulham,Everton,1.0,0.0,H,2006-2007,5557
5558,Liverpool,Reading,2.0,0.0,H,2006-2007,5558
5559,Man United,Portsmouth,3.0,0.0,H,2006-2007,5559
5560,Newcastle,Sheffield United,0.0,1.0,A,2006-2007,5560
5561,Watford,Middlesbrough,2.0,0.0,H,2006-2007,5561
5562,Aston Villa,Blackburn,2.0,0.0,H,2006-2007,5562
5563,Tottenham,Chelsea,2.0,1.0,H,2006-2007,5563
5564,West Ham,Arsenal,1.0,0.0,H,2006-2007,5564
5565,Blackburn,Man United,0.0,1.0,A,2006-2007,5565
5566,Chelsea,Watford,4.0,0.0,H,2006-2007,5566
5567,Everton,Aston Villa,0.0,1.0,A,2006-2007,5567
5568,Man City,Newcastle,0.0,0.0,D,2006-2007,5568
5569,Middlesbrough,West Ham,1.0,0.0,H,2006-2007,5569
5570,Portsmouth,Fulham,1.0,1.0,D,2006-2007,5570
5571,Sheffield United,Bolton,2.0,2.0,D,2006-2007,5571
5572,Wigan,Charlton,3.0,2.0,H,2006-2007,5572
5573,Arsenal,Liverpool,3.0,0.0,H,2006-2007,5573
5574,Reading,Tottenham,3.0,1.0,H,2006-2007,5574
5575,Arsenal,Newcastle,1.0,1.0,D,2006-2007,5575
5576,Chelsea,West Ham,1.0,0.0,H,2006-2007,5576
5577,Everton,Bolton,1.0,0.0,H,2006-2007,5577
5578,Man City,Fulham,3.0,1.0,H,2006-2007,5578
5579,Middlesbrough,Liverpool,0.0,0.0,D,2006-2007,5579
5580,Portsmouth,Watford,2.0,1.0,H,2006-2007,5580
5581,Reading,Charlton,2.0,0.0,H,2006-2007,5581
5582,Sheffield United,Man United,1.0,2.0,A,2006-2007,5582
5583,Blackburn,Tottenham,1.0,1.0,D,2006-2007,5583
5584,Wigan,Aston Villa,0.0,0.0,D,2006-2007,5584
5585,Aston Villa,Middlesbrough,1.0,1.0,D,2006-2007,5585
5586,Bolton,Arsenal,3.0,1.0,H,2006-2007,5586
5587,Charlton,Everton,1.0,1.0,D,2006-2007,5587
5588,Fulham,Reading,0.0,1.0,A,2006-2007,5588
5589,Liverpool,Man City,1.0,0.0,H,2006-2007,5589
5590,West Ham,Sheffield United,1.0,0.0,H,2006-2007,5590
5591,Man United,Chelsea,1.0,1.0,D,2006-2007,5591
5592,Newcastle,Portsmouth,1.0,0.0,H,2006-2007,5592
5593,Tottenham,Wigan,3.0,1.0,H,2006-2007,5593
5594,Watford,Sheffield United,0.0,1.0,A,2006-2007,5594
5595,Aston Villa,Man City,1.0,3.0,A,2006-2007,5595
5596,Bolton,Chelsea,0.0,1.0,A,2006-2007,5596
5597,Fulham,Arsenal,2.0,1.0,H,2006-2007,5597
5598,Liverpool,Portsmouth,0.0,0.0,D,2006-2007,5598
5599,Man United,Everton,3.0,0.0,H,2006-2007,5599
5600,Arsenal,Tottenham,3.0,0.0,H,2006-2007,5600
5601,Blackburn,Fulham,2.0,0.0,H,2006-2007,5601
5602,Middlesbrough,Man United,1.0,2.0,A,2006-2007,5602
5603,Portsmouth,Aston Villa,2.0,2.0,D,2006-2007,5603
5604,Reading,Bolton,1.0,0.0,H,2006-2007,5604
5605,Sheffield United,Charlton,2.0,1.0,H,2006-2007,5605
5606,Wigan,Liverpool,0.0,4.0,A,2006-2007,5606
5607,Everton,West Ham,2.0,0.0,H,2006-2007,5607
5608,Man City,Watford,0.0,0.0,D,2006-2007,5608
5609,Charlton,Blackburn,1.0,0.0,H,2006-2007,5609
5610,Tottenham,Middlesbrough,2.0,1.0,H,2006-2007,5610
5611,Newcastle,Reading,3.0,2.0,H,2006-2007,5611
5612,West Ham,Wigan,0.0,2.0,A,2006-2007,5612
5613,Blackburn,Newcastle,1.0,3.0,A,2006-2007,5613
5614,Bolton,West Ham,4.0,0.0,H,2006-2007,5614
5615,Liverpool,Fulham,4.0,0.0,H,2006-2007,5615
5616,Man United,Man City,3.0,1.0,H,2006-2007,5616
5617,Middlesbrough,Wigan,1.0,1.0,D,2006-2007,5617
5618,Portsmouth,Everton,2.0,0.0,H,2006-2007,5618
5619,Tottenham,Charlton,5.0,1.0,H,2006-2007,5619
5620,Watford,Reading,0.0,0.0,D,2006-2007,5620
5621,Chelsea,Arsenal,1.0,1.0,D,2006-2007,5621
5622,Sheffield United,Aston Villa,2.0,2.0,D,2006-2007,5622
5623,Chelsea,Newcastle,1.0,0.0,H,2006-2007,5623
5624,Wigan,Arsenal,0.0,1.0,A,2006-2007,5624
5625,Arsenal,Portsmouth,2.0,2.0,D,2006-2007,5625
5626,Aston Villa,Bolton,0.0,1.0,A,2006-2007,5626
5627,Charlton,Liverpool,0.0,3.0,A,2006-2007,5627
5628,Newcastle,Watford,2.0,1.0,H,2006-2007,5628
5629,Reading,Blackburn,1.0,2.0,A,2006-2007,5629
5630,Wigan,Sheffield United,0.0,1.0,A,2006-2007,5630
5631,Everton,Chelsea,2.0,3.0,A,2006-2007,5631
5632,Man City,Tottenham,1.0,2.0,A,2006-2007,5632
5633,West Ham,Man United,1.0,0.0,H,2006-2007,5633
5634,Fulham,Middlesbrough,2.0,1.0,H,2006-2007,5634
5635,Arsenal,Blackburn,6.0,2.0,H,2006-2007,5635
5636,Aston Villa,Man United,0.0,3.0,A,2006-2007,5636
5637,Fulham,West Ham,0.0,0.0,D,2006-2007,5637
5638,Liverpool,Watford,2.0,0.0,H,2006-2007,5638
5639,Man City,Bolton,0.0,2.0,A,2006-2007,5639
5640,Middlesbrough,Charlton,2.0,0.0,H,2006-2007,5640
5641,Newcastle,Tottenham,3.0,1.0,H,2006-2007,5641
5642,Portsmouth,Sheffield United,3.0,1.0,H,2006-2007,5642
5643,Reading,Everton,0.0,2.0,A,2006-2007,5643
5644,Wigan,Chelsea,2.0,3.0,A,2006-2007,5644
5645,Blackburn,Liverpool,1.0,0.0,H,2006-2007,5645
5646,Bolton,Newcastle,2.0,1.0,H,2006-2007,5646
5647,Chelsea,Reading,2.0,2.0,D,2006-2007,5647
5648,Everton,Middlesbrough,0.0,0.0,D,2006-2007,5648
5649,Man United,Wigan,3.0,1.0,H,2006-2007,5649
5650,Sheffield United,Man City,0.0,1.0,A,2006-2007,5650
5651,Tottenham,Aston Villa,2.0,1.0,H,2006-2007,5651
5652,Watford,Arsenal,1.0,2.0,A,2006-2007,5652
5653,West Ham,Portsmouth,1.0,2.0,A,2006-2007,5653
5654,Charlton,Fulham,2.0,2.0,D,2006-2007,5654
5655,Blackburn,Middlesbrough,2.0,1.0,H,2006-2007,5655
5656,Bolton,Portsmouth,3.0,2.0,H,2006-2007,5656
5657,Charlton,Aston Villa,2.0,1.0,H,2006-2007,5657
5658,Chelsea,Fulham,2.0,2.0,D,2006-2007,5658
5659,Everton,Newcastle,3.0,0.0,H,2006-2007,5659
5660,Man United,Reading,3.0,2.0,H,2006-2007,5660
5661,Sheffield United,Arsenal,1.0,0.0,H,2006-2007,5661
5662,Tottenham,Liverpool,0.0,1.0,A,2006-2007,5662
5663,West Ham,Man City,0.0,1.0,A,2006-2007,5663
5664,Fulham,Watford,0.0,0.0,D,2006-2007,5664
5665,Liverpool,Bolton,3.0,0.0,H,2006-2007,5665
5666,Man City,Everton,2.0,1.0,H,2006-2007,5666
5667,Middlesbrough,Sheffield United,3.0,1.0,H,2006-2007,5667
5668,Newcastle,Man United,2.0,2.0,D,2006-2007,5668
5669,Portsmouth,Tottenham,1.0,1.0,D,2006-2007,5669
5670,Reading,West Ham,6.0,0.0,H,2006-2007,5670
5671,Wigan,Blackburn,0.0,3.0,A,2006-2007,5671
5672,Arsenal,Charlton,4.0,0.0,H,2006-2007,5672
5673,Aston Villa,Chelsea,0.0,0.0,D,2006-2007,5673
5674,Blackburn,Arsenal,0.0,2.0,A,2006-2007,5674
5675,Bolton,Man City,0.0,0.0,D,2006-2007,5675
5676,Charlton,Middlesbrough,1.0,3.0,A,2006-2007,5676
5677,Chelsea,Wigan,4.0,0.0,H,2006-2007,5677
5678,Man United,Aston Villa,3.0,1.0,H,2006-2007,5678
5679,Sheffield United,Portsmouth,1.0,1.0,D,2006-2007,5679
5680,Watford,Liverpool,0.0,3.0,A,2006-2007,5680
5681,West Ham,Fulham,3.0,3.0,D,2006-2007,5681
5682,Everton,Reading,1.0,1.0,D,2006-2007,5682
5683,Tottenham,Newcastle,2.0,3.0,A,2006-2007,5683
5684,Aston Villa,Watford,2.0,0.0,H,2006-2007,5684
5685,Fulham,Tottenham,1.0,1.0,D,2006-2007,5685
5686,Liverpool,Chelsea,2.0,0.0,H,2006-2007,5686
5687,Man City,Blackburn,0.0,3.0,A,2006-2007,5687
5688,Middlesbrough,Bolton,5.0,1.0,H,2006-2007,5688
5689,Newcastle,West Ham,2.0,2.0,D,2006-2007,5689
5690,Portsmouth,Charlton,0.0,1.0,A,2006-2007,5690
5691,Reading,Sheffield United,3.0,1.0,H,2006-2007,5691
5692,Arsenal,Man United,2.0,1.0,H,2006-2007,5692
5693,Wigan,Everton,0.0,2.0,A,2006-2007,5693
5694,Watford,Blackburn,2.0,1.0,H,2006-2007,5694
5695,Portsmouth,Middlesbrough,0.0,0.0,D,2006-2007,5695
5696,Reading,Wigan,3.0,2.0,H,2006-2007,5696
5697,Sheffield United,Fulham,2.0,0.0,H,2006-2007,5697
5698,West Ham,Liverpool,1.0,2.0,A,2006-2007,5698
5699,Bolton,Charlton,1.0,1.0,D,2006-2007,5699
5700,Chelsea,Blackburn,3.0,0.0,H,2006-2007,5700
5701,Man United,Watford,4.0,0.0,H,2006-2007,5701
5702,Newcastle,Aston Villa,3.0,1.0,H,2006-2007,5702
5703,Aston Villa,West Ham,1.0,0.0,H,2006-2007,5703
5704,Blackburn,Sheffield United,2.0,1.0,H,2006-2007,5704
5705,Charlton,Chelsea,0.0,1.0,A,2006-2007,5705
5706,Fulham,Newcastle,2.0,1.0,H,2006-2007,5706
5707,Liverpool,Everton,0.0,0.0,D,2006-2007,5707
5708,Man City,Reading,0.0,2.0,A,2006-2007,5708
5709,Middlesbrough,Arsenal,1.0,1.0,D,2006-2007,5709
5710,Watford,Bolton,0.0,1.0,A,2006-2007,5710
5711,Wigan,Portsmouth,1.0,0.0,H,2006-2007,5711
5712,Tottenham,Man United,0.0,4.0,A,2006-2007,5712
5713,Chelsea,Middlesbrough,3.0,0.0,H,2006-2007,5713
5714,Everton,Blackburn,1.0,0.0,H,2006-2007,5714
5715,Man United,Charlton,2.0,0.0,H,2006-2007,5715
5716,Newcastle,Liverpool,2.0,1.0,H,2006-2007,5716
5717,Portsmouth,Man City,2.0,1.0,H,2006-2007,5717
5718,Reading,Aston Villa,2.0,0.0,H,2006-2007,5718
5719,Sheffield United,Tottenham,2.0,1.0,H,2006-2007,5719
5720,West Ham,Watford,0.0,1.0,A,2006-2007,5720
5721,Arsenal,Wigan,2.0,1.0,H,2006-2007,5721
5722,Bolton,Fulham,2.0,1.0,H,2006-2007,5722
5723,Everton,Tottenham,1.0,2.0,A,2006-2007,5723
5724,Watford,Wigan,1.0,1.0,D,2006-2007,5724
5725,Charlton,West Ham,4.0,0.0,H,2006-2007,5725
5726,Fulham,Man United,1.0,2.0,A,2006-2007,5726
5727,Liverpool,Sheffield United,4.0,0.0,H,2006-2007,5727
5728,Middlesbrough,Reading,2.0,1.0,H,2006-2007,5728
5729,Watford,Everton,0.0,3.0,A,2006-2007,5729
5730,Blackburn,Portsmouth,3.0,0.0,H,2006-2007,5730
5731,Tottenham,Bolton,4.0,1.0,H,2006-2007,5731
5732,Wigan,Newcastle,1.0,0.0,H,2006-2007,5732
5733,Arsenal,Reading,2.0,1.0,H,2006-2007,5733
5734,Fulham,Aston Villa,1.0,1.0,D,2006-2007,5734
5735,Liverpool,Man United,0.0,1.0,A,2006-2007,5735
5736,Man City,Wigan,0.0,1.0,A,2006-2007,5736
5737,Newcastle,Middlesbrough,0.0,0.0,D,2006-2007,5737
5738,Portsmouth,Chelsea,0.0,2.0,A,2006-2007,5738
5739,Sheffield United,Everton,1.0,1.0,D,2006-2007,5739
5740,Watford,Charlton,2.0,2.0,D,2006-2007,5740
5741,Bolton,Blackburn,1.0,2.0,A,2006-2007,5741
5742,West Ham,Tottenham,3.0,4.0,A,2006-2007,5742
5743,Aston Villa,Arsenal,0.0,1.0,A,2006-2007,5743
5744,Man City,Chelsea,0.0,1.0,A,2006-2007,5744
5745,Blackburn,West Ham,1.0,2.0,A,2006-2007,5745
5746,Chelsea,Sheffield United,3.0,0.0,H,2006-2007,5746
5747,Man United,Bolton,4.0,1.0,H,2006-2007,5747
5748,Middlesbrough,Man City,0.0,2.0,A,2006-2007,5748
5749,Reading,Portsmouth,0.0,0.0,D,2006-2007,5749
5750,Tottenham,Watford,3.0,1.0,H,2006-2007,5750
5751,Wigan,Fulham,0.0,0.0,D,2006-2007,5751
5752,Aston Villa,Liverpool,0.0,0.0,D,2006-2007,5752
5753,Charlton,Newcastle,2.0,0.0,H,2006-2007,5753
5754,Everton,Arsenal,1.0,0.0,H,2006-2007,5754
5755,Bolton,Sheffield United,1.0,0.0,H,2006-2007,5755
5756,Charlton,Wigan,1.0,0.0,H,2006-2007,5756
5757,Fulham,Portsmouth,1.0,1.0,D,2006-2007,5757
5758,Liverpool,Arsenal,4.0,1.0,H,2006-2007,5758
5759,Man United,Blackburn,4.0,1.0,H,2006-2007,5759
5760,Newcastle,Man City,0.0,1.0,A,2006-2007,5760
5761,Watford,Chelsea,0.0,1.0,A,2006-2007,5761
5762,West Ham,Middlesbrough,2.0,0.0,H,2006-2007,5762
5763,Tottenham,Reading,1.0,0.0,H,2006-2007,5763
5764,Aston Villa,Everton,1.0,1.0,D,2006-2007,5764
5765,Everton,Fulham,4.0,1.0,H,2006-2007,5765
5766,Man City,Charlton,0.0,0.0,D,2006-2007,5766
5767,Arsenal,West Ham,0.0,1.0,A,2006-2007,5767
5768,Blackburn,Aston Villa,1.0,2.0,A,2006-2007,5768
5769,Chelsea,Tottenham,1.0,0.0,H,2006-2007,5769
5770,Middlesbrough,Watford,4.0,1.0,H,2006-2007,5770
5771,Portsmouth,Man United,2.0,1.0,H,2006-2007,5771
5772,Reading,Liverpool,1.0,2.0,A,2006-2007,5772
5773,Sheffield United,Newcastle,1.0,2.0,A,2006-2007,5773
5774,Wigan,Bolton,1.0,3.0,A,2006-2007,5774
5775,Aston Villa,Wigan,1.0,1.0,D,2006-2007,5775
5776,Bolton,Everton,1.0,1.0,D,2006-2007,5776
5777,Charlton,Reading,0.0,0.0,D,2006-2007,5777
5778,Fulham,Man City,1.0,3.0,A,2006-2007,5778
5779,Newcastle,Arsenal,0.0,0.0,D,2006-2007,5779
5780,Watford,Portsmouth,4.0,2.0,H,2006-2007,5780
5781,Arsenal,Bolton,2.0,1.0,H,2006-2007,5781
5782,Man City,Liverpool,0.0,0.0,D,2006-2007,5782
5783,Middlesbrough,Aston Villa,1.0,3.0,A,2006-2007,5783
5784,Portsmouth,Newcastle,2.0,1.0,H,2006-2007,5784
5785,Reading,Fulham,1.0,0.0,H,2006-2007,5785
5786,Sheffield United,West Ham,3.0,0.0,H,2006-2007,5786
5787,Everton,Charlton,2.0,1.0,H,2006-2007,5787
5788,Wigan,Tottenham,3.0,3.0,D,2006-2007,5788
5789,Arsenal,Man City,3.0,1.0,H,2006-2007,5789
5790,Man United,Sheffield United,2.0,0.0,H,2006-2007,5790
5791,Blackburn,Watford,3.0,1.0,H,2006-2007,5791
5792,Liverpool,Middlesbrough,2.0,0.0,H,2006-2007,5792
5793,West Ham,Chelsea,1.0,4.0,A,2006-2007,5793
5794,Bolton,Reading,1.0,3.0,A,2006-2007,5794
5795,Charlton,Sheffield United,1.0,1.0,D,2006-2007,5795
5796,Fulham,Blackburn,1.0,1.0,D,2006-2007,5796
5797,Liverpool,Wigan,2.0,0.0,H,2006-2007,5797
5798,Man United,Middlesbrough,1.0,1.0,D,2006-2007,5798
5799,Tottenham,Arsenal,2.0,2.0,D,2006-2007,5799
5800,Watford,Man City,1.0,1.0,D,2006-2007,5800
5801,West Ham,Everton,1.0,0.0,H,2006-2007,5801
5802,Aston Villa,Portsmouth,0.0,0.0,D,2006-2007,5802
5803,Newcastle,Chelsea,0.0,0.0,D,2006-2007,5803
5804,Blackburn,Charlton,4.0,1.0,H,2006-2007,5804
5805,Chelsea,Bolton,2.0,2.0,D,2006-2007,5805
5806,Everton,Man United,2.0,4.0,A,2006-2007,5806
5807,Man City,Aston Villa,0.0,2.0,A,2006-2007,5807
5808,Middlesbrough,Tottenham,2.0,3.0,A,2006-2007,5808
5809,Portsmouth,Liverpool,2.0,1.0,H,2006-2007,5809
5810,Sheffield United,Watford,1.0,0.0,H,2006-2007,5810
5811,Wigan,West Ham,0.0,3.0,A,2006-2007,5811
5812,Arsenal,Fulham,3.0,1.0,H,2006-2007,5812
5813,Reading,Newcastle,1.0,0.0,H,2006-2007,5813
5814,Aston Villa,Sheffield United,3.0,0.0,H,2006-2007,5814
5815,Everton,Portsmouth,3.0,0.0,H,2006-2007,5815
5816,Fulham,Liverpool,1.0,0.0,H,2006-2007,5816
5817,Man City,Man United,0.0,1.0,A,2006-2007,5817
5818,Newcastle,Blackburn,0.0,2.0,A,2006-2007,5818
5819,Reading,Watford,0.0,2.0,A,2006-2007,5819
5820,West Ham,Bolton,3.0,1.0,H,2006-2007,5820
5821,Wigan,Middlesbrough,0.0,1.0,A,2006-2007,5821
5822,Arsenal,Chelsea,1.0,1.0,D,2006-2007,5822
5823,Charlton,Tottenham,0.0,2.0,A,2006-2007,5823
5824,Chelsea,Man United,0.0,0.0,D,2006-2007,5824
5825,Tottenham,Blackburn,1.0,1.0,D,2006-2007,5825
5826,Blackburn,Reading,3.0,3.0,D,2006-2007,5826
5827,Bolton,Aston Villa,2.0,2.0,D,2006-2007,5827
5828,Chelsea,Everton,1.0,1.0,D,2006-2007,5828
5829,Liverpool,Charlton,2.0,2.0,D,2006-2007,5829
5830,Man United,West Ham,0.0,1.0,A,2006-2007,5830
5831,Middlesbrough,Fulham,3.0,1.0,H,2006-2007,5831
5832,Portsmouth,Arsenal,0.0,0.0,D,2006-2007,5832
5833,Sheffield United,Wigan,1.0,2.0,A,2006-2007,5833
5834,Tottenham,Man City,2.0,1.0,H,2006-2007,5834
5835,Watford,Newcastle,1.0,1.0,D,2006-2007,5835
5836,Aston Villa,Liverpool,1.0,2.0,A,2007-2008,5836
5837,Bolton,Newcastle,1.0,3.0,A,2007-2008,5837
5838,Derby,Portsmouth,2.0,2.0,D,2007-2008,5838
5839,Everton,Wigan,2.0,1.0,H,2007-2008,5839
5840,Middlesbrough,Blackburn,1.0,2.0,A,2007-2008,5840
5841,Sunderland,Tottenham,1.0,0.0,H,2007-2008,5841
5842,West Ham,Man City,0.0,2.0,A,2007-2008,5842
5843,Arsenal,Fulham,2.0,1.0,H,2007-2008,5843
5844,Chelsea,Birmingham,3.0,2.0,H,2007-2008,5844
5845,Man United,Reading,0.0,0.0,D,2007-2008,5845
5846,Tottenham,Everton,1.0,3.0,A,2007-2008,5846
5847,Birmingham,Sunderland,2.0,2.0,D,2007-2008,5847
5848,Fulham,Bolton,2.0,1.0,H,2007-2008,5848
5849,Man City,Derby,1.0,0.0,H,2007-2008,5849
5850,Portsmouth,Man United,1.0,1.0,D,2007-2008,5850
5851,Reading,Chelsea,1.0,2.0,A,2007-2008,5851
5852,Wigan,Middlesbrough,1.0,0.0,H,2007-2008,5852
5853,Birmingham,West Ham,0.0,1.0,A,2007-2008,5853
5854,Fulham,Middlesbrough,1.0,2.0,A,2007-2008,5854
5855,Newcastle,Aston Villa,0.0,0.0,D,2007-2008,5855
5856,Portsmouth,Bolton,3.0,1.0,H,2007-2008,5856
5857,Reading,Everton,1.0,0.0,H,2007-2008,5857
5858,Tottenham,Derby,4.0,0.0,H,2007-2008,5858
5859,Wigan,Sunderland,3.0,0.0,H,2007-2008,5859
5860,Blackburn,Arsenal,1.0,1.0,D,2007-2008,5860
5861,Liverpool,Chelsea,1.0,1.0,D,2007-2008,5861
5862,Man City,Man United,1.0,0.0,H,2007-2008,5862
5863,Arsenal,Man City,1.0,0.0,H,2007-2008,5863
5864,Aston Villa,Fulham,2.0,1.0,H,2007-2008,5864
5865,Bolton,Reading,3.0,0.0,H,2007-2008,5865
5866,Chelsea,Portsmouth,1.0,0.0,H,2007-2008,5866
5867,Derby,Birmingham,1.0,2.0,A,2007-2008,5867
5868,Everton,Blackburn,1.0,1.0,D,2007-2008,5868
5869,Sunderland,Liverpool,0.0,2.0,A,2007-2008,5869
5870,West Ham,Wigan,1.0,1.0,D,2007-2008,5870
5871,Man United,Tottenham,1.0,0.0,H,2007-2008,5871
5872,Middlesbrough,Newcastle,2.0,2.0,D,2007-2008,5872
5873,Bolton,Everton,1.0,2.0,A,2007-2008,5873
5874,Fulham,Tottenham,3.0,3.0,D,2007-2008,5874
5875,Liverpool,Derby,6.0,0.0,H,2007-2008,5875
5876,Man United,Sunderland,1.0,0.0,H,2007-2008,5876
5877,Middlesbrough,Birmingham,2.0,0.0,H,2007-2008,5877
5878,Newcastle,Wigan,1.0,0.0,H,2007-2008,5878
5879,Reading,West Ham,0.0,3.0,A,2007-2008,5879
5880,Arsenal,Portsmouth,3.0,1.0,H,2007-2008,5880
5881,Aston Villa,Chelsea,2.0,0.0,H,2007-2008,5881
5882,Blackburn,Man City,1.0,0.0,H,2007-2008,5882
5883,Birmingham,Bolton,1.0,0.0,H,2007-2008,5883
5884,Chelsea,Blackburn,0.0,0.0,D,2007-2008,5884
5885,Everton,Man United,0.0,1.0,A,2007-2008,5885
5886,Portsmouth,Liverpool,0.0,0.0,D,2007-2008,5886
5887,Sunderland,Reading,2.0,1.0,H,2007-2008,5887
5888,Tottenham,Arsenal,1.0,3.0,A,2007-2008,5888
5889,West Ham,Middlesbrough,3.0,0.0,H,2007-2008,5889
5890,Wigan,Fulham,1.0,1.0,D,2007-2008,5890
5891,Man City,Aston Villa,1.0,0.0,H,2007-2008,5891
5892,Derby,Newcastle,1.0,0.0,H,2007-2008,5892
5893,Arsenal,Derby,5.0,0.0,H,2007-2008,5893
5894,Fulham,Man City,3.0,3.0,D,2007-2008,5894
5895,Liverpool,Birmingham,0.0,0.0,D,2007-2008,5895
5896,Middlesbrough,Sunderland,2.0,2.0,D,2007-2008,5896
5897,Reading,Wigan,2.0,1.0,H,2007-2008,5897
5898,Aston Villa,Everton,2.0,0.0,H,2007-2008,5898
5899,Blackburn,Portsmouth,0.0,1.0,A,2007-2008,5899
5900,Bolton,Tottenham,1.0,1.0,D,2007-2008,5900
5901,Man United,Chelsea,2.0,0.0,H,2007-2008,5901
5902,Newcastle,West Ham,3.0,1.0,H,2007-2008,5902
5903,Birmingham,Man United,0.0,1.0,A,2007-2008,5903
5904,Chelsea,Fulham,0.0,0.0,D,2007-2008,5904
5905,Derby,Bolton,1.0,1.0,D,2007-2008,5905
5906,Man City,Newcastle,3.0,1.0,H,2007-2008,5906
5907,Portsmouth,Reading,7.0,4.0,H,2007-2008,5907
5908,Sunderland,Blackburn,1.0,2.0,A,2007-2008,5908
5909,West Ham,Arsenal,0.0,1.0,A,2007-2008,5909
5910,Wigan,Liverpool,0.0,1.0,A,2007-2008,5910
5911,Everton,Middlesbrough,2.0,0.0,H,2007-2008,5911
5912,Tottenham,Aston Villa,4.0,4.0,D,2007-2008,5912
5913,Aston Villa,West Ham,1.0,0.0,H,2007-2008,5913
5914,Man United,Wigan,4.0,0.0,H,2007-2008,5914
5915,Arsenal,Sunderland,3.0,2.0,H,2007-2008,5915
5916,Blackburn,Birmingham,2.0,1.0,H,2007-2008,5916
5917,Bolton,Chelsea,0.0,1.0,A,2007-2008,5917
5918,Fulham,Portsmouth,0.0,2.0,A,2007-2008,5918
5919,Liverpool,Tottenham,2.0,2.0,D,2007-2008,5919
5920,Man City,Middlesbrough,3.0,1.0,H,2007-2008,5920
5921,Newcastle,Everton,3.0,2.0,H,2007-2008,5921
5922,Reading,Derby,1.0,0.0,H,2007-2008,5922
5923,Arsenal,Bolton,2.0,0.0,H,2007-2008,5923
5924,Aston Villa,Man United,1.0,4.0,A,2007-2008,5924
5925,Blackburn,Reading,4.0,2.0,H,2007-2008,5925
5926,Everton,Liverpool,1.0,2.0,A,2007-2008,5926
5927,Fulham,Derby,0.0,0.0,D,2007-2008,5927
5928,Man City,Birmingham,1.0,0.0,H,2007-2008,5928
5929,Middlesbrough,Chelsea,0.0,2.0,A,2007-2008,5929
5930,Wigan,Portsmouth,0.0,2.0,A,2007-2008,5930
5931,West Ham,Sunderland,3.0,1.0,H,2007-2008,5931
5932,Newcastle,Tottenham,3.0,1.0,H,2007-2008,5932
5933,Birmingham,Wigan,3.0,2.0,H,2007-2008,5933
5934,Chelsea,Man City,6.0,0.0,H,2007-2008,5934
5935,Man United,Middlesbrough,4.0,1.0,H,2007-2008,5935
5936,Portsmouth,West Ham,0.0,0.0,D,2007-2008,5936
5937,Reading,Newcastle,2.0,1.0,H,2007-2008,5937
5938,Sunderland,Fulham,1.0,1.0,D,2007-2008,5938
5939,Bolton,Aston Villa,1.0,1.0,D,2007-2008,5939
5940,Derby,Everton,0.0,2.0,A,2007-2008,5940
5941,Liverpool,Arsenal,1.0,1.0,D,2007-2008,5941
5942,Tottenham,Blackburn,1.0,2.0,A,2007-2008,5942
5943,Arsenal,Man United,2.0,2.0,D,2007-2008,5943
5944,Aston Villa,Derby,2.0,0.0,H,2007-2008,5944
5945,Blackburn,Liverpool,0.0,0.0,D,2007-2008,5945
5946,Everton,Birmingham,3.0,1.0,H,2007-2008,5946
5947,Fulham,Reading,3.0,1.0,H,2007-2008,5947
5948,Middlesbrough,Tottenham,1.0,1.0,D,2007-2008,5948
5949,Newcastle,Portsmouth,1.0,4.0,A,2007-2008,5949
5950,Wigan,Chelsea,0.0,2.0,A,2007-2008,5950
5951,West Ham,Bolton,1.0,1.0,D,2007-2008,5951
5952,Man City,Sunderland,1.0,0.0,H,2007-2008,5952
5953,Derby,West Ham,0.0,5.0,A,2007-2008,5953
5954,Liverpool,Fulham,2.0,0.0,H,2007-2008,5954
5955,Sunderland,Newcastle,1.0,1.0,D,2007-2008,5955
5956,Birmingham,Aston Villa,1.0,2.0,A,2007-2008,5956
5957,Bolton,Middlesbrough,0.0,0.0,D,2007-2008,5957
5958,Chelsea,Everton,1.0,1.0,D,2007-2008,5958
5959,Man United,Blackburn,2.0,0.0,H,2007-2008,5959
5960,Portsmouth,Man City,0.0,0.0,D,2007-2008,5960
5961,Tottenham,Wigan,4.0,0.0,H,2007-2008,5961
5962,Reading,Arsenal,1.0,3.0,A,2007-2008,5962
5963,Arsenal,Wigan,2.0,0.0,H,2007-2008,5963
5964,Birmingham,Portsmouth,0.0,2.0,A,2007-2008,5964
5965,Bolton,Man United,1.0,0.0,H,2007-2008,5965
5966,Derby,Chelsea,0.0,2.0,A,2007-2008,5966
5967,Everton,Sunderland,7.0,1.0,H,2007-2008,5967
5968,Man City,Reading,2.0,1.0,H,2007-2008,5968
5969,Middlesbrough,Aston Villa,0.0,3.0,A,2007-2008,5969
5970,Newcastle,Liverpool,0.0,3.0,A,2007-2008,5970
5971,Fulham,Blackburn,2.0,2.0,D,2007-2008,5971
5972,West Ham,Tottenham,1.0,1.0,D,2007-2008,5972
5973,Blackburn,Aston Villa,0.0,4.0,A,2007-2008,5973
5974,Aston Villa,Arsenal,1.0,2.0,A,2007-2008,5974
5975,Blackburn,Newcastle,3.0,1.0,H,2007-2008,5975
5976,Chelsea,West Ham,1.0,0.0,H,2007-2008,5976
5977,Portsmouth,Everton,0.0,0.0,D,2007-2008,5977
5978,Reading,Middlesbrough,1.0,1.0,D,2007-2008,5978
5979,Sunderland,Derby,1.0,0.0,H,2007-2008,5979
5980,Wigan,Man City,1.0,1.0,D,2007-2008,5980
5981,Liverpool,Bolton,4.0,0.0,H,2007-2008,5981
5982,Tottenham,Birmingham,2.0,3.0,A,2007-2008,5982
5983,Man United,Fulham,2.0,0.0,H,2007-2008,5983
5984,Newcastle,Arsenal,1.0,1.0,D,2007-2008,5984
5985,Aston Villa,Portsmouth,1.0,3.0,A,2007-2008,5985
5986,Chelsea,Sunderland,2.0,0.0,H,2007-2008,5986
5987,Everton,Fulham,3.0,0.0,H,2007-2008,5987
5988,Man United,Derby,4.0,1.0,H,2007-2008,5988
5989,Newcastle,Birmingham,2.0,1.0,H,2007-2008,5989
5990,Reading,Liverpool,3.0,1.0,H,2007-2008,5990
5991,Blackburn,West Ham,0.0,1.0,A,2007-2008,5991
5992,Bolton,Wigan,4.0,1.0,H,2007-2008,5992
5993,Middlesbrough,Arsenal,2.0,1.0,H,2007-2008,5993
5994,Tottenham,Man City,2.0,1.0,H,2007-2008,5994
5995,Birmingham,Reading,1.0,1.0,D,2007-2008,5995
5996,Derby,Middlesbrough,0.0,1.0,A,2007-2008,5996
5997,Fulham,Newcastle,0.0,1.0,A,2007-2008,5997
5998,Man City,Bolton,4.0,2.0,H,2007-2008,5998
5999,Portsmouth,Tottenham,0.0,1.0,A,2007-2008,5999
6000,Sunderland,Aston Villa,1.0,1.0,D,2007-2008,6000
6001,West Ham,Everton,0.0,2.0,A,2007-2008,6001
6002,Wigan,Blackburn,5.0,3.0,H,2007-2008,6002
6003,Arsenal,Chelsea,1.0,0.0,H,2007-2008,6003
6004,Liverpool,Man United,0.0,1.0,A,2007-2008,6004
6005,Arsenal,Tottenham,2.0,1.0,H,2007-2008,6005
6006,Aston Villa,Man City,1.0,1.0,D,2007-2008,6006
6007,Bolton,Birmingham,3.0,0.0,H,2007-2008,6007
6008,Fulham,Wigan,1.0,1.0,D,2007-2008,6008
6009,Liverpool,Portsmouth,4.0,1.0,H,2007-2008,6009
6010,Middlesbrough,West Ham,1.0,2.0,A,2007-2008,6010
6011,Reading,Sunderland,2.0,1.0,H,2007-2008,6011
6012,Blackburn,Chelsea,0.0,1.0,A,2007-2008,6012
6013,Man United,Everton,2.0,1.0,H,2007-2008,6013
6014,Newcastle,Derby,2.0,2.0,D,2007-2008,6014
6015,Birmingham,Middlesbrough,3.0,0.0,H,2007-2008,6015
6016,Chelsea,Aston Villa,4.0,4.0,D,2007-2008,6016
6017,Derby,Liverpool,1.0,2.0,A,2007-2008,6017
6018,Everton,Bolton,2.0,0.0,H,2007-2008,6018
6019,Portsmouth,Arsenal,0.0,0.0,D,2007-2008,6019
6020,Sunderland,Man United,0.0,4.0,A,2007-2008,6020
6021,Tottenham,Fulham,5.0,1.0,H,2007-2008,6021
6022,West Ham,Reading,1.0,1.0,D,2007-2008,6022
6023,Wigan,Newcastle,1.0,0.0,H,2007-2008,6023
6024,Man City,Blackburn,2.0,2.0,D,2007-2008,6024
6025,Birmingham,Fulham,1.0,1.0,D,2007-2008,6025
6026,Chelsea,Newcastle,2.0,1.0,H,2007-2008,6026
6027,Everton,Arsenal,1.0,4.0,A,2007-2008,6027
6028,Portsmouth,Middlesbrough,0.0,1.0,A,2007-2008,6028
6029,Sunderland,Bolton,3.0,1.0,H,2007-2008,6029
6030,Tottenham,Reading,6.0,4.0,H,2007-2008,6030
6031,West Ham,Man United,2.0,1.0,H,2007-2008,6031
6032,Wigan,Aston Villa,1.0,2.0,A,2007-2008,6032
6033,Derby,Blackburn,1.0,2.0,A,2007-2008,6033
6034,Man City,Liverpool,0.0,0.0,D,2007-2008,6034
6035,Arsenal,West Ham,2.0,0.0,H,2007-2008,6035
6036,Aston Villa,Tottenham,2.0,1.0,H,2007-2008,6036
6037,Fulham,Chelsea,1.0,2.0,A,2007-2008,6037
6038,Man United,Birmingham,1.0,0.0,H,2007-2008,6038
6039,Middlesbrough,Everton,0.0,2.0,A,2007-2008,6039
6040,Reading,Portsmouth,0.0,2.0,A,2007-2008,6040
6041,Blackburn,Sunderland,1.0,0.0,H,2007-2008,6041
6042,Bolton,Derby,1.0,0.0,H,2007-2008,6042
6043,Liverpool,Wigan,1.0,1.0,D,2007-2008,6043
6044,Newcastle,Man City,0.0,2.0,A,2007-2008,6044
6045,Arsenal,Birmingham,1.0,1.0,D,2007-2008,6045
6046,Aston Villa,Reading,3.0,1.0,H,2007-2008,6046
6047,Chelsea,Tottenham,2.0,0.0,H,2007-2008,6047
6048,Derby,Wigan,0.0,1.0,A,2007-2008,6048
6049,Everton,Man City,1.0,0.0,H,2007-2008,6049
6050,Man United,Newcastle,6.0,0.0,H,2007-2008,6050
6051,Middlesbrough,Liverpool,1.0,1.0,D,2007-2008,6051
6052,West Ham,Fulham,2.0,1.0,H,2007-2008,6052
6053,Bolton,Blackburn,1.0,2.0,A,2007-2008,6053
6054,Sunderland,Portsmouth,2.0,0.0,H,2007-2008,6054
6055,Birmingham,Chelsea,0.0,1.0,A,2007-2008,6055
6056,Blackburn,Middlesbrough,1.0,1.0,D,2007-2008,6056
6057,Fulham,Arsenal,0.0,3.0,A,2007-2008,6057
6058,Newcastle,Bolton,0.0,0.0,D,2007-2008,6058
6059,Portsmouth,Derby,3.0,1.0,H,2007-2008,6059
6060,Reading,Man United,0.0,2.0,A,2007-2008,6060
6061,Tottenham,Sunderland,2.0,0.0,H,2007-2008,6061
6062,Man City,West Ham,1.0,1.0,D,2007-2008,6062
6063,Wigan,Everton,1.0,2.0,A,2007-2008,6063
6064,Liverpool,Aston Villa,2.0,2.0,D,2007-2008,6064
6065,Aston Villa,Blackburn,1.0,1.0,D,2007-2008,6065
6066,Arsenal,Newcastle,3.0,0.0,H,2007-2008,6066
6067,Bolton,Fulham,0.0,0.0,D,2007-2008,6067
6068,Middlesbrough,Wigan,1.0,0.0,H,2007-2008,6068
6069,Sunderland,Birmingham,2.0,0.0,H,2007-2008,6069
6070,Chelsea,Reading,1.0,0.0,H,2007-2008,6070
6071,Derby,Man City,1.0,1.0,D,2007-2008,6071
6072,Everton,Tottenham,0.0,0.0,D,2007-2008,6072
6073,Man United,Portsmouth,2.0,0.0,H,2007-2008,6073
6074,West Ham,Liverpool,1.0,0.0,H,2007-2008,6074
6075,Birmingham,Derby,1.0,1.0,D,2007-2008,6075
6076,Blackburn,Everton,0.0,0.0,D,2007-2008,6076
6077,Liverpool,Sunderland,3.0,0.0,H,2007-2008,6077
6078,Man City,Arsenal,1.0,3.0,A,2007-2008,6078
6079,Portsmouth,Chelsea,1.0,1.0,D,2007-2008,6079
6080,Reading,Bolton,0.0,2.0,A,2007-2008,6080
6081,Tottenham,Man United,1.0,1.0,D,2007-2008,6081
6082,Wigan,West Ham,1.0,0.0,H,2007-2008,6082
6083,Fulham,Aston Villa,2.0,1.0,H,2007-2008,6083
6084,Newcastle,Middlesbrough,1.0,1.0,D,2007-2008,6084
6085,Aston Villa,Newcastle,4.0,1.0,H,2007-2008,6085
6086,Bolton,Portsmouth,0.0,1.0,A,2007-2008,6086
6087,Derby,Tottenham,0.0,3.0,A,2007-2008,6087
6088,Everton,Reading,1.0,0.0,H,2007-2008,6088
6089,Middlesbrough,Fulham,1.0,0.0,H,2007-2008,6089
6090,Sunderland,Wigan,2.0,0.0,H,2007-2008,6090
6091,West Ham,Birmingham,1.0,1.0,D,2007-2008,6091
6092,Chelsea,Liverpool,0.0,0.0,D,2007-2008,6092
6093,Man United,Man City,1.0,2.0,A,2007-2008,6093
6094,Arsenal,Blackburn,2.0,0.0,H,2007-2008,6094
6095,Birmingham,Arsenal,2.0,2.0,D,2007-2008,6095
6096,Fulham,West Ham,0.0,1.0,A,2007-2008,6096
6097,Liverpool,Middlesbrough,3.0,2.0,H,2007-2008,6097
6098,Newcastle,Man United,1.0,5.0,A,2007-2008,6098
6099,Portsmouth,Sunderland,1.0,0.0,H,2007-2008,6099
6100,Wigan,Derby,2.0,0.0,H,2007-2008,6100
6101,Blackburn,Bolton,4.0,1.0,H,2007-2008,6101
6102,Reading,Aston Villa,1.0,2.0,A,2007-2008,6102
6103,Man City,Everton,0.0,2.0,A,2007-2008,6103
6104,Arsenal,Aston Villa,1.0,1.0,D,2007-2008,6104
6105,Birmingham,Tottenham,4.0,1.0,H,2007-2008,6105
6106,Derby,Sunderland,0.0,0.0,D,2007-2008,6106
6107,Fulham,Man United,0.0,3.0,A,2007-2008,6107
6108,Man City,Wigan,0.0,0.0,D,2007-2008,6108
6109,Middlesbrough,Reading,0.0,1.0,A,2007-2008,6109
6110,Newcastle,Blackburn,0.0,1.0,A,2007-2008,6110
6111,West Ham,Chelsea,0.0,4.0,A,2007-2008,6111
6112,Bolton,Liverpool,1.0,3.0,A,2007-2008,6112
6113,Everton,Portsmouth,3.0,1.0,H,2007-2008,6113
6114,Liverpool,West Ham,4.0,0.0,H,2007-2008,6114
6115,Blackburn,Fulham,1.0,1.0,D,2007-2008,6115
6116,Liverpool,Newcastle,3.0,0.0,H,2007-2008,6116
6117,Reading,Man City,2.0,0.0,H,2007-2008,6117
6118,Sunderland,Everton,0.0,1.0,A,2007-2008,6118
6119,Tottenham,West Ham,4.0,0.0,H,2007-2008,6119
6120,Wigan,Arsenal,0.0,0.0,D,2007-2008,6120
6121,Aston Villa,Middlesbrough,1.0,1.0,D,2007-2008,6121
6122,Chelsea,Derby,6.0,1.0,H,2007-2008,6122
6123,Portsmouth,Birmingham,4.0,2.0,H,2007-2008,6123
6124,Arsenal,Middlesbrough,1.0,1.0,D,2007-2008,6124
6125,Derby,Man United,0.0,1.0,A,2007-2008,6125
6126,Liverpool,Reading,2.0,1.0,H,2007-2008,6126
6127,Portsmouth,Aston Villa,2.0,0.0,H,2007-2008,6127
6128,Sunderland,Chelsea,0.0,1.0,A,2007-2008,6128
6129,West Ham,Blackburn,2.0,1.0,H,2007-2008,6129
6130,Fulham,Everton,1.0,0.0,H,2007-2008,6130
6131,Man City,Tottenham,2.0,1.0,H,2007-2008,6131
6132,Wigan,Bolton,1.0,0.0,H,2007-2008,6132
6133,Birmingham,Newcastle,1.0,1.0,D,2007-2008,6133
6134,Man United,Bolton,2.0,0.0,H,2007-2008,6134
6135,Tottenham,Chelsea,4.0,4.0,D,2007-2008,6135
6136,Aston Villa,Sunderland,0.0,1.0,A,2007-2008,6136
6137,Blackburn,Wigan,3.0,1.0,H,2007-2008,6137
6138,Bolton,Man City,0.0,0.0,D,2007-2008,6138
6139,Everton,West Ham,1.0,1.0,D,2007-2008,6139
6140,Middlesbrough,Derby,1.0,0.0,H,2007-2008,6140
6141,Newcastle,Fulham,2.0,0.0,H,2007-2008,6141
6142,Reading,Birmingham,2.0,1.0,H,2007-2008,6142
6143,Tottenham,Portsmouth,2.0,0.0,H,2007-2008,6143
6144,Chelsea,Arsenal,2.0,1.0,H,2007-2008,6144
6145,Man United,Liverpool,3.0,0.0,H,2007-2008,6145
6146,Birmingham,Man City,3.0,1.0,H,2007-2008,6146
6147,Bolton,Arsenal,2.0,3.0,A,2007-2008,6147
6148,Derby,Fulham,2.0,2.0,D,2007-2008,6148
6149,Man United,Aston Villa,4.0,0.0,H,2007-2008,6149
6150,Portsmouth,Wigan,2.0,0.0,H,2007-2008,6150
6151,Reading,Blackburn,0.0,0.0,D,2007-2008,6151
6152,Sunderland,West Ham,2.0,1.0,H,2007-2008,6152
6153,Chelsea,Middlesbrough,1.0,0.0,H,2007-2008,6153
6154,Liverpool,Everton,1.0,0.0,H,2007-2008,6154
6155,Tottenham,Newcastle,1.0,4.0,A,2007-2008,6155
6156,Arsenal,Liverpool,1.0,1.0,D,2007-2008,6156
6157,Aston Villa,Bolton,4.0,0.0,H,2007-2008,6157
6158,Blackburn,Tottenham,1.0,1.0,D,2007-2008,6158
6159,Fulham,Sunderland,1.0,3.0,A,2007-2008,6159
6160,Man City,Chelsea,0.0,2.0,A,2007-2008,6160
6161,Newcastle,Reading,3.0,0.0,H,2007-2008,6161
6162,Wigan,Birmingham,2.0,0.0,H,2007-2008,6162
6163,Everton,Derby,1.0,0.0,H,2007-2008,6163
6164,Middlesbrough,Man United,2.0,2.0,D,2007-2008,6164
6165,West Ham,Portsmouth,0.0,1.0,A,2007-2008,6165
6166,Birmingham,Everton,1.0,1.0,D,2007-2008,6166
6167,Bolton,West Ham,1.0,0.0,H,2007-2008,6167
6168,Derby,Aston Villa,0.0,6.0,A,2007-2008,6168
6169,Portsmouth,Newcastle,0.0,0.0,D,2007-2008,6169
6170,Reading,Fulham,0.0,2.0,A,2007-2008,6170
6171,Sunderland,Man City,1.0,2.0,A,2007-2008,6171
6172,Tottenham,Middlesbrough,1.0,1.0,D,2007-2008,6172
6173,Liverpool,Blackburn,3.0,1.0,H,2007-2008,6173
6174,Man United,Arsenal,2.0,1.0,H,2007-2008,6174
6175,Chelsea,Wigan,1.0,1.0,D,2007-2008,6175
6176,Everton,Chelsea,0.0,1.0,A,2007-2008,6176
6177,Arsenal,Reading,2.0,0.0,H,2007-2008,6177
6178,Blackburn,Man United,1.0,1.0,D,2007-2008,6178
6179,Fulham,Liverpool,0.0,2.0,A,2007-2008,6179
6180,Middlesbrough,Bolton,0.0,1.0,A,2007-2008,6180
6181,West Ham,Derby,2.0,1.0,H,2007-2008,6181
6182,Wigan,Tottenham,1.0,1.0,D,2007-2008,6182
6183,Aston Villa,Birmingham,5.0,1.0,H,2007-2008,6183
6184,Man City,Portsmouth,3.0,1.0,H,2007-2008,6184
6185,Newcastle,Sunderland,2.0,0.0,H,2007-2008,6185
6186,Birmingham,Liverpool,2.0,2.0,D,2007-2008,6186
6187,Chelsea,Man United,2.0,1.0,H,2007-2008,6187
6188,Man City,Fulham,2.0,3.0,A,2007-2008,6188
6189,Sunderland,Middlesbrough,3.0,2.0,H,2007-2008,6189
6190,Tottenham,Bolton,1.0,1.0,D,2007-2008,6190
6191,West Ham,Newcastle,2.0,2.0,D,2007-2008,6191
6192,Wigan,Reading,0.0,0.0,D,2007-2008,6192
6193,Everton,Aston Villa,2.0,2.0,D,2007-2008,6193
6194,Portsmouth,Blackburn,0.0,1.0,A,2007-2008,6194
6195,Derby,Arsenal,2.0,6.0,A,2007-2008,6195
6196,Aston Villa,Wigan,0.0,2.0,A,2007-2008,6196
6197,Blackburn,Derby,3.0,1.0,H,2007-2008,6197
6198,Bolton,Sunderland,2.0,0.0,H,2007-2008,6198
6199,Fulham,Birmingham,2.0,0.0,H,2007-2008,6199
6200,Man United,West Ham,4.0,1.0,H,2007-2008,6200
6201,Middlesbrough,Portsmouth,2.0,0.0,H,2007-2008,6201
6202,Reading,Tottenham,0.0,1.0,A,2007-2008,6202
6203,Arsenal,Everton,1.0,0.0,H,2007-2008,6203
6204,Liverpool,Man City,1.0,0.0,H,2007-2008,6204
6205,Newcastle,Chelsea,0.0,2.0,A,2007-2008,6205
6206,Birmingham,Blackburn,4.0,1.0,H,2007-2008,6206
6207,Chelsea,Bolton,1.0,1.0,D,2007-2008,6207
6208,Derby,Reading,0.0,4.0,A,2007-2008,6208
6209,Everton,Newcastle,3.0,1.0,H,2007-2008,6209
6210,Middlesbrough,Man City,8.0,1.0,H,2007-2008,6210
6211,Portsmouth,Fulham,0.0,1.0,A,2007-2008,6211
6212,Sunderland,Arsenal,0.0,1.0,A,2007-2008,6212
6213,Tottenham,Liverpool,0.0,2.0,A,2007-2008,6213
6214,West Ham,Aston Villa,2.0,2.0,D,2007-2008,6214
6215,Wigan,Man United,0.0,2.0,A,2007-2008,6215
6216,Arsenal,West Brom,1.0,0.0,H,2008-2009,6216
6217,Bolton,Stoke,3.0,1.0,H,2008-2009,6217
6218,Everton,Blackburn,2.0,3.0,A,2008-2009,6218
6219,Hull,Fulham,2.0,1.0,H,2008-2009,6219
6220,Middlesbrough,Tottenham,2.0,1.0,H,2008-2009,6220
6221,Sunderland,Liverpool,0.0,1.0,A,2008-2009,6221
6222,West Ham,Wigan,2.0,1.0,H,2008-2009,6222
6223,Aston Villa,Man City,4.0,2.0,H,2008-2009,6223
6224,Chelsea,Portsmouth,4.0,0.0,H,2008-2009,6224
6225,Man United,Newcastle,1.0,1.0,D,2008-2009,6225
6226,Blackburn,Hull,1.0,1.0,D,2008-2009,6226
6227,Fulham,Arsenal,1.0,0.0,H,2008-2009,6227
6228,Liverpool,Middlesbrough,2.0,1.0,H,2008-2009,6228
6229,Newcastle,Bolton,1.0,0.0,H,2008-2009,6229
6230,Stoke,Aston Villa,3.0,2.0,H,2008-2009,6230
6231,Tottenham,Sunderland,1.0,2.0,A,2008-2009,6231
6232,West Brom,Everton,1.0,2.0,A,2008-2009,6232
6233,Man City,West Ham,3.0,0.0,H,2008-2009,6233
6234,Wigan,Chelsea,0.0,1.0,A,2008-2009,6234
6235,Portsmouth,Man United,0.0,1.0,A,2008-2009,6235
6236,Arsenal,Newcastle,3.0,0.0,H,2008-2009,6236
6237,Bolton,West Brom,0.0,0.0,D,2008-2009,6237
6238,Everton,Portsmouth,0.0,3.0,A,2008-2009,6238
6239,Hull,Wigan,0.0,5.0,A,2008-2009,6239
6240,Middlesbrough,Stoke,2.0,1.0,H,2008-2009,6240
6241,West Ham,Blackburn,4.0,1.0,H,2008-2009,6241
6242,Aston Villa,Liverpool,0.0,0.0,D,2008-2009,6242
6243,Chelsea,Tottenham,1.0,1.0,D,2008-2009,6243
6244,Sunderland,Man City,0.0,3.0,A,2008-2009,6244
6245,Blackburn,Arsenal,0.0,4.0,A,2008-2009,6245
6246,Fulham,Bolton,2.0,1.0,H,2008-2009,6246
6247,Liverpool,Man United,2.0,1.0,H,2008-2009,6247
6248,Man City,Chelsea,1.0,3.0,A,2008-2009,6248
6249,Newcastle,Hull,1.0,2.0,A,2008-2009,6249
6250,Portsmouth,Middlesbrough,2.0,1.0,H,2008-2009,6250
6251,West Brom,West Ham,3.0,2.0,H,2008-2009,6251
6252,Wigan,Sunderland,1.0,1.0,D,2008-2009,6252
6253,Stoke,Everton,2.0,3.0,A,2008-2009,6253
6254,Tottenham,Aston Villa,1.0,2.0,A,2008-2009,6254
6255,Blackburn,Fulham,1.0,0.0,H,2008-2009,6255
6256,Bolton,Arsenal,1.0,3.0,A,2008-2009,6256
6257,Liverpool,Stoke,0.0,0.0,D,2008-2009,6257
6258,Sunderland,Middlesbrough,2.0,0.0,H,2008-2009,6258
6259,West Ham,Newcastle,3.0,1.0,H,2008-2009,6259
6260,Chelsea,Man United,1.0,1.0,D,2008-2009,6260
6261,Hull,Everton,2.0,2.0,D,2008-2009,6261
6262,Man City,Portsmouth,6.0,0.0,H,2008-2009,6262
6263,Tottenham,Wigan,0.0,0.0,D,2008-2009,6263
6264,West Brom,Aston Villa,1.0,2.0,A,2008-2009,6264
6265,Arsenal,Hull,1.0,2.0,A,2008-2009,6265
6266,Aston Villa,Sunderland,2.0,1.0,H,2008-2009,6266
6267,Everton,Liverpool,0.0,2.0,A,2008-2009,6267
6268,Fulham,West Ham,1.0,2.0,A,2008-2009,6268
6269,Man United,Bolton,2.0,0.0,H,2008-2009,6269
6270,Middlesbrough,West Brom,0.0,1.0,A,2008-2009,6270
6271,Newcastle,Blackburn,1.0,2.0,A,2008-2009,6271
6272,Stoke,Chelsea,0.0,2.0,A,2008-2009,6272
6273,Portsmouth,Tottenham,2.0,0.0,H,2008-2009,6273
6274,Wigan,Man City,2.0,1.0,H,2008-2009,6274
6275,Blackburn,Man United,0.0,2.0,A,2008-2009,6275
6276,Sunderland,Arsenal,1.0,1.0,D,2008-2009,6276
6277,West Brom,Fulham,1.0,0.0,H,2008-2009,6277
6278,Wigan,Middlesbrough,0.0,1.0,A,2008-2009,6278
6279,Chelsea,Aston Villa,2.0,0.0,H,2008-2009,6279
6280,Everton,Newcastle,2.0,2.0,D,2008-2009,6280
6281,Man City,Liverpool,2.0,3.0,A,2008-2009,6281
6282,Portsmouth,Stoke,2.0,1.0,H,2008-2009,6282
6283,Tottenham,Hull,0.0,1.0,A,2008-2009,6283
6284,West Ham,Bolton,1.0,3.0,A,2008-2009,6284
6285,Arsenal,Everton,3.0,1.0,H,2008-2009,6285
6286,Aston Villa,Portsmouth,0.0,0.0,D,2008-2009,6286
6287,Bolton,Blackburn,0.0,0.0,D,2008-2009,6287
6288,Fulham,Sunderland,0.0,0.0,D,2008-2009,6288
6289,Liverpool,Wigan,3.0,2.0,H,2008-2009,6289
6290,Man United,West Brom,4.0,0.0,H,2008-2009,6290
6291,Middlesbrough,Chelsea,0.0,5.0,A,2008-2009,6291
6292,Hull,West Ham,1.0,0.0,H,2008-2009,6292
6293,Stoke,Tottenham,2.0,1.0,H,2008-2009,6293
6294,Newcastle,Man City,2.0,2.0,D,2008-2009,6294
6295,Blackburn,Middlesbrough,1.0,1.0,D,2008-2009,6295
6296,Everton,Man United,1.0,1.0,D,2008-2009,6296
6297,Sunderland,Newcastle,2.0,1.0,H,2008-2009,6297
6298,West Brom,Hull,0.0,3.0,A,2008-2009,6298
6299,Chelsea,Liverpool,0.0,1.0,A,2008-2009,6299
6300,Man City,Stoke,3.0,0.0,H,2008-2009,6300
6301,Portsmouth,Fulham,1.0,1.0,D,2008-2009,6301
6302,Tottenham,Bolton,2.0,0.0,H,2008-2009,6302
6303,West Ham,Arsenal,0.0,2.0,A,2008-2009,6303
6304,Wigan,Aston Villa,0.0,4.0,A,2008-2009,6304
6305,Newcastle,West Brom,2.0,1.0,H,2008-2009,6305
6306,Arsenal,Tottenham,4.0,4.0,D,2008-2009,6306
6307,Aston Villa,Blackburn,3.0,2.0,H,2008-2009,6307
6308,Bolton,Everton,0.0,1.0,A,2008-2009,6308
6309,Fulham,Wigan,2.0,0.0,H,2008-2009,6309
6310,Hull,Chelsea,0.0,3.0,A,2008-2009,6310
6311,Liverpool,Portsmouth,1.0,0.0,H,2008-2009,6311
6312,Man United,West Ham,2.0,0.0,H,2008-2009,6312
6313,Middlesbrough,Man City,2.0,0.0,H,2008-2009,6313
6314,Stoke,Sunderland,1.0,0.0,H,2008-2009,6314
6315,Chelsea,Sunderland,5.0,0.0,H,2008-2009,6315
6316,Everton,Fulham,1.0,0.0,H,2008-2009,6316
6317,Man United,Hull,4.0,3.0,H,2008-2009,6317
6318,Middlesbrough,West Ham,1.0,1.0,D,2008-2009,6318
6319,Portsmouth,Wigan,1.0,2.0,A,2008-2009,6319
6320,Stoke,Arsenal,2.0,1.0,H,2008-2009,6320
6321,Tottenham,Liverpool,2.0,1.0,H,2008-2009,6321
6322,West Brom,Blackburn,2.0,2.0,D,2008-2009,6322
6323,Bolton,Man City,2.0,0.0,H,2008-2009,6323
6324,Newcastle,Aston Villa,2.0,0.0,H,2008-2009,6324
6325,Arsenal,Man United,2.0,1.0,H,2008-2009,6325
6326,Hull,Bolton,0.0,1.0,A,2008-2009,6326
6327,Liverpool,West Brom,3.0,0.0,H,2008-2009,6327
6328,Sunderland,Portsmouth,1.0,2.0,A,2008-2009,6328
6329,West Ham,Everton,1.0,3.0,A,2008-2009,6329
6330,Wigan,Stoke,0.0,0.0,D,2008-2009,6330
6331,Aston Villa,Middlesbrough,1.0,2.0,A,2008-2009,6331
6332,Blackburn,Chelsea,0.0,2.0,A,2008-2009,6332
6333,Fulham,Newcastle,2.0,1.0,H,2008-2009,6333
6334,Man City,Tottenham,1.0,2.0,A,2008-2009,6334
6335,Arsenal,Aston Villa,0.0,2.0,A,2008-2009,6335
6336,Blackburn,Sunderland,1.0,2.0,A,2008-2009,6336
6337,Bolton,Liverpool,0.0,2.0,A,2008-2009,6337
6338,Fulham,Tottenham,2.0,1.0,H,2008-2009,6338
6339,Man United,Stoke,5.0,0.0,H,2008-2009,6339
6340,Newcastle,Wigan,2.0,2.0,D,2008-2009,6340
6341,West Brom,Chelsea,0.0,3.0,A,2008-2009,6341
6342,West Ham,Portsmouth,0.0,0.0,D,2008-2009,6342
6343,Everton,Middlesbrough,1.0,1.0,D,2008-2009,6343
6344,Hull,Man City,2.0,2.0,D,2008-2009,6344
6345,Aston Villa,Man United,0.0,0.0,D,2008-2009,6345
6346,Chelsea,Newcastle,0.0,0.0,D,2008-2009,6346
6347,Liverpool,Fulham,0.0,0.0,D,2008-2009,6347
6348,Man City,Arsenal,3.0,0.0,H,2008-2009,6348
6349,Middlesbrough,Bolton,1.0,3.0,A,2008-2009,6349
6350,Portsmouth,Hull,2.0,2.0,D,2008-2009,6350
6351,Stoke,West Brom,1.0,0.0,H,2008-2009,6351
6352,Sunderland,West Ham,0.0,1.0,A,2008-2009,6352
6353,Tottenham,Blackburn,1.0,0.0,H,2008-2009,6353
6354,Wigan,Everton,1.0,0.0,H,2008-2009,6354
6355,Aston Villa,Fulham,0.0,0.0,D,2008-2009,6355
6356,Middlesbrough,Newcastle,0.0,0.0,D,2008-2009,6356
6357,Stoke,Hull,1.0,1.0,D,2008-2009,6357
6358,Sunderland,Bolton,1.0,4.0,A,2008-2009,6358
6359,Wigan,West Brom,2.0,1.0,H,2008-2009,6359
6360,Chelsea,Arsenal,1.0,2.0,A,2008-2009,6360
6361,Man City,Man United,0.0,1.0,A,2008-2009,6361
6362,Portsmouth,Blackburn,3.0,2.0,H,2008-2009,6362
6363,Tottenham,Everton,0.0,1.0,A,2008-2009,6363
6364,Liverpool,West Ham,0.0,0.0,D,2008-2009,6364
6365,Arsenal,Wigan,1.0,0.0,H,2008-2009,6365
6366,Blackburn,Liverpool,1.0,3.0,A,2008-2009,6366
6367,Bolton,Chelsea,0.0,2.0,A,2008-2009,6367
6368,Fulham,Man City,1.0,1.0,D,2008-2009,6368
6369,Hull,Middlesbrough,2.0,1.0,H,2008-2009,6369
6370,Man United,Sunderland,1.0,0.0,H,2008-2009,6370
6371,Newcastle,Stoke,2.0,2.0,D,2008-2009,6371
6372,Everton,Aston Villa,2.0,3.0,A,2008-2009,6372
6373,West Brom,Portsmouth,1.0,1.0,D,2008-2009,6373
6374,West Ham,Tottenham,0.0,2.0,A,2008-2009,6374
6375,Aston Villa,Bolton,4.0,2.0,H,2008-2009,6375
6376,Liverpool,Hull,2.0,2.0,D,2008-2009,6376
6377,Man City,Everton,0.0,1.0,A,2008-2009,6377
6378,Middlesbrough,Arsenal,1.0,1.0,D,2008-2009,6378
6379,Stoke,Fulham,0.0,0.0,D,2008-2009,6379
6380,Sunderland,West Brom,4.0,0.0,H,2008-2009,6380
6381,Tottenham,Man United,0.0,0.0,D,2008-2009,6381
6382,Wigan,Blackburn,3.0,0.0,H,2008-2009,6382
6383,Chelsea,West Ham,1.0,1.0,D,2008-2009,6383
6384,Portsmouth,Newcastle,0.0,3.0,A,2008-2009,6384
6385,Blackburn,Stoke,3.0,0.0,H,2008-2009,6385
6386,Bolton,Portsmouth,2.0,1.0,H,2008-2009,6386
6387,Fulham,Middlesbrough,3.0,0.0,H,2008-2009,6387
6388,Hull,Sunderland,1.0,4.0,A,2008-2009,6388
6389,West Ham,Aston Villa,0.0,1.0,A,2008-2009,6389
6390,Arsenal,Liverpool,1.0,1.0,D,2008-2009,6390
6391,Newcastle,Tottenham,2.0,1.0,H,2008-2009,6391
6392,West Brom,Man City,2.0,1.0,H,2008-2009,6392
6393,Everton,Chelsea,0.0,0.0,D,2008-2009,6393
6394,Aston Villa,Arsenal,2.0,2.0,D,2008-2009,6394
6395,Chelsea,West Brom,2.0,0.0,H,2008-2009,6395
6396,Liverpool,Bolton,3.0,0.0,H,2008-2009,6396
6397,Man City,Hull,5.0,1.0,H,2008-2009,6397
6398,Middlesbrough,Everton,0.0,1.0,A,2008-2009,6398
6399,Portsmouth,West Ham,1.0,4.0,A,2008-2009,6399
6400,Stoke,Man United,0.0,1.0,A,2008-2009,6400
6401,Sunderland,Blackburn,0.0,0.0,D,2008-2009,6401
6402,Tottenham,Fulham,0.0,0.0,D,2008-2009,6402
6403,Wigan,Newcastle,2.0,1.0,H,2008-2009,6403
6404,Arsenal,Portsmouth,1.0,0.0,H,2008-2009,6404
6405,Blackburn,Man City,2.0,2.0,D,2008-2009,6405
6406,Bolton,Wigan,0.0,1.0,A,2008-2009,6406
6407,Everton,Sunderland,3.0,0.0,H,2008-2009,6407
6408,Fulham,Chelsea,2.0,2.0,D,2008-2009,6408
6409,Newcastle,Liverpool,1.0,5.0,A,2008-2009,6409
6410,West Brom,Tottenham,2.0,0.0,H,2008-2009,6410
6411,West Ham,Stoke,2.0,1.0,H,2008-2009,6411
6412,Man United,Middlesbrough,1.0,0.0,H,2008-2009,6412
6413,Hull,Aston Villa,0.0,1.0,A,2008-2009,6413
6414,Arsenal,Bolton,1.0,0.0,H,2008-2009,6414
6415,Aston Villa,West Brom,2.0,1.0,H,2008-2009,6415
6416,Everton,Hull,2.0,0.0,H,2008-2009,6416
6417,Middlesbrough,Sunderland,1.0,1.0,D,2008-2009,6417
6418,Newcastle,West Ham,2.0,2.0,D,2008-2009,6418
6419,Stoke,Liverpool,0.0,0.0,D,2008-2009,6419
6420,Man United,Chelsea,3.0,0.0,H,2008-2009,6420
6421,Wigan,Tottenham,1.0,0.0,H,2008-2009,6421
6422,Man United,Wigan,1.0,0.0,H,2008-2009,6422
6423,Blackburn,Newcastle,3.0,0.0,H,2008-2009,6423
6424,Bolton,Man United,0.0,1.0,A,2008-2009,6424
6425,Chelsea,Stoke,2.0,1.0,H,2008-2009,6425
6426,Hull,Arsenal,1.0,3.0,A,2008-2009,6426
6427,Man City,Wigan,1.0,0.0,H,2008-2009,6427
6428,Sunderland,Aston Villa,1.0,2.0,A,2008-2009,6428
6429,West Brom,Middlesbrough,3.0,0.0,H,2008-2009,6429
6430,Tottenham,Portsmouth,1.0,1.0,D,2008-2009,6430
6431,West Ham,Fulham,3.0,1.0,H,2008-2009,6431
6432,Liverpool,Everton,1.0,1.0,D,2008-2009,6432
6433,Portsmouth,Aston Villa,0.0,1.0,A,2008-2009,6433
6434,Sunderland,Fulham,1.0,0.0,H,2008-2009,6434
6435,Tottenham,Stoke,3.0,1.0,H,2008-2009,6435
6436,West Brom,Man United,0.0,5.0,A,2008-2009,6436
6437,Blackburn,Bolton,2.0,2.0,D,2008-2009,6437
6438,Chelsea,Middlesbrough,2.0,0.0,H,2008-2009,6438
6439,Everton,Arsenal,1.0,1.0,D,2008-2009,6439
6440,Man City,Newcastle,2.0,1.0,H,2008-2009,6440
6441,West Ham,Hull,2.0,0.0,H,2008-2009,6441
6442,Wigan,Liverpool,1.0,1.0,D,2008-2009,6442
6443,Arsenal,West Ham,0.0,0.0,D,2008-2009,6443
6444,Aston Villa,Wigan,0.0,0.0,D,2008-2009,6444
6445,Bolton,Tottenham,3.0,2.0,H,2008-2009,6445
6446,Fulham,Portsmouth,3.0,1.0,H,2008-2009,6446
6447,Hull,West Brom,2.0,2.0,D,2008-2009,6447
6448,Man United,Everton,1.0,0.0,H,2008-2009,6448
6449,Middlesbrough,Blackburn,0.0,0.0,D,2008-2009,6449
6450,Stoke,Man City,1.0,0.0,H,2008-2009,6450
6451,Liverpool,Chelsea,2.0,0.0,H,2008-2009,6451
6452,Newcastle,Sunderland,1.0,1.0,D,2008-2009,6452
6453,Blackburn,Aston Villa,0.0,2.0,A,2008-2009,6453
6454,Chelsea,Hull,0.0,0.0,D,2008-2009,6454
6455,Everton,Bolton,3.0,0.0,H,2008-2009,6455
6456,Man City,Middlesbrough,1.0,0.0,H,2008-2009,6456
6457,Portsmouth,Liverpool,2.0,3.0,A,2008-2009,6457
6458,Sunderland,Stoke,2.0,0.0,H,2008-2009,6458
6459,West Brom,Newcastle,2.0,3.0,A,2008-2009,6459
6460,Wigan,Fulham,0.0,0.0,D,2008-2009,6460
6461,Tottenham,Arsenal,0.0,0.0,D,2008-2009,6461
6462,West Ham,Man United,0.0,1.0,A,2008-2009,6462
6463,Portsmouth,Man City,2.0,0.0,H,2008-2009,6463
6464,Man United,Fulham,3.0,0.0,H,2008-2009,6464
6465,Arsenal,Sunderland,0.0,0.0,D,2008-2009,6465
6466,Aston Villa,Chelsea,0.0,1.0,A,2008-2009,6466
6467,Bolton,West Ham,2.0,1.0,H,2008-2009,6467
6468,Man United,Blackburn,2.0,1.0,H,2008-2009,6468
6469,Middlesbrough,Wigan,0.0,0.0,D,2008-2009,6469
6470,Stoke,Portsmouth,2.0,2.0,D,2008-2009,6470
6471,Fulham,West Brom,2.0,0.0,H,2008-2009,6471
6472,Liverpool,Man City,1.0,1.0,D,2008-2009,6472
6473,Newcastle,Everton,0.0,0.0,D,2008-2009,6473
6474,Hull,Tottenham,1.0,2.0,A,2008-2009,6474
6475,Arsenal,Fulham,0.0,0.0,D,2008-2009,6475
6476,Chelsea,Wigan,2.0,1.0,H,2008-2009,6476
6477,Everton,West Brom,2.0,0.0,H,2008-2009,6477
6478,Middlesbrough,Liverpool,2.0,0.0,H,2008-2009,6478
6479,Aston Villa,Stoke,2.0,2.0,D,2008-2009,6479
6480,Bolton,Newcastle,1.0,0.0,H,2008-2009,6480
6481,Hull,Blackburn,1.0,2.0,A,2008-2009,6481
6482,West Ham,Man City,1.0,0.0,H,2008-2009,6482
6483,Liverpool,Sunderland,2.0,0.0,H,2008-2009,6483
6484,Portsmouth,Chelsea,0.0,1.0,A,2008-2009,6484
6485,West Brom,Arsenal,1.0,3.0,A,2008-2009,6485
6486,Blackburn,Everton,0.0,0.0,D,2008-2009,6486
6487,Fulham,Hull,0.0,1.0,A,2008-2009,6487
6488,Man City,Aston Villa,2.0,0.0,H,2008-2009,6488
6489,Newcastle,Man United,1.0,2.0,A,2008-2009,6489
6490,Stoke,Bolton,2.0,0.0,H,2008-2009,6490
6491,Tottenham,Middlesbrough,4.0,0.0,H,2008-2009,6491
6492,Wigan,West Ham,0.0,1.0,A,2008-2009,6492
6493,Sunderland,Tottenham,1.0,1.0,D,2008-2009,6493
6494,Fulham,Blackburn,1.0,2.0,A,2008-2009,6494
6495,Arsenal,Blackburn,4.0,0.0,H,2008-2009,6495
6496,Bolton,Fulham,1.0,3.0,A,2008-2009,6496
6497,Everton,Stoke,3.0,1.0,H,2008-2009,6497
6498,Hull,Newcastle,1.0,1.0,D,2008-2009,6498
6499,Man United,Liverpool,1.0,4.0,A,2008-2009,6499
6500,Middlesbrough,Portsmouth,1.0,1.0,D,2008-2009,6500
6501,Sunderland,Wigan,1.0,2.0,A,2008-2009,6501
6502,Aston Villa,Tottenham,1.0,2.0,A,2008-2009,6502
6503,Chelsea,Man City,1.0,0.0,H,2008-2009,6503
6504,West Ham,West Brom,0.0,0.0,D,2008-2009,6504
6505,Blackburn,West Ham,1.0,1.0,D,2008-2009,6505
6506,Fulham,Man United,2.0,0.0,H,2008-2009,6506
6507,Newcastle,Arsenal,1.0,3.0,A,2008-2009,6507
6508,Portsmouth,Everton,2.0,1.0,H,2008-2009,6508
6509,Stoke,Middlesbrough,1.0,0.0,H,2008-2009,6509
6510,Tottenham,Chelsea,1.0,0.0,H,2008-2009,6510
6511,West Brom,Bolton,1.0,1.0,D,2008-2009,6511
6512,Liverpool,Aston Villa,5.0,0.0,H,2008-2009,6512
6513,Man City,Sunderland,1.0,0.0,H,2008-2009,6513
6514,Wigan,Hull,1.0,0.0,H,2008-2009,6514
6515,Arsenal,Man City,2.0,0.0,H,2008-2009,6515
6516,Blackburn,Tottenham,2.0,1.0,H,2008-2009,6516
6517,Bolton,Middlesbrough,4.0,1.0,H,2008-2009,6517
6518,Fulham,Liverpool,0.0,1.0,A,2008-2009,6518
6519,Hull,Portsmouth,0.0,0.0,D,2008-2009,6519
6520,Newcastle,Chelsea,0.0,2.0,A,2008-2009,6520
6521,West Brom,Stoke,0.0,2.0,A,2008-2009,6521
6522,West Ham,Sunderland,2.0,0.0,H,2008-2009,6522
6523,Everton,Wigan,4.0,0.0,H,2008-2009,6523
6524,Man United,Aston Villa,3.0,2.0,H,2008-2009,6524
6525,Chelsea,Bolton,4.0,3.0,H,2008-2009,6525
6526,Liverpool,Blackburn,4.0,0.0,H,2008-2009,6526
6527,Middlesbrough,Hull,3.0,1.0,H,2008-2009,6527
6528,Portsmouth,West Brom,2.0,2.0,D,2008-2009,6528
6529,Stoke,Newcastle,1.0,1.0,D,2008-2009,6529
6530,Sunderland,Man United,1.0,2.0,A,2008-2009,6530
6531,Tottenham,West Ham,1.0,0.0,H,2008-2009,6531
6532,Wigan,Arsenal,1.0,4.0,A,2008-2009,6532
6533,Aston Villa,Everton,3.0,3.0,D,2008-2009,6533
6534,Man City,Fulham,1.0,3.0,A,2008-2009,6534
6535,Aston Villa,West Ham,1.0,1.0,D,2008-2009,6535
6536,Middlesbrough,Fulham,0.0,0.0,D,2008-2009,6536
6537,Portsmouth,Bolton,1.0,0.0,H,2008-2009,6537
6538,Stoke,Blackburn,1.0,0.0,H,2008-2009,6538
6539,Sunderland,Hull,1.0,0.0,H,2008-2009,6539
6540,Man City,West Brom,4.0,2.0,H,2008-2009,6540
6541,Tottenham,Newcastle,1.0,0.0,H,2008-2009,6541
6542,Liverpool,Arsenal,4.0,4.0,D,2008-2009,6542
6543,Chelsea,Everton,0.0,0.0,D,2008-2009,6543
6544,Man United,Portsmouth,2.0,0.0,H,2008-2009,6544
6545,Bolton,Aston Villa,1.0,1.0,D,2008-2009,6545
6546,Everton,Man City,1.0,2.0,A,2008-2009,6546
6547,Fulham,Stoke,1.0,0.0,H,2008-2009,6547
6548,Hull,Liverpool,1.0,3.0,A,2008-2009,6548
6549,Man United,Tottenham,5.0,2.0,H,2008-2009,6549
6550,West Brom,Sunderland,3.0,0.0,H,2008-2009,6550
6551,West Ham,Chelsea,0.0,1.0,A,2008-2009,6551
6552,Arsenal,Middlesbrough,2.0,0.0,H,2008-2009,6552
6553,Blackburn,Wigan,2.0,0.0,H,2008-2009,6553
6554,Newcastle,Portsmouth,0.0,0.0,D,2008-2009,6554
6555,Chelsea,Fulham,3.0,1.0,H,2008-2009,6555
6556,Man City,Blackburn,3.0,1.0,H,2008-2009,6556
6557,Middlesbrough,Man United,0.0,2.0,A,2008-2009,6557
6558,Portsmouth,Arsenal,0.0,3.0,A,2008-2009,6558
6559,Stoke,West Ham,0.0,1.0,A,2008-2009,6559
6560,Tottenham,West Brom,1.0,0.0,H,2008-2009,6560
6561,Wigan,Bolton,0.0,0.0,D,2008-2009,6561
6562,Liverpool,Newcastle,3.0,0.0,H,2008-2009,6562
6563,Sunderland,Everton,0.0,2.0,A,2008-2009,6563
6564,Aston Villa,Hull,1.0,0.0,H,2008-2009,6564
6565,Blackburn,Portsmouth,2.0,0.0,H,2008-2009,6565
6566,Bolton,Sunderland,0.0,0.0,D,2008-2009,6566
6567,Everton,Tottenham,0.0,0.0,D,2008-2009,6567
6568,Fulham,Aston Villa,3.0,1.0,H,2008-2009,6568
6569,Hull,Stoke,1.0,2.0,A,2008-2009,6569
6570,West Brom,Wigan,3.0,1.0,H,2008-2009,6570
6571,West Ham,Liverpool,0.0,3.0,A,2008-2009,6571
6572,Arsenal,Chelsea,1.0,4.0,A,2008-2009,6572
6573,Man United,Man City,2.0,0.0,H,2008-2009,6573
6574,Newcastle,Middlesbrough,3.0,1.0,H,2008-2009,6574
6575,Wigan,Man United,1.0,2.0,A,2008-2009,6575
6576,Bolton,Hull,1.0,1.0,D,2008-2009,6576
6577,Everton,West Ham,3.0,1.0,H,2008-2009,6577
6578,Man United,Arsenal,0.0,0.0,D,2008-2009,6578
6579,Middlesbrough,Aston Villa,1.0,1.0,D,2008-2009,6579
6580,Newcastle,Fulham,0.0,1.0,A,2008-2009,6580
6581,Stoke,Wigan,2.0,0.0,H,2008-2009,6581
6582,Tottenham,Man City,2.0,1.0,H,2008-2009,6582
6583,Chelsea,Blackburn,2.0,0.0,H,2008-2009,6583
6584,West Brom,Liverpool,0.0,2.0,A,2008-2009,6584
6585,Portsmouth,Sunderland,3.0,1.0,H,2008-2009,6585
6586,Arsenal,Stoke,4.0,1.0,H,2008-2009,6586
6587,Aston Villa,Newcastle,1.0,0.0,H,2008-2009,6587
6588,Blackburn,West Brom,0.0,0.0,D,2008-2009,6588
6589,Fulham,Everton,0.0,2.0,A,2008-2009,6589
6590,Hull,Man United,0.0,1.0,A,2008-2009,6590
6591,Liverpool,Tottenham,3.0,1.0,H,2008-2009,6591
6592,Man City,Bolton,1.0,0.0,H,2008-2009,6592
6593,Sunderland,Chelsea,2.0,3.0,A,2008-2009,6593
6594,West Ham,Middlesbrough,2.0,1.0,H,2008-2009,6594
6595,Wigan,Portsmouth,1.0,0.0,H,2008-2009,6595
6596,Aston Villa,Wigan,0.0,2.0,A,2009-2010,6596
6597,Blackburn,Man City,0.0,2.0,A,2009-2010,6597
6598,Bolton,Sunderland,0.0,1.0,A,2009-2010,6598
6599,Chelsea,Hull,2.0,1.0,H,2009-2010,6599
6600,Everton,Arsenal,1.0,6.0,A,2009-2010,6600
6601,Portsmouth,Fulham,0.0,1.0,A,2009-2010,6601
6602,Stoke,Burnley,2.0,0.0,H,2009-2010,6602
6603,Wolves,West Ham,0.0,2.0,A,2009-2010,6603
6604,Man United,Birmingham,1.0,0.0,H,2009-2010,6604
6605,Tottenham,Liverpool,2.0,1.0,H,2009-2010,6605
6606,Sunderland,Chelsea,1.0,3.0,A,2009-2010,6606
6607,Wigan,Wolves,0.0,1.0,A,2009-2010,6607
6608,Birmingham,Portsmouth,1.0,0.0,H,2009-2010,6608
6609,Burnley,Man United,1.0,0.0,H,2009-2010,6609
6610,Hull,Tottenham,1.0,5.0,A,2009-2010,6610
6611,Liverpool,Stoke,4.0,0.0,H,2009-2010,6611
6612,Arsenal,Portsmouth,4.0,1.0,H,2009-2010,6612
6613,Birmingham,Stoke,0.0,0.0,D,2009-2010,6613
6614,Hull,Bolton,1.0,0.0,H,2009-2010,6614
6615,Man City,Wolves,1.0,0.0,H,2009-2010,6615
6616,Sunderland,Blackburn,2.0,1.0,H,2009-2010,6616
6617,Wigan,Man United,0.0,5.0,A,2009-2010,6617
6618,Burnley,Everton,1.0,0.0,H,2009-2010,6618
6619,Fulham,Chelsea,0.0,2.0,A,2009-2010,6619
6620,West Ham,Tottenham,1.0,2.0,A,2009-2010,6620
6621,Liverpool,Aston Villa,1.0,3.0,A,2009-2010,6621
6622,Blackburn,West Ham,0.0,0.0,D,2009-2010,6622
6623,Bolton,Liverpool,2.0,3.0,A,2009-2010,6623
6624,Chelsea,Burnley,3.0,0.0,H,2009-2010,6624
6625,Man United,Arsenal,2.0,1.0,H,2009-2010,6625
6626,Stoke,Sunderland,1.0,0.0,H,2009-2010,6626
6627,Tottenham,Birmingham,2.0,1.0,H,2009-2010,6627
6628,Wolves,Hull,1.0,1.0,D,2009-2010,6628
6629,Aston Villa,Fulham,2.0,0.0,H,2009-2010,6629
6630,Everton,Wigan,2.0,1.0,H,2009-2010,6630
6631,Portsmouth,Man City,0.0,1.0,A,2009-2010,6631
6632,Blackburn,Wolves,3.0,1.0,H,2009-2010,6632
6633,Liverpool,Burnley,4.0,0.0,H,2009-2010,6633
6634,Man City,Arsenal,4.0,2.0,H,2009-2010,6634
6635,Portsmouth,Bolton,2.0,3.0,A,2009-2010,6635
6636,Stoke,Chelsea,1.0,2.0,A,2009-2010,6636
6637,Sunderland,Hull,4.0,1.0,H,2009-2010,6637
6638,Tottenham,Man United,1.0,3.0,A,2009-2010,6638
6639,Wigan,West Ham,1.0,0.0,H,2009-2010,6639
6640,Birmingham,Aston Villa,0.0,1.0,A,2009-2010,6640
6641,Fulham,Everton,2.0,1.0,H,2009-2010,6641
6642,Arsenal,Wigan,4.0,0.0,H,2009-2010,6642
6643,Aston Villa,Portsmouth,2.0,0.0,H,2009-2010,6643
6644,Bolton,Stoke,1.0,1.0,D,2009-2010,6644
6645,Burnley,Sunderland,3.0,1.0,H,2009-2010,6645
6646,Hull,Birmingham,0.0,1.0,A,2009-2010,6646
6647,West Ham,Liverpool,2.0,3.0,A,2009-2010,6647
6648,Chelsea,Tottenham,3.0,0.0,H,2009-2010,6648
6649,Everton,Blackburn,3.0,0.0,H,2009-2010,6649
6650,Man United,Man City,4.0,3.0,H,2009-2010,6650
6651,Wolves,Fulham,2.0,1.0,H,2009-2010,6651
6652,Birmingham,Bolton,1.0,2.0,A,2009-2010,6652
6653,Blackburn,Aston Villa,2.0,1.0,H,2009-2010,6653
6654,Fulham,Arsenal,0.0,1.0,A,2009-2010,6654
6655,Liverpool,Hull,6.0,1.0,H,2009-2010,6655
6656,Portsmouth,Everton,0.0,1.0,A,2009-2010,6656
6657,Stoke,Man United,0.0,2.0,A,2009-2010,6657
6658,Tottenham,Burnley,5.0,0.0,H,2009-2010,6658
6659,Wigan,Chelsea,3.0,1.0,H,2009-2010,6659
6660,Sunderland,Wolves,5.0,2.0,H,2009-2010,6660
6661,Man City,West Ham,3.0,1.0,H,2009-2010,6661
6662,Bolton,Tottenham,2.0,2.0,D,2009-2010,6662
6663,Burnley,Birmingham,2.0,1.0,H,2009-2010,6663
6664,Hull,Wigan,2.0,1.0,H,2009-2010,6664
6665,Man United,Sunderland,2.0,2.0,D,2009-2010,6665
6666,Wolves,Portsmouth,0.0,1.0,A,2009-2010,6666
6667,Arsenal,Blackburn,6.0,2.0,H,2009-2010,6667
6668,Chelsea,Liverpool,2.0,0.0,H,2009-2010,6668
6669,Everton,Stoke,1.0,1.0,D,2009-2010,6669
6670,West Ham,Fulham,2.0,2.0,D,2009-2010,6670
6671,Aston Villa,Man City,1.0,1.0,D,2009-2010,6671
6672,Arsenal,Birmingham,3.0,1.0,H,2009-2010,6672
6673,Aston Villa,Chelsea,2.0,1.0,H,2009-2010,6673
6674,Everton,Wolves,1.0,1.0,D,2009-2010,6674
6675,Man United,Bolton,2.0,1.0,H,2009-2010,6675
6676,Portsmouth,Tottenham,1.0,2.0,A,2009-2010,6676
6677,Stoke,West Ham,2.0,1.0,H,2009-2010,6677
6678,Sunderland,Liverpool,1.0,0.0,H,2009-2010,6678
6679,Blackburn,Burnley,3.0,2.0,H,2009-2010,6679
6680,Wigan,Man City,1.0,1.0,D,2009-2010,6680
6681,Fulham,Hull,2.0,0.0,H,2009-2010,6681
6682,Birmingham,Sunderland,2.0,1.0,H,2009-2010,6682
6683,Burnley,Wigan,1.0,3.0,A,2009-2010,6683
6684,Chelsea,Blackburn,5.0,0.0,H,2009-2010,6684
6685,Hull,Portsmouth,0.0,0.0,D,2009-2010,6685
6686,Tottenham,Stoke,0.0,1.0,A,2009-2010,6686
6687,Wolves,Aston Villa,1.0,1.0,D,2009-2010,6687
6688,Bolton,Everton,3.0,2.0,H,2009-2010,6688
6689,Liverpool,Man United,2.0,0.0,H,2009-2010,6689
6690,Man City,Fulham,2.0,2.0,D,2009-2010,6690
6691,West Ham,Arsenal,2.0,2.0,D,2009-2010,6691
6692,Arsenal,Tottenham,3.0,0.0,H,2009-2010,6692
6693,Bolton,Chelsea,0.0,4.0,A,2009-2010,6693
6694,Burnley,Hull,2.0,0.0,H,2009-2010,6694
6695,Everton,Aston Villa,1.0,1.0,D,2009-2010,6695
6696,Fulham,Liverpool,3.0,1.0,H,2009-2010,6696
6697,Man United,Blackburn,2.0,0.0,H,2009-2010,6697
6698,Portsmouth,Wigan,4.0,0.0,H,2009-2010,6698
6699,Stoke,Wolves,2.0,2.0,D,2009-2010,6699
6700,Sunderland,West Ham,2.0,2.0,D,2009-2010,6700
6701,Birmingham,Man City,0.0,0.0,D,2009-2010,6701
6702,West Ham,Aston Villa,2.0,1.0,H,2009-2010,6702
6703,Aston Villa,Bolton,5.0,1.0,H,2009-2010,6703
6704,Blackburn,Portsmouth,3.0,1.0,H,2009-2010,6704
6705,Man City,Burnley,3.0,3.0,D,2009-2010,6705
6706,Tottenham,Sunderland,2.0,0.0,H,2009-2010,6706
6707,Wolves,Arsenal,1.0,4.0,A,2009-2010,6707
6708,Chelsea,Man United,1.0,0.0,H,2009-2010,6708
6709,Hull,Stoke,2.0,1.0,H,2009-2010,6709
6710,West Ham,Everton,1.0,2.0,A,2009-2010,6710
6711,Wigan,Fulham,1.0,1.0,D,2009-2010,6711
6712,Liverpool,Birmingham,2.0,2.0,D,2009-2010,6712
6713,Birmingham,Fulham,1.0,0.0,H,2009-2010,6713
6714,Burnley,Aston Villa,1.0,1.0,D,2009-2010,6714
6715,Chelsea,Wolves,4.0,0.0,H,2009-2010,6715
6716,Hull,West Ham,3.0,3.0,D,2009-2010,6716
6717,Liverpool,Man City,2.0,2.0,D,2009-2010,6717
6718,Man United,Everton,3.0,0.0,H,2009-2010,6718
6719,Sunderland,Arsenal,1.0,0.0,H,2009-2010,6719
6720,Bolton,Blackburn,0.0,2.0,A,2009-2010,6720
6721,Stoke,Portsmouth,1.0,0.0,H,2009-2010,6721
6722,Tottenham,Wigan,9.0,1.0,H,2009-2010,6722
6723,Fulham,Blackburn,3.0,0.0,H,2009-2010,6723
6724,Hull,Everton,3.0,2.0,H,2009-2010,6724
6725,Aston Villa,Tottenham,1.0,1.0,D,2009-2010,6725
6726,Blackburn,Stoke,0.0,0.0,D,2009-2010,6726
6727,Fulham,Bolton,1.0,1.0,D,2009-2010,6727
6728,Man City,Hull,1.0,1.0,D,2009-2010,6728
6729,Portsmouth,Man United,1.0,4.0,A,2009-2010,6729
6730,West Ham,Burnley,5.0,3.0,H,2009-2010,6730
6731,Wigan,Sunderland,1.0,0.0,H,2009-2010,6731
6732,Arsenal,Chelsea,0.0,3.0,A,2009-2010,6732
6733,Everton,Liverpool,0.0,2.0,A,2009-2010,6733
6734,Wolves,Birmingham,0.0,1.0,A,2009-2010,6734
6735,Arsenal,Stoke,2.0,0.0,H,2009-2010,6735
6736,Aston Villa,Hull,3.0,0.0,H,2009-2010,6736
6737,Blackburn,Liverpool,0.0,0.0,D,2009-2010,6737
6738,Man City,Chelsea,2.0,1.0,H,2009-2010,6738
6739,Portsmouth,Burnley,2.0,0.0,H,2009-2010,6739
6740,West Ham,Man United,0.0,4.0,A,2009-2010,6740
6741,Wigan,Birmingham,2.0,3.0,A,2009-2010,6741
6742,Wolves,Bolton,2.0,1.0,H,2009-2010,6742
6743,Everton,Tottenham,2.0,2.0,D,2009-2010,6743
6744,Fulham,Sunderland,1.0,0.0,H,2009-2010,6744
6745,Birmingham,West Ham,1.0,0.0,H,2009-2010,6745
6746,Bolton,Man City,3.0,3.0,D,2009-2010,6746
6747,Burnley,Fulham,1.0,1.0,D,2009-2010,6747
6748,Chelsea,Everton,3.0,3.0,D,2009-2010,6748
6749,Hull,Blackburn,0.0,0.0,D,2009-2010,6749
6750,Man United,Aston Villa,0.0,1.0,A,2009-2010,6750
6751,Stoke,Wigan,2.0,2.0,D,2009-2010,6751
6752,Sunderland,Portsmouth,1.0,1.0,D,2009-2010,6752
6753,Tottenham,Wolves,0.0,1.0,A,2009-2010,6753
6754,Liverpool,Arsenal,1.0,2.0,A,2009-2010,6754
6755,Birmingham,Blackburn,2.0,1.0,H,2009-2010,6755
6756,Bolton,West Ham,3.0,1.0,H,2009-2010,6756
6757,Man United,Wolves,3.0,0.0,H,2009-2010,6757
6758,Sunderland,Aston Villa,0.0,2.0,A,2009-2010,6758
6759,Burnley,Arsenal,1.0,1.0,D,2009-2010,6759
6760,Chelsea,Portsmouth,2.0,1.0,H,2009-2010,6760
6761,Liverpool,Wigan,2.0,1.0,H,2009-2010,6761
6762,Tottenham,Man City,3.0,0.0,H,2009-2010,6762
6763,Arsenal,Hull,3.0,0.0,H,2009-2010,6763
6764,Aston Villa,Stoke,1.0,0.0,H,2009-2010,6764
6765,Blackburn,Tottenham,0.0,2.0,A,2009-2010,6765
6766,Fulham,Man United,3.0,0.0,H,2009-2010,6766
6767,Man City,Sunderland,4.0,3.0,H,2009-2010,6767
6768,Portsmouth,Liverpool,2.0,0.0,H,2009-2010,6768
6769,Everton,Birmingham,1.0,1.0,D,2009-2010,6769
6770,West Ham,Chelsea,1.0,1.0,D,2009-2010,6770
6771,Wolves,Burnley,2.0,0.0,H,2009-2010,6771
6772,Birmingham,Chelsea,0.0,0.0,D,2009-2010,6772
6773,Burnley,Bolton,1.0,1.0,D,2009-2010,6773
6774,Fulham,Tottenham,0.0,0.0,D,2009-2010,6774
6775,Liverpool,Wolves,2.0,0.0,H,2009-2010,6775
6776,Man City,Stoke,2.0,0.0,H,2009-2010,6776
6777,Sunderland,Everton,1.0,1.0,D,2009-2010,6777
6778,West Ham,Portsmouth,2.0,0.0,H,2009-2010,6778
6779,Wigan,Blackburn,1.0,1.0,D,2009-2010,6779
6780,Arsenal,Aston Villa,3.0,0.0,H,2009-2010,6780
6781,Hull,Man United,1.0,3.0,A,2009-2010,6781
6782,Blackburn,Sunderland,2.0,2.0,D,2009-2010,6782
6783,Chelsea,Fulham,2.0,1.0,H,2009-2010,6783
6784,Everton,Burnley,2.0,0.0,H,2009-2010,6784
6785,Stoke,Birmingham,0.0,1.0,A,2009-2010,6785
6786,Tottenham,West Ham,2.0,0.0,H,2009-2010,6786
6787,Wolves,Man City,0.0,3.0,A,2009-2010,6787
6788,Aston Villa,Liverpool,0.0,1.0,A,2009-2010,6788
6789,Bolton,Hull,2.0,2.0,D,2009-2010,6789
6790,Man United,Wigan,5.0,0.0,H,2009-2010,6790
6791,Portsmouth,Arsenal,1.0,4.0,A,2009-2010,6791
6792,Stoke,Fulham,3.0,2.0,H,2009-2010,6792
6793,Arsenal,Everton,2.0,2.0,D,2009-2010,6793
6794,Birmingham,Man United,1.0,1.0,D,2009-2010,6794
6795,Man City,Blackburn,4.0,1.0,H,2009-2010,6795
6796,Chelsea,Sunderland,7.0,2.0,H,2009-2010,6796
6797,Everton,Man City,2.0,0.0,H,2009-2010,6797
6798,Man United,Burnley,3.0,0.0,H,2009-2010,6798
6799,Stoke,Liverpool,1.0,1.0,D,2009-2010,6799
6800,Tottenham,Hull,0.0,0.0,D,2009-2010,6800
6801,Wolves,Wigan,0.0,2.0,A,2009-2010,6801
6802,Aston Villa,West Ham,0.0,0.0,D,2009-2010,6802
6803,Blackburn,Fulham,2.0,0.0,H,2009-2010,6803
6804,Bolton,Arsenal,0.0,2.0,A,2009-2010,6804
6805,Arsenal,Bolton,4.0,2.0,H,2009-2010,6805
6806,Liverpool,Tottenham,2.0,0.0,H,2009-2010,6806
6807,Man United,Hull,4.0,0.0,H,2009-2010,6807
6808,Bolton,Burnley,1.0,0.0,H,2009-2010,6808
6809,Portsmouth,West Ham,1.0,1.0,D,2009-2010,6809
6810,Tottenham,Fulham,2.0,0.0,H,2009-2010,6810
6811,Wolves,Liverpool,0.0,0.0,D,2009-2010,6811
6812,Aston Villa,Arsenal,0.0,0.0,D,2009-2010,6812
6813,Blackburn,Wigan,2.0,1.0,H,2009-2010,6813
6814,Chelsea,Birmingham,3.0,0.0,H,2009-2010,6814
6815,Everton,Sunderland,2.0,0.0,H,2009-2010,6815
6816,Birmingham,Tottenham,1.0,1.0,D,2009-2010,6816
6817,Burnley,Chelsea,1.0,2.0,A,2009-2010,6817
6818,Fulham,Aston Villa,0.0,2.0,A,2009-2010,6818
6819,Hull,Wolves,2.0,2.0,D,2009-2010,6819
6820,Liverpool,Bolton,2.0,0.0,H,2009-2010,6820
6821,West Ham,Blackburn,0.0,0.0,D,2009-2010,6821
6822,Wigan,Everton,0.0,1.0,A,2009-2010,6822
6823,Arsenal,Man United,1.0,3.0,A,2009-2010,6823
6824,Man City,Portsmouth,2.0,0.0,H,2009-2010,6824
6825,Sunderland,Stoke,0.0,0.0,D,2009-2010,6825
6826,Hull,Chelsea,1.0,1.0,D,2009-2010,6826
6827,Fulham,Portsmouth,1.0,0.0,H,2009-2010,6827
6828,Bolton,Fulham,0.0,0.0,D,2009-2010,6828
6829,Burnley,West Ham,2.0,1.0,H,2009-2010,6829
6830,Hull,Man City,2.0,1.0,H,2009-2010,6830
6831,Liverpool,Everton,1.0,0.0,H,2009-2010,6831
6832,Man United,Portsmouth,5.0,0.0,H,2009-2010,6832
6833,Stoke,Blackburn,3.0,0.0,H,2009-2010,6833
6834,Sunderland,Wigan,1.0,1.0,D,2009-2010,6834
6835,Tottenham,Aston Villa,0.0,0.0,D,2009-2010,6835
6836,Birmingham,Wolves,2.0,1.0,H,2009-2010,6836
6837,Chelsea,Arsenal,2.0,0.0,H,2009-2010,6837
6838,Fulham,Burnley,3.0,0.0,H,2009-2010,6838
6839,Man City,Bolton,2.0,0.0,H,2009-2010,6839
6840,Portsmouth,Sunderland,1.0,1.0,D,2009-2010,6840
6841,Wigan,Stoke,1.0,1.0,D,2009-2010,6841
6842,Arsenal,Liverpool,1.0,0.0,H,2009-2010,6842
6843,Aston Villa,Man United,1.0,1.0,D,2009-2010,6843
6844,Blackburn,Hull,1.0,0.0,H,2009-2010,6844
6845,Everton,Chelsea,2.0,1.0,H,2009-2010,6845
6846,West Ham,Birmingham,2.0,0.0,H,2009-2010,6846
6847,Wolves,Tottenham,1.0,0.0,H,2009-2010,6847
6848,Stoke,Man City,1.0,1.0,D,2009-2010,6848
6849,Wigan,Bolton,0.0,0.0,D,2009-2010,6849
6850,Arsenal,Sunderland,2.0,0.0,H,2009-2010,6850
6851,Everton,Man United,3.0,1.0,H,2009-2010,6851
6852,Portsmouth,Stoke,1.0,2.0,A,2009-2010,6852
6853,West Ham,Hull,3.0,0.0,H,2009-2010,6853
6854,Wolves,Chelsea,0.0,2.0,A,2009-2010,6854
6855,Aston Villa,Burnley,5.0,2.0,H,2009-2010,6855
6856,Blackburn,Bolton,3.0,0.0,H,2009-2010,6856
6857,Fulham,Birmingham,2.0,1.0,H,2009-2010,6857
6858,Man City,Liverpool,0.0,0.0,D,2009-2010,6858
6859,Wigan,Tottenham,0.0,3.0,A,2009-2010,6859
6860,Man United,West Ham,3.0,0.0,H,2009-2010,6860
6861,Birmingham,Wigan,1.0,0.0,H,2009-2010,6861
6862,Bolton,Wolves,1.0,0.0,H,2009-2010,6862
6863,Burnley,Portsmouth,1.0,2.0,A,2009-2010,6863
6864,Chelsea,Man City,2.0,4.0,A,2009-2010,6864
6865,Stoke,Arsenal,1.0,3.0,A,2009-2010,6865
6866,Liverpool,Blackburn,2.0,1.0,H,2009-2010,6866
6867,Sunderland,Fulham,0.0,0.0,D,2009-2010,6867
6868,Tottenham,Everton,2.0,1.0,H,2009-2010,6868
6869,Arsenal,Burnley,3.0,1.0,H,2009-2010,6869
6870,West Ham,Bolton,1.0,2.0,A,2009-2010,6870
6871,Wolves,Man United,0.0,1.0,A,2009-2010,6871
6872,Everton,Hull,5.0,1.0,H,2009-2010,6872
6873,Wigan,Liverpool,1.0,0.0,H,2009-2010,6873
6874,Portsmouth,Birmingham,1.0,2.0,A,2009-2010,6874
6875,Sunderland,Bolton,4.0,0.0,H,2009-2010,6875
6876,Burnley,Stoke,1.0,1.0,D,2009-2010,6876
6877,Birmingham,Everton,2.0,2.0,D,2009-2010,6877
6878,Bolton,Wigan,4.0,0.0,H,2009-2010,6878
6879,Burnley,Wolves,1.0,2.0,A,2009-2010,6879
6880,Chelsea,West Ham,4.0,1.0,H,2009-2010,6880
6881,Hull,Arsenal,1.0,2.0,A,2009-2010,6881
6882,Stoke,Aston Villa,0.0,0.0,D,2009-2010,6882
6883,Tottenham,Blackburn,3.0,1.0,H,2009-2010,6883
6884,Man United,Fulham,3.0,0.0,H,2009-2010,6884
6885,Sunderland,Man City,1.0,1.0,D,2009-2010,6885
6886,Liverpool,Portsmouth,4.0,1.0,H,2009-2010,6886
6887,Wigan,Aston Villa,1.0,2.0,A,2009-2010,6887
6888,Arsenal,West Ham,2.0,0.0,H,2009-2010,6888
6889,Aston Villa,Wolves,2.0,2.0,D,2009-2010,6889
6890,Everton,Bolton,2.0,0.0,H,2009-2010,6890
6891,Portsmouth,Hull,3.0,2.0,H,2009-2010,6891
6892,Stoke,Tottenham,1.0,2.0,A,2009-2010,6892
6893,Sunderland,Birmingham,3.0,1.0,H,2009-2010,6893
6894,Wigan,Burnley,1.0,0.0,H,2009-2010,6894
6895,Blackburn,Chelsea,1.0,1.0,D,2009-2010,6895
6896,Fulham,Man City,1.0,2.0,A,2009-2010,6896
6897,Man United,Liverpool,2.0,1.0,H,2009-2010,6897
6898,West Ham,Wolves,1.0,3.0,A,2009-2010,6898
6899,Aston Villa,Sunderland,1.0,1.0,D,2009-2010,6899
6900,Blackburn,Birmingham,2.0,1.0,H,2009-2010,6900
6901,Man City,Everton,0.0,2.0,A,2009-2010,6901
6902,Portsmouth,Chelsea,0.0,5.0,A,2009-2010,6902
6903,Birmingham,Arsenal,1.0,1.0,D,2009-2010,6903
6904,Bolton,Man United,0.0,4.0,A,2009-2010,6904
6905,Chelsea,Aston Villa,7.0,1.0,H,2009-2010,6905
6906,Hull,Fulham,2.0,0.0,H,2009-2010,6906
6907,Tottenham,Portsmouth,2.0,0.0,H,2009-2010,6907
6908,West Ham,Stoke,0.0,1.0,A,2009-2010,6908
6909,Wolves,Everton,0.0,0.0,D,2009-2010,6909
6910,Burnley,Blackburn,0.0,1.0,A,2009-2010,6910
6911,Liverpool,Sunderland,3.0,0.0,H,2009-2010,6911
6912,Man City,Wigan,3.0,0.0,H,2009-2010,6912
6913,Arsenal,Wolves,1.0,0.0,H,2009-2010,6913
6914,Bolton,Aston Villa,0.0,1.0,A,2009-2010,6914
6915,Burnley,Man City,1.0,6.0,A,2009-2010,6915
6916,Man United,Chelsea,1.0,2.0,A,2009-2010,6916
6917,Portsmouth,Blackburn,0.0,0.0,D,2009-2010,6917
6918,Stoke,Hull,2.0,0.0,H,2009-2010,6918
6919,Sunderland,Tottenham,3.0,1.0,H,2009-2010,6919
6920,Birmingham,Liverpool,1.0,1.0,D,2009-2010,6920
6921,Everton,West Ham,2.0,2.0,D,2009-2010,6921
6922,Fulham,Wigan,2.0,1.0,H,2009-2010,6922
6923,Hull,Burnley,1.0,4.0,A,2009-2010,6923
6924,West Ham,Sunderland,1.0,0.0,H,2009-2010,6924
6925,Blackburn,Man United,0.0,0.0,D,2009-2010,6925
6926,Liverpool,Fulham,0.0,0.0,D,2009-2010,6926
6927,Man City,Birmingham,5.0,1.0,H,2009-2010,6927
6928,Wolves,Stoke,0.0,0.0,D,2009-2010,6928
6929,Chelsea,Bolton,1.0,0.0,H,2009-2010,6929
6930,Aston Villa,Everton,2.0,2.0,D,2009-2010,6930
6931,Tottenham,Arsenal,2.0,1.0,H,2009-2010,6931
6932,Wigan,Portsmouth,0.0,0.0,D,2009-2010,6932
6933,Birmingham,Hull,0.0,0.0,D,2009-2010,6933
6934,Blackburn,Everton,2.0,3.0,A,2009-2010,6934
6935,Fulham,Wolves,0.0,0.0,D,2009-2010,6935
6936,Man City,Man United,0.0,1.0,A,2009-2010,6936
6937,Stoke,Bolton,1.0,2.0,A,2009-2010,6937
6938,Sunderland,Burnley,2.0,1.0,H,2009-2010,6938
6939,Tottenham,Chelsea,2.0,1.0,H,2009-2010,6939
6940,Portsmouth,Aston Villa,1.0,2.0,A,2009-2010,6940
6941,Wigan,Arsenal,3.0,2.0,H,2009-2010,6941
6942,Liverpool,West Ham,3.0,0.0,H,2009-2010,6942
6943,Hull,Aston Villa,0.0,2.0,A,2009-2010,6943
6944,Arsenal,Man City,0.0,0.0,D,2009-2010,6944
6945,Bolton,Portsmouth,2.0,2.0,D,2009-2010,6945
6946,Hull,Sunderland,0.0,1.0,A,2009-2010,6946
6947,Man United,Tottenham,3.0,1.0,H,2009-2010,6947
6948,West Ham,Wigan,3.0,2.0,H,2009-2010,6948
6949,Wolves,Blackburn,1.0,1.0,D,2009-2010,6949
6950,Aston Villa,Birmingham,1.0,0.0,H,2009-2010,6950
6951,Burnley,Liverpool,0.0,4.0,A,2009-2010,6951
6952,Chelsea,Stoke,7.0,0.0,H,2009-2010,6952
6953,Everton,Fulham,2.0,1.0,H,2009-2010,6953
6954,Birmingham,Burnley,2.0,1.0,H,2009-2010,6954
6955,Man City,Aston Villa,3.0,1.0,H,2009-2010,6955
6956,Portsmouth,Wolves,3.0,1.0,H,2009-2010,6956
6957,Stoke,Everton,0.0,0.0,D,2009-2010,6957
6958,Tottenham,Bolton,1.0,0.0,H,2009-2010,6958
6959,Fulham,West Ham,3.0,2.0,H,2009-2010,6959
6960,Liverpool,Chelsea,0.0,2.0,A,2009-2010,6960
6961,Sunderland,Man United,0.0,1.0,A,2009-2010,6961
6962,Blackburn,Arsenal,2.0,1.0,H,2009-2010,6962
6963,Wigan,Hull,2.0,2.0,D,2009-2010,6963
6964,Fulham,Stoke,0.0,1.0,A,2009-2010,6964
6965,Man City,Tottenham,0.0,1.0,A,2009-2010,6965
6966,Arsenal,Fulham,4.0,0.0,H,2009-2010,6966
6967,Aston Villa,Blackburn,0.0,1.0,A,2009-2010,6967
6968,Bolton,Birmingham,2.0,1.0,H,2009-2010,6968
6969,Burnley,Tottenham,4.0,2.0,H,2009-2010,6969
6970,Chelsea,Wigan,8.0,0.0,H,2009-2010,6970
6971,Everton,Portsmouth,1.0,0.0,H,2009-2010,6971
6972,Hull,Liverpool,0.0,0.0,D,2009-2010,6972
6973,Man United,Stoke,4.0,0.0,H,2009-2010,6973
6974,West Ham,Man City,1.0,1.0,D,2009-2010,6974
6975,Wolves,Sunderland,2.0,1.0,H,2009-2010,6975
6976,Aston Villa,West Ham,3.0,0.0,H,2010-2011,6976
6977,Blackburn,Everton,1.0,0.0,H,2010-2011,6977
6978,Bolton,Fulham,0.0,0.0,D,2010-2011,6978
6979,Chelsea,West Brom,6.0,0.0,H,2010-2011,6979
6980,Sunderland,Birmingham,2.0,2.0,D,2010-2011,6980
6981,Tottenham,Man City,0.0,0.0,D,2010-2011,6981
6982,Wigan,Blackpool,0.0,4.0,A,2010-2011,6982
6983,Wolves,Stoke,2.0,1.0,H,2010-2011,6983
6984,Liverpool,Arsenal,1.0,1.0,D,2010-2011,6984
6985,Man United,Newcastle,3.0,0.0,H,2010-2011,6985
6986,Arsenal,Blackpool,6.0,0.0,H,2010-2011,6986
6987,Birmingham,Blackburn,2.0,1.0,H,2010-2011,6987
6988,Everton,Wolves,1.0,1.0,D,2010-2011,6988
6989,Stoke,Tottenham,1.0,2.0,A,2010-2011,6989
6990,West Brom,Sunderland,1.0,0.0,H,2010-2011,6990
6991,West Ham,Bolton,1.0,3.0,A,2010-2011,6991
6992,Wigan,Chelsea,0.0,6.0,A,2010-2011,6992
6993,Fulham,Man United,2.0,2.0,D,2010-2011,6993
6994,Newcastle,Aston Villa,6.0,0.0,H,2010-2011,6994
6995,Man City,Liverpool,3.0,0.0,H,2010-2011,6995
6996,Blackburn,Arsenal,1.0,2.0,A,2010-2011,6996
6997,Blackpool,Fulham,2.0,2.0,D,2010-2011,6997
6998,Chelsea,Stoke,2.0,0.0,H,2010-2011,6998
6999,Man United,West Ham,3.0,0.0,H,2010-2011,6999
7000,Tottenham,Wigan,0.0,1.0,A,2010-2011,7000
7001,Wolves,Newcastle,1.0,1.0,D,2010-2011,7001
7002,Aston Villa,Everton,1.0,0.0,H,2010-2011,7002
7003,Bolton,Birmingham,2.0,2.0,D,2010-2011,7003
7004,Liverpool,West Brom,1.0,0.0,H,2010-2011,7004
7005,Sunderland,Man City,1.0,0.0,H,2010-2011,7005
7006,Arsenal,Bolton,4.0,1.0,H,2010-2011,7006
7007,Everton,Man United,3.0,3.0,D,2010-2011,7007
7008,Fulham,Wolves,2.0,1.0,H,2010-2011,7008
7009,Man City,Blackburn,1.0,1.0,D,2010-2011,7009
7010,Newcastle,Blackpool,0.0,2.0,A,2010-2011,7010
7011,West Brom,Tottenham,1.0,1.0,D,2010-2011,7011
7012,West Ham,Chelsea,1.0,3.0,A,2010-2011,7012
7013,Wigan,Sunderland,1.0,1.0,D,2010-2011,7013
7014,Birmingham,Liverpool,0.0,0.0,D,2010-2011,7014
7015,Stoke,Aston Villa,2.0,1.0,H,2010-2011,7015
7016,Aston Villa,Bolton,1.0,1.0,D,2010-2011,7016
7017,Blackburn,Fulham,1.0,1.0,D,2010-2011,7017
7018,Everton,Newcastle,0.0,1.0,A,2010-2011,7018
7019,Stoke,West Ham,1.0,1.0,D,2010-2011,7019
7020,Sunderland,Arsenal,1.0,1.0,D,2010-2011,7020
7021,Tottenham,Wolves,3.0,1.0,H,2010-2011,7021
7022,West Brom,Birmingham,3.0,1.0,H,2010-2011,7022
7023,Chelsea,Blackpool,4.0,0.0,H,2010-2011,7023
7024,Man United,Liverpool,3.0,2.0,H,2010-2011,7024
7025,Wigan,Man City,0.0,2.0,A,2010-2011,7025
7026,Arsenal,West Brom,2.0,3.0,A,2010-2011,7026
7027,Birmingham,Wigan,0.0,0.0,D,2010-2011,7027
7028,Blackpool,Blackburn,1.0,2.0,A,2010-2011,7028
7029,Fulham,Everton,0.0,0.0,D,2010-2011,7029
7030,Liverpool,Sunderland,2.0,2.0,D,2010-2011,7030
7031,Man City,Chelsea,1.0,0.0,H,2010-2011,7031
7032,West Ham,Tottenham,1.0,0.0,H,2010-2011,7032
7033,Bolton,Man United,2.0,2.0,D,2010-2011,7033
7034,Newcastle,Stoke,1.0,2.0,A,2010-2011,7034
7035,Wolves,Aston Villa,1.0,2.0,A,2010-2011,7035
7036,Birmingham,Everton,0.0,2.0,A,2010-2011,7036
7037,Stoke,Blackburn,1.0,0.0,H,2010-2011,7037
7038,Sunderland,Man United,0.0,0.0,D,2010-2011,7038
7039,Tottenham,Aston Villa,2.0,1.0,H,2010-2011,7039
7040,West Brom,Bolton,1.0,1.0,D,2010-2011,7040
7041,West Ham,Fulham,1.0,1.0,D,2010-2011,7041
7042,Wigan,Wolves,2.0,0.0,H,2010-2011,7042
7043,Chelsea,Arsenal,2.0,0.0,H,2010-2011,7043
7044,Liverpool,Blackpool,1.0,2.0,A,2010-2011,7044
7045,Man City,Newcastle,2.0,1.0,H,2010-2011,7045
7046,Arsenal,Birmingham,2.0,1.0,H,2010-2011,7046
7047,Aston Villa,Chelsea,0.0,0.0,D,2010-2011,7047
7048,Bolton,Stoke,2.0,1.0,H,2010-2011,7048
7049,Fulham,Tottenham,1.0,2.0,A,2010-2011,7049
7050,Man United,West Brom,2.0,2.0,D,2010-2011,7050
7051,Newcastle,Wigan,2.0,2.0,D,2010-2011,7051
7052,Wolves,West Ham,1.0,1.0,D,2010-2011,7052
7053,Blackpool,Man City,2.0,3.0,A,2010-2011,7053
7054,Everton,Liverpool,2.0,0.0,H,2010-2011,7054
7055,Blackburn,Sunderland,0.0,0.0,D,2010-2011,7055
7056,Birmingham,Blackpool,2.0,0.0,H,2010-2011,7056
7057,Chelsea,Wolves,2.0,0.0,H,2010-2011,7057
7058,Sunderland,Aston Villa,1.0,0.0,H,2010-2011,7058
7059,Tottenham,Everton,1.0,1.0,D,2010-2011,7059
7060,West Brom,Fulham,2.0,1.0,H,2010-2011,7060
7061,West Ham,Newcastle,1.0,2.0,A,2010-2011,7061
7062,Wigan,Bolton,1.0,1.0,D,2010-2011,7062
7063,Liverpool,Blackburn,2.0,1.0,H,2010-2011,7063
7064,Man City,Arsenal,0.0,3.0,A,2010-2011,7064
7065,Stoke,Man United,1.0,2.0,A,2010-2011,7065
7066,Arsenal,West Ham,1.0,0.0,H,2010-2011,7066
7067,Blackburn,Chelsea,1.0,2.0,A,2010-2011,7067
7068,Everton,Stoke,1.0,0.0,H,2010-2011,7068
7069,Fulham,Wigan,2.0,0.0,H,2010-2011,7069
7070,Man United,Tottenham,2.0,0.0,H,2010-2011,7070
7071,Wolves,Man City,2.0,1.0,H,2010-2011,7071
7072,Aston Villa,Birmingham,0.0,0.0,D,2010-2011,7072
7073,Bolton,Liverpool,0.0,1.0,A,2010-2011,7073
7074,Newcastle,Sunderland,5.0,1.0,H,2010-2011,7074
7075,Blackpool,West Brom,2.0,1.0,H,2010-2011,7075
7076,Birmingham,West Ham,2.0,2.0,D,2010-2011,7076
7077,Blackburn,Wigan,2.0,1.0,H,2010-2011,7077
7078,Blackpool,Everton,2.0,2.0,D,2010-2011,7078
7079,Bolton,Tottenham,4.0,2.0,H,2010-2011,7079
7080,Fulham,Aston Villa,1.0,1.0,D,2010-2011,7080
7081,Man United,Wolves,2.0,1.0,H,2010-2011,7081
7082,Sunderland,Stoke,2.0,0.0,H,2010-2011,7082
7083,Arsenal,Newcastle,0.0,1.0,A,2010-2011,7083
7084,Liverpool,Chelsea,2.0,0.0,H,2010-2011,7084
7085,West Brom,Man City,0.0,2.0,A,2010-2011,7085
7086,Stoke,Birmingham,3.0,2.0,H,2010-2011,7086
7087,Tottenham,Sunderland,1.0,1.0,D,2010-2011,7087
7088,Aston Villa,Blackpool,3.0,2.0,H,2010-2011,7088
7089,Chelsea,Fulham,1.0,0.0,H,2010-2011,7089
7090,Everton,Bolton,1.0,1.0,D,2010-2011,7090
7091,Man City,Man United,0.0,0.0,D,2010-2011,7091
7092,Newcastle,Blackburn,1.0,2.0,A,2010-2011,7092
7093,West Ham,West Brom,2.0,2.0,D,2010-2011,7093
7094,Wigan,Liverpool,1.0,1.0,D,2010-2011,7094
7095,Wolves,Arsenal,0.0,2.0,A,2010-2011,7095
7096,Aston Villa,Man United,2.0,2.0,D,2010-2011,7096
7097,Man City,Birmingham,0.0,0.0,D,2010-2011,7097
7098,Newcastle,Fulham,0.0,0.0,D,2010-2011,7098
7099,Stoke,Liverpool,2.0,0.0,H,2010-2011,7099
7100,Tottenham,Blackburn,4.0,2.0,H,2010-2011,7100
7101,West Ham,Blackpool,0.0,0.0,D,2010-2011,7101
7102,Wigan,West Brom,1.0,0.0,H,2010-2011,7102
7103,Wolves,Bolton,2.0,3.0,A,2010-2011,7103
7104,Chelsea,Sunderland,0.0,3.0,A,2010-2011,7104
7105,Everton,Arsenal,1.0,2.0,A,2010-2011,7105
7106,Arsenal,Tottenham,2.0,3.0,A,2010-2011,7106
7107,Birmingham,Chelsea,1.0,0.0,H,2010-2011,7107
7108,Blackpool,Wolves,2.0,1.0,H,2010-2011,7108
7109,Bolton,Newcastle,5.0,1.0,H,2010-2011,7109
7110,Liverpool,West Ham,3.0,0.0,H,2010-2011,7110
7111,Man United,Wigan,2.0,0.0,H,2010-2011,7111
7112,West Brom,Stoke,0.0,3.0,A,2010-2011,7112
7113,Blackburn,Aston Villa,2.0,0.0,H,2010-2011,7113
7114,Fulham,Man City,1.0,4.0,A,2010-2011,7114
7115,Sunderland,Everton,2.0,2.0,D,2010-2011,7115
7116,Aston Villa,Arsenal,2.0,4.0,A,2010-2011,7116
7117,Bolton,Blackpool,2.0,2.0,D,2010-2011,7117
7118,Everton,West Brom,1.0,4.0,A,2010-2011,7118
7119,Fulham,Birmingham,1.0,1.0,D,2010-2011,7119
7120,Man United,Blackburn,7.0,1.0,H,2010-2011,7120
7121,Stoke,Man City,1.0,1.0,D,2010-2011,7121
7122,West Ham,Wigan,3.0,1.0,H,2010-2011,7122
7123,Wolves,Sunderland,3.0,2.0,H,2010-2011,7123
7124,Newcastle,Chelsea,1.0,1.0,D,2010-2011,7124
7125,Tottenham,Liverpool,2.0,1.0,H,2010-2011,7125
7126,Arsenal,Fulham,2.0,1.0,H,2010-2011,7126
7127,Birmingham,Tottenham,1.0,1.0,D,2010-2011,7127
7128,Blackburn,Wolves,3.0,0.0,H,2010-2011,7128
7129,Chelsea,Everton,1.0,1.0,D,2010-2011,7129
7130,Man City,Bolton,1.0,0.0,H,2010-2011,7130
7131,Wigan,Stoke,2.0,2.0,D,2010-2011,7131
7132,Sunderland,West Ham,1.0,0.0,H,2010-2011,7132
7133,West Brom,Newcastle,3.0,1.0,H,2010-2011,7133
7134,Liverpool,Aston Villa,3.0,0.0,H,2010-2011,7134
7135,Aston Villa,West Brom,2.0,1.0,H,2010-2011,7135
7136,Everton,Wigan,0.0,0.0,D,2010-2011,7136
7137,Fulham,Sunderland,0.0,0.0,D,2010-2011,7137
7138,Newcastle,Liverpool,3.0,1.0,H,2010-2011,7138
7139,Stoke,Blackpool,0.0,1.0,A,2010-2011,7139
7140,West Ham,Man City,1.0,3.0,A,2010-2011,7140
7141,Bolton,Blackburn,2.0,1.0,H,2010-2011,7141
7142,Tottenham,Chelsea,1.0,1.0,D,2010-2011,7142
7143,Wolves,Birmingham,1.0,0.0,H,2010-2011,7143
7144,Man United,Arsenal,1.0,0.0,H,2010-2011,7144
7145,Blackburn,West Ham,1.0,1.0,D,2010-2011,7145
7146,Sunderland,Bolton,1.0,0.0,H,2010-2011,7146
7147,Man City,Everton,1.0,2.0,A,2010-2011,7147
7148,Aston Villa,Tottenham,1.0,2.0,A,2010-2011,7148
7149,Blackburn,Stoke,0.0,2.0,A,2010-2011,7149
7150,Bolton,West Brom,2.0,0.0,H,2010-2011,7150
7151,Fulham,West Ham,1.0,3.0,A,2010-2011,7151
7152,Man United,Sunderland,2.0,0.0,H,2010-2011,7152
7153,Newcastle,Man City,1.0,3.0,A,2010-2011,7153
7154,Wolves,Wigan,1.0,2.0,A,2010-2011,7154
7155,Arsenal,Chelsea,3.0,1.0,H,2010-2011,7155
7156,Birmingham,Man United,1.0,1.0,D,2010-2011,7156
7157,Man City,Aston Villa,4.0,0.0,H,2010-2011,7157
7158,Stoke,Fulham,0.0,2.0,A,2010-2011,7158
7159,Sunderland,Blackpool,0.0,2.0,A,2010-2011,7159
7160,Tottenham,Newcastle,2.0,0.0,H,2010-2011,7160
7161,West Brom,Blackburn,1.0,3.0,A,2010-2011,7161
7162,West Ham,Everton,1.0,1.0,D,2010-2011,7162
7163,Chelsea,Bolton,1.0,0.0,H,2010-2011,7163
7164,Liverpool,Wolves,0.0,1.0,A,2010-2011,7164
7165,Wigan,Arsenal,2.0,2.0,D,2010-2011,7165
7166,Birmingham,Arsenal,0.0,3.0,A,2010-2011,7166
7167,Liverpool,Bolton,2.0,1.0,H,2010-2011,7167
7168,Man City,Blackpool,1.0,0.0,H,2010-2011,7168
7169,Stoke,Everton,2.0,0.0,H,2010-2011,7169
7170,Sunderland,Blackburn,3.0,0.0,H,2010-2011,7170
7171,Tottenham,Fulham,1.0,0.0,H,2010-2011,7171
7172,West Brom,Man United,1.0,2.0,A,2010-2011,7172
7173,West Ham,Wolves,2.0,0.0,H,2010-2011,7173
7174,Chelsea,Aston Villa,3.0,3.0,D,2010-2011,7174
7175,Wigan,Newcastle,0.0,1.0,A,2010-2011,7175
7176,Blackpool,Birmingham,1.0,2.0,A,2010-2011,7176
7177,Fulham,West Brom,3.0,0.0,H,2010-2011,7177
7178,Man United,Stoke,2.0,1.0,H,2010-2011,7178
7179,Arsenal,Man City,0.0,0.0,D,2010-2011,7179
7180,Aston Villa,Sunderland,0.0,1.0,A,2010-2011,7180
7181,Blackburn,Liverpool,3.0,1.0,H,2010-2011,7181
7182,Bolton,Wigan,1.0,1.0,D,2010-2011,7182
7183,Everton,Tottenham,2.0,1.0,H,2010-2011,7183
7184,Newcastle,West Ham,5.0,0.0,H,2010-2011,7184
7185,Wolves,Chelsea,1.0,0.0,H,2010-2011,7185
7186,Blackpool,Liverpool,2.0,1.0,H,2010-2011,7186
7187,Chelsea,Blackburn,2.0,0.0,H,2010-2011,7187
7188,Man City,Wolves,4.0,3.0,H,2010-2011,7188
7189,Stoke,Bolton,2.0,0.0,H,2010-2011,7189
7190,West Brom,Blackpool,3.0,2.0,H,2010-2011,7190
7191,West Ham,Arsenal,0.0,3.0,A,2010-2011,7191
7192,Wigan,Fulham,1.0,1.0,D,2010-2011,7192
7193,Birmingham,Aston Villa,1.0,1.0,D,2010-2011,7193
7194,Liverpool,Everton,2.0,2.0,D,2010-2011,7194
7195,Sunderland,Newcastle,1.0,1.0,D,2010-2011,7195
7196,Tottenham,Man United,0.0,0.0,D,2010-2011,7196
7197,Arsenal,Wigan,3.0,0.0,H,2010-2011,7197
7198,Aston Villa,Man City,1.0,0.0,H,2010-2011,7198
7199,Blackpool,Sunderland,1.0,2.0,A,2010-2011,7199
7200,Everton,West Ham,2.0,2.0,D,2010-2011,7200
7201,Fulham,Stoke,2.0,0.0,H,2010-2011,7201
7202,Man United,Birmingham,5.0,0.0,H,2010-2011,7202
7203,Newcastle,Tottenham,1.0,1.0,D,2010-2011,7203
7204,Wolves,Liverpool,0.0,3.0,A,2010-2011,7204
7205,Blackburn,West Brom,2.0,0.0,H,2010-2011,7205
7206,Bolton,Chelsea,0.0,4.0,A,2010-2011,7206
7207,Blackpool,Man United,2.0,3.0,A,2010-2011,7207
7208,Wigan,Aston Villa,1.0,2.0,A,2010-2011,7208
7209,Liverpool,Fulham,1.0,0.0,H,2010-2011,7209
7210,Arsenal,Everton,2.0,1.0,H,2010-2011,7210
7211,Man United,Aston Villa,3.0,1.0,H,2010-2011,7211
7212,Sunderland,Chelsea,2.0,4.0,A,2010-2011,7212
7213,West Brom,Wigan,2.0,2.0,D,2010-2011,7213
7214,Birmingham,Man City,2.0,2.0,D,2010-2011,7214
7215,Blackburn,Tottenham,0.0,1.0,A,2010-2011,7215
7216,Blackpool,West Ham,1.0,3.0,A,2010-2011,7216
7217,Bolton,Wolves,1.0,0.0,H,2010-2011,7217
7218,Fulham,Newcastle,1.0,0.0,H,2010-2011,7218
7219,Liverpool,Stoke,2.0,0.0,H,2010-2011,7219
7220,Aston Villa,Fulham,2.0,2.0,D,2010-2011,7220
7221,Everton,Blackpool,5.0,3.0,H,2010-2011,7221
7222,Man City,West Brom,3.0,0.0,H,2010-2011,7222
7223,Newcastle,Arsenal,4.0,4.0,D,2010-2011,7223
7224,Stoke,Sunderland,3.0,2.0,H,2010-2011,7224
7225,Tottenham,Bolton,2.0,1.0,H,2010-2011,7225
7226,Wigan,Blackburn,4.0,3.0,H,2010-2011,7226
7227,Wolves,Man United,2.0,1.0,H,2010-2011,7227
7228,Chelsea,Liverpool,0.0,1.0,A,2010-2011,7228
7229,West Ham,Birmingham,0.0,1.0,A,2010-2011,7229
7230,Arsenal,Wolves,2.0,0.0,H,2010-2011,7230
7231,Birmingham,Stoke,1.0,0.0,H,2010-2011,7231
7232,Blackburn,Newcastle,0.0,0.0,D,2010-2011,7232
7233,Blackpool,Aston Villa,1.0,1.0,D,2010-2011,7233
7234,Liverpool,Wigan,1.0,1.0,D,2010-2011,7234
7235,Man United,Man City,2.0,1.0,H,2010-2011,7235
7236,Sunderland,Tottenham,1.0,2.0,A,2010-2011,7236
7237,West Brom,West Ham,3.0,3.0,D,2010-2011,7237
7238,Bolton,Everton,2.0,0.0,H,2010-2011,7238
7239,Fulham,Chelsea,0.0,0.0,D,2010-2011,7239
7240,Birmingham,Newcastle,0.0,2.0,A,2010-2011,7240
7241,West Brom,Wolves,1.0,1.0,D,2010-2011,7241
7242,Blackpool,Tottenham,3.0,1.0,H,2010-2011,7242
7243,Arsenal,Stoke,1.0,0.0,H,2010-2011,7243
7244,Aston Villa,Blackburn,4.0,1.0,H,2010-2011,7244
7245,Everton,Sunderland,2.0,0.0,H,2010-2011,7245
7246,Newcastle,Bolton,1.0,1.0,D,2010-2011,7246
7247,Wigan,Man United,0.0,4.0,A,2010-2011,7247
7248,Wolves,Blackpool,4.0,0.0,H,2010-2011,7248
7249,Man City,Fulham,1.0,1.0,D,2010-2011,7249
7250,West Ham,Liverpool,3.0,1.0,H,2010-2011,7250
7251,Stoke,West Brom,1.0,1.0,D,2010-2011,7251
7252,Chelsea,Man United,2.0,1.0,H,2010-2011,7252
7253,Arsenal,Sunderland,0.0,0.0,D,2010-2011,7253
7254,Birmingham,West Brom,1.0,3.0,A,2010-2011,7254
7255,Bolton,Aston Villa,3.0,2.0,H,2010-2011,7255
7256,Fulham,Blackburn,3.0,2.0,H,2010-2011,7256
7257,Man City,Wigan,1.0,0.0,H,2010-2011,7257
7258,Newcastle,Everton,1.0,2.0,A,2010-2011,7258
7259,West Ham,Stoke,3.0,0.0,H,2010-2011,7259
7260,Liverpool,Man United,3.0,1.0,H,2010-2011,7260
7261,Wolves,Tottenham,3.0,3.0,D,2010-2011,7261
7262,Blackpool,Chelsea,1.0,3.0,A,2010-2011,7262
7263,Everton,Birmingham,1.0,1.0,D,2010-2011,7263
7264,Aston Villa,Wolves,0.0,1.0,A,2010-2011,7264
7265,Blackburn,Blackpool,2.0,2.0,D,2010-2011,7265
7266,Everton,Fulham,2.0,1.0,H,2010-2011,7266
7267,Man United,Bolton,1.0,0.0,H,2010-2011,7267
7268,Stoke,Newcastle,4.0,0.0,H,2010-2011,7268
7269,Tottenham,West Ham,0.0,0.0,D,2010-2011,7269
7270,West Brom,Arsenal,2.0,2.0,D,2010-2011,7270
7271,Wigan,Birmingham,2.0,1.0,H,2010-2011,7271
7272,Chelsea,Man City,2.0,0.0,H,2010-2011,7272
7273,Sunderland,Liverpool,0.0,2.0,A,2010-2011,7273
7274,Arsenal,Blackburn,0.0,0.0,D,2010-2011,7274
7275,Birmingham,Bolton,2.0,1.0,H,2010-2011,7275
7276,Everton,Aston Villa,2.0,2.0,D,2010-2011,7276
7277,Newcastle,Wolves,4.0,1.0,H,2010-2011,7277
7278,Stoke,Chelsea,1.0,1.0,D,2010-2011,7278
7279,West Brom,Liverpool,2.0,1.0,H,2010-2011,7279
7280,West Ham,Man United,2.0,4.0,A,2010-2011,7280
7281,Wigan,Tottenham,0.0,0.0,D,2010-2011,7281
7282,Fulham,Blackpool,3.0,0.0,H,2010-2011,7282
7283,Man City,Sunderland,5.0,0.0,H,2010-2011,7283
7284,Blackburn,Birmingham,1.0,1.0,D,2010-2011,7284
7285,Bolton,West Ham,3.0,0.0,H,2010-2011,7285
7286,Chelsea,Wigan,1.0,0.0,H,2010-2011,7286
7287,Man United,Fulham,2.0,0.0,H,2010-2011,7287
7288,Sunderland,West Brom,2.0,3.0,A,2010-2011,7288
7289,Tottenham,Stoke,3.0,2.0,H,2010-2011,7289
7290,Wolves,Everton,0.0,3.0,A,2010-2011,7290
7291,Aston Villa,Newcastle,1.0,0.0,H,2010-2011,7291
7292,Blackpool,Arsenal,1.0,3.0,A,2010-2011,7292
7293,Liverpool,Man City,3.0,0.0,H,2010-2011,7293
7294,Birmingham,Sunderland,2.0,0.0,H,2010-2011,7294
7295,Blackpool,Wigan,1.0,3.0,A,2010-2011,7295
7296,Everton,Blackburn,2.0,0.0,H,2010-2011,7296
7297,West Brom,Chelsea,1.0,3.0,A,2010-2011,7297
7298,West Ham,Aston Villa,1.0,2.0,A,2010-2011,7298
7299,Arsenal,Liverpool,1.0,1.0,D,2010-2011,7299
7300,Newcastle,Man United,0.0,0.0,D,2010-2011,7300
7301,Chelsea,Birmingham,3.0,1.0,H,2010-2011,7301
7302,Tottenham,Arsenal,3.0,3.0,D,2010-2011,7302
7303,Aston Villa,Stoke,1.0,1.0,D,2010-2011,7303
7304,Blackpool,Newcastle,1.0,1.0,D,2010-2011,7304
7305,Chelsea,West Ham,3.0,0.0,H,2010-2011,7305
7306,Liverpool,Birmingham,5.0,0.0,H,2010-2011,7306
7307,Man United,Everton,1.0,0.0,H,2010-2011,7307
7308,Sunderland,Wigan,4.0,2.0,H,2010-2011,7308
7309,Tottenham,West Brom,2.0,2.0,D,2010-2011,7309
7310,Wolves,Fulham,1.0,1.0,D,2010-2011,7310
7311,Bolton,Arsenal,2.0,1.0,H,2010-2011,7311
7312,Blackburn,Man City,0.0,1.0,A,2010-2011,7312
7313,Stoke,Wolves,3.0,0.0,H,2010-2011,7313
7314,Fulham,Bolton,3.0,0.0,H,2010-2011,7314
7315,Blackburn,Bolton,1.0,0.0,H,2010-2011,7315
7316,Blackpool,Stoke,0.0,0.0,D,2010-2011,7316
7317,Chelsea,Tottenham,2.0,1.0,H,2010-2011,7317
7318,Sunderland,Fulham,0.0,3.0,A,2010-2011,7318
7319,West Brom,Aston Villa,2.0,1.0,H,2010-2011,7319
7320,Wigan,Everton,1.0,1.0,D,2010-2011,7320
7321,Arsenal,Man United,1.0,0.0,H,2010-2011,7321
7322,Birmingham,Wolves,1.0,1.0,D,2010-2011,7322
7323,Liverpool,Newcastle,3.0,0.0,H,2010-2011,7323
7324,Man City,West Ham,2.0,1.0,H,2010-2011,7324
7325,Aston Villa,Wigan,1.0,1.0,D,2010-2011,7325
7326,Bolton,Sunderland,1.0,2.0,A,2010-2011,7326
7327,Everton,Man City,2.0,1.0,H,2010-2011,7327
7328,Newcastle,Birmingham,2.0,1.0,H,2010-2011,7328
7329,Tottenham,Blackpool,1.0,1.0,D,2010-2011,7329
7330,West Ham,Blackburn,1.0,1.0,D,2010-2011,7330
7331,Man United,Chelsea,2.0,1.0,H,2010-2011,7331
7332,Stoke,Arsenal,3.0,1.0,H,2010-2011,7332
7333,Wolves,West Brom,3.0,1.0,H,2010-2011,7333
7334,Fulham,Liverpool,2.0,5.0,A,2010-2011,7334
7335,Man City,Tottenham,1.0,0.0,H,2010-2011,7335
7336,Blackburn,Man United,1.0,1.0,D,2010-2011,7336
7337,Blackpool,Bolton,4.0,3.0,H,2010-2011,7337
7338,Sunderland,Wolves,1.0,3.0,A,2010-2011,7338
7339,West Brom,Everton,1.0,0.0,H,2010-2011,7339
7340,Arsenal,Aston Villa,1.0,2.0,A,2010-2011,7340
7341,Birmingham,Fulham,0.0,2.0,A,2010-2011,7341
7342,Chelsea,Newcastle,2.0,2.0,D,2010-2011,7342
7343,Liverpool,Tottenham,0.0,2.0,A,2010-2011,7343
7344,Wigan,West Ham,3.0,2.0,H,2010-2011,7344
7345,Man City,Stoke,3.0,0.0,H,2010-2011,7345
7346,Aston Villa,Liverpool,1.0,0.0,H,2010-2011,7346
7347,Bolton,Man City,0.0,2.0,A,2010-2011,7347
7348,Everton,Chelsea,1.0,0.0,H,2010-2011,7348
7349,Fulham,Arsenal,2.0,2.0,D,2010-2011,7349
7350,Man United,Blackpool,4.0,2.0,H,2010-2011,7350
7351,Newcastle,West Brom,3.0,3.0,D,2010-2011,7351
7352,Stoke,Wigan,0.0,1.0,A,2010-2011,7352
7353,Tottenham,Birmingham,2.0,1.0,H,2010-2011,7353
7354,West Ham,Sunderland,0.0,3.0,A,2010-2011,7354
7355,Wolves,Blackburn,2.0,3.0,A,2010-2011,7355
7356,Blackburn,Wolves,1.0,2.0,A,2011-2012,7356
7357,Fulham,Aston Villa,0.0,0.0,D,2011-2012,7357
7358,Liverpool,Sunderland,1.0,1.0,D,2011-2012,7358
7359,Newcastle,Arsenal,0.0,0.0,D,2011-2012,7359
7360,QPR,Bolton,0.0,4.0,A,2011-2012,7360
7361,Wigan,Norwich,1.0,1.0,D,2011-2012,7361
7362,Stoke,Chelsea,0.0,0.0,D,2011-2012,7362
7363,West Brom,Man United,1.0,2.0,A,2011-2012,7363
7364,Man City,Swansea,4.0,0.0,H,2011-2012,7364
7365,Arsenal,Liverpool,0.0,2.0,A,2011-2012,7365
7366,Aston Villa,Blackburn,3.0,1.0,H,2011-2012,7366
7367,Chelsea,West Brom,2.0,1.0,H,2011-2012,7367
7368,Everton,QPR,0.0,1.0,A,2011-2012,7368
7369,Sunderland,Newcastle,0.0,1.0,A,2011-2012,7369
7370,Swansea,Wigan,0.0,0.0,D,2011-2012,7370
7371,Bolton,Man City,2.0,3.0,A,2011-2012,7371
7372,Norwich,Stoke,1.0,1.0,D,2011-2012,7372
7373,Wolves,Fulham,2.0,0.0,H,2011-2012,7373
7374,Man United,Tottenham,3.0,0.0,H,2011-2012,7374
7375,Aston Villa,Wolves,0.0,0.0,D,2011-2012,7375
7376,Blackburn,Everton,0.0,1.0,A,2011-2012,7376
7377,Chelsea,Norwich,3.0,1.0,H,2011-2012,7377
7378,Liverpool,Bolton,3.0,1.0,H,2011-2012,7378
7379,Swansea,Sunderland,0.0,0.0,D,2011-2012,7379
7380,Wigan,QPR,2.0,0.0,H,2011-2012,7380
7381,Man United,Arsenal,8.0,2.0,H,2011-2012,7381
7382,Newcastle,Fulham,2.0,1.0,H,2011-2012,7382
7383,Tottenham,Man City,1.0,5.0,A,2011-2012,7383
7384,West Brom,Stoke,0.0,1.0,A,2011-2012,7384
7385,Arsenal,Swansea,1.0,0.0,H,2011-2012,7385
7386,Bolton,Man United,0.0,5.0,A,2011-2012,7386
7387,Everton,Aston Villa,2.0,2.0,D,2011-2012,7387
7388,Man City,Wigan,3.0,0.0,H,2011-2012,7388
7389,Stoke,Liverpool,1.0,0.0,H,2011-2012,7389
7390,Sunderland,Chelsea,1.0,2.0,A,2011-2012,7390
7391,Wolves,Tottenham,0.0,2.0,A,2011-2012,7391
7392,Fulham,Blackburn,1.0,1.0,D,2011-2012,7392
7393,Norwich,West Brom,0.0,1.0,A,2011-2012,7393
7394,QPR,Newcastle,0.0,0.0,D,2011-2012,7394
7395,Aston Villa,Newcastle,1.0,1.0,D,2011-2012,7395
7396,Blackburn,Arsenal,4.0,3.0,H,2011-2012,7396
7397,Bolton,Norwich,1.0,2.0,A,2011-2012,7397
7398,Everton,Wigan,3.0,1.0,H,2011-2012,7398
7399,Swansea,West Brom,3.0,0.0,H,2011-2012,7399
7400,Wolves,QPR,0.0,3.0,A,2011-2012,7400
7401,Fulham,Man City,2.0,2.0,D,2011-2012,7401
7402,Man United,Chelsea,3.0,1.0,H,2011-2012,7402
7403,Sunderland,Stoke,4.0,0.0,H,2011-2012,7403
7404,Tottenham,Liverpool,4.0,0.0,H,2011-2012,7404
7405,Arsenal,Bolton,3.0,0.0,H,2011-2012,7405
7406,Chelsea,Swansea,4.0,1.0,H,2011-2012,7406
7407,Liverpool,Wolves,2.0,1.0,H,2011-2012,7407
7408,Man City,Everton,2.0,0.0,H,2011-2012,7408
7409,Newcastle,Blackburn,3.0,1.0,H,2011-2012,7409
7410,Stoke,Man United,1.0,1.0,D,2011-2012,7410
7411,West Brom,Fulham,0.0,0.0,D,2011-2012,7411
7412,Wigan,Tottenham,1.0,2.0,A,2011-2012,7412
7413,QPR,Aston Villa,1.0,1.0,D,2011-2012,7413
7414,Norwich,Sunderland,2.0,1.0,H,2011-2012,7414
7415,Aston Villa,Wigan,2.0,0.0,H,2011-2012,7415
7416,Blackburn,Man City,0.0,4.0,A,2011-2012,7416
7417,Everton,Liverpool,0.0,2.0,A,2011-2012,7417
7418,Man United,Norwich,2.0,0.0,H,2011-2012,7418
7419,Sunderland,West Brom,2.0,2.0,D,2011-2012,7419
7420,Wolves,Newcastle,1.0,2.0,A,2011-2012,7420
7421,Bolton,Chelsea,1.0,5.0,A,2011-2012,7421
7422,Fulham,QPR,6.0,0.0,H,2011-2012,7422
7423,Swansea,Stoke,2.0,0.0,H,2011-2012,7423
7424,Tottenham,Arsenal,2.0,1.0,H,2011-2012,7424
7425,Chelsea,Everton,3.0,1.0,H,2011-2012,7425
7426,Liverpool,Man United,1.0,1.0,D,2011-2012,7426
7427,Man City,Aston Villa,4.0,1.0,H,2011-2012,7427
7428,Norwich,Swansea,3.0,1.0,H,2011-2012,7428
7429,QPR,Blackburn,1.0,1.0,D,2011-2012,7429
7430,Stoke,Fulham,2.0,0.0,H,2011-2012,7430
7431,Wigan,Bolton,1.0,3.0,A,2011-2012,7431
7432,Arsenal,Sunderland,2.0,1.0,H,2011-2012,7432
7433,Newcastle,Tottenham,2.0,2.0,D,2011-2012,7433
7434,West Brom,Wolves,2.0,0.0,H,2011-2012,7434
7435,Aston Villa,West Brom,1.0,2.0,A,2011-2012,7435
7436,Bolton,Sunderland,0.0,2.0,A,2011-2012,7436
7437,Liverpool,Norwich,1.0,1.0,D,2011-2012,7437
7438,Newcastle,Wigan,1.0,0.0,H,2011-2012,7438
7439,Wolves,Swansea,2.0,2.0,D,2011-2012,7439
7440,Arsenal,Stoke,3.0,1.0,H,2011-2012,7440
7441,Blackburn,Tottenham,1.0,2.0,A,2011-2012,7441
7442,Fulham,Everton,1.0,3.0,A,2011-2012,7442
7443,Man United,Man City,1.0,6.0,A,2011-2012,7443
7444,QPR,Chelsea,1.0,0.0,H,2011-2012,7444
7445,Chelsea,Arsenal,3.0,5.0,A,2011-2012,7445
7446,Everton,Man United,0.0,1.0,A,2011-2012,7446
7447,Man City,Wolves,3.0,1.0,H,2011-2012,7447
7448,Norwich,Blackburn,3.0,3.0,D,2011-2012,7448
7449,Sunderland,Aston Villa,2.0,2.0,D,2011-2012,7449
7450,Swansea,Bolton,3.0,1.0,H,2011-2012,7450
7451,West Brom,Liverpool,0.0,2.0,A,2011-2012,7451
7452,Wigan,Fulham,0.0,2.0,A,2011-2012,7452
7453,Tottenham,QPR,3.0,1.0,H,2011-2012,7453
7454,Stoke,Newcastle,1.0,3.0,A,2011-2012,7454
7455,Arsenal,West Brom,3.0,0.0,H,2011-2012,7455
7456,Aston Villa,Norwich,3.0,2.0,H,2011-2012,7456
7457,Blackburn,Chelsea,0.0,1.0,A,2011-2012,7457
7458,Liverpool,Swansea,0.0,0.0,D,2011-2012,7458
7459,Man United,Sunderland,1.0,0.0,H,2011-2012,7459
7460,Newcastle,Everton,2.0,1.0,H,2011-2012,7460
7461,QPR,Man City,2.0,3.0,A,2011-2012,7461
7462,Bolton,Stoke,5.0,0.0,H,2011-2012,7462
7463,Fulham,Tottenham,1.0,3.0,A,2011-2012,7463
7464,Wolves,Wigan,3.0,1.0,H,2011-2012,7464
7465,Everton,Wolves,2.0,1.0,H,2011-2012,7465
7466,Man City,Newcastle,3.0,1.0,H,2011-2012,7466
7467,Norwich,Arsenal,1.0,2.0,A,2011-2012,7467
7468,Stoke,QPR,2.0,3.0,A,2011-2012,7468
7469,Sunderland,Fulham,0.0,0.0,D,2011-2012,7469
7470,Swansea,Man United,0.0,1.0,A,2011-2012,7470
7471,West Brom,Bolton,2.0,1.0,H,2011-2012,7471
7472,Wigan,Blackburn,3.0,3.0,D,2011-2012,7472
7473,Chelsea,Liverpool,1.0,2.0,A,2011-2012,7473
7474,Tottenham,Aston Villa,2.0,0.0,H,2011-2012,7474
7475,Arsenal,Fulham,1.0,1.0,D,2011-2012,7475
7476,Bolton,Everton,0.0,2.0,A,2011-2012,7476
7477,Chelsea,Wolves,3.0,0.0,H,2011-2012,7477
7478,Man United,Newcastle,1.0,1.0,D,2011-2012,7478
7479,Norwich,QPR,2.0,1.0,H,2011-2012,7479
7480,Stoke,Blackburn,3.0,1.0,H,2011-2012,7480
7481,Sunderland,Wigan,1.0,2.0,A,2011-2012,7481
7482,West Brom,Tottenham,1.0,3.0,A,2011-2012,7482
7483,Liverpool,Man City,1.0,1.0,D,2011-2012,7483
7484,Swansea,Aston Villa,0.0,0.0,D,2011-2012,7484
7485,Aston Villa,Man United,0.0,1.0,A,2011-2012,7485
7486,Blackburn,Swansea,4.0,2.0,H,2011-2012,7486
7487,Man City,Norwich,5.0,1.0,H,2011-2012,7487
7488,Newcastle,Chelsea,0.0,3.0,A,2011-2012,7488
7489,QPR,West Brom,1.0,1.0,D,2011-2012,7489
7490,Tottenham,Bolton,3.0,0.0,H,2011-2012,7490
7491,Wigan,Arsenal,0.0,4.0,A,2011-2012,7491
7492,Everton,Stoke,0.0,1.0,A,2011-2012,7492
7493,Wolves,Sunderland,2.0,1.0,H,2011-2012,7493
7494,Fulham,Liverpool,1.0,0.0,H,2011-2012,7494
7495,Arsenal,Everton,1.0,0.0,H,2011-2012,7495
7496,Bolton,Aston Villa,1.0,2.0,A,2011-2012,7496
7497,Liverpool,QPR,1.0,0.0,H,2011-2012,7497
7498,Man United,Wolves,4.0,1.0,H,2011-2012,7498
7499,Norwich,Newcastle,4.0,2.0,H,2011-2012,7499
7500,Swansea,Fulham,2.0,0.0,H,2011-2012,7500
7501,West Brom,Wigan,1.0,2.0,A,2011-2012,7501
7502,Stoke,Tottenham,2.0,1.0,H,2011-2012,7502
7503,Sunderland,Blackburn,2.0,1.0,H,2011-2012,7503
7504,Chelsea,Man City,2.0,1.0,H,2011-2012,7504
7505,Blackburn,West Brom,1.0,2.0,A,2011-2012,7505
7506,Everton,Norwich,1.0,1.0,D,2011-2012,7506
7507,Fulham,Bolton,2.0,0.0,H,2011-2012,7507
7508,Newcastle,Swansea,0.0,0.0,D,2011-2012,7508
7509,Wigan,Chelsea,1.0,1.0,D,2011-2012,7509
7510,Wolves,Stoke,1.0,2.0,A,2011-2012,7510
7511,Aston Villa,Liverpool,0.0,2.0,A,2011-2012,7511
7512,Man City,Arsenal,1.0,0.0,H,2011-2012,7512
7513,QPR,Man United,0.0,2.0,A,2011-2012,7513
7514,Tottenham,Sunderland,1.0,0.0,H,2011-2012,7514
7515,Blackburn,Bolton,1.0,2.0,A,2011-2012,7515
7516,Wolves,Norwich,2.0,2.0,D,2011-2012,7516
7517,Aston Villa,Arsenal,1.0,2.0,A,2011-2012,7517
7518,Everton,Swansea,1.0,0.0,H,2011-2012,7518
7519,Fulham,Man United,0.0,5.0,A,2011-2012,7519
7520,Man City,Stoke,3.0,0.0,H,2011-2012,7520
7521,Newcastle,West Brom,2.0,3.0,A,2011-2012,7521
7522,QPR,Sunderland,2.0,3.0,A,2011-2012,7522
7523,Wigan,Liverpool,0.0,0.0,D,2011-2012,7523
7524,Tottenham,Chelsea,1.0,1.0,D,2011-2012,7524
7525,Bolton,Newcastle,0.0,2.0,A,2011-2012,7525
7526,Chelsea,Fulham,1.0,1.0,D,2011-2012,7526
7527,Liverpool,Blackburn,1.0,1.0,D,2011-2012,7527
7528,Man United,Wigan,5.0,0.0,H,2011-2012,7528
7529,Stoke,Aston Villa,0.0,0.0,D,2011-2012,7529
7530,Sunderland,Everton,1.0,1.0,D,2011-2012,7530
7531,West Brom,Man City,0.0,0.0,D,2011-2012,7531
7532,Arsenal,Wolves,1.0,1.0,D,2011-2012,7532
7533,Norwich,Tottenham,0.0,2.0,A,2011-2012,7533
7534,Swansea,QPR,1.0,1.0,D,2011-2012,7534
7535,Liverpool,Newcastle,3.0,1.0,H,2011-2012,7535
7536,Arsenal,QPR,1.0,0.0,H,2011-2012,7536
7537,Bolton,Wolves,1.0,1.0,D,2011-2012,7537
7538,Chelsea,Aston Villa,1.0,3.0,A,2011-2012,7538
7539,Man United,Blackburn,2.0,3.0,A,2011-2012,7539
7540,Norwich,Fulham,1.0,1.0,D,2011-2012,7540
7541,Stoke,Wigan,2.0,2.0,D,2011-2012,7541
7542,Swansea,Tottenham,1.0,1.0,D,2011-2012,7542
7543,Sunderland,Man City,1.0,0.0,H,2011-2012,7543
7544,West Brom,Everton,0.0,1.0,A,2011-2012,7544
7545,Aston Villa,Swansea,0.0,2.0,A,2011-2012,7545
7546,Blackburn,Stoke,1.0,2.0,A,2011-2012,7546
7547,Fulham,Arsenal,2.0,1.0,H,2011-2012,7547
7548,QPR,Norwich,1.0,2.0,A,2011-2012,7548
7549,Wolves,Chelsea,1.0,2.0,A,2011-2012,7549
7550,Man City,Liverpool,3.0,0.0,H,2011-2012,7550
7551,Tottenham,West Brom,1.0,0.0,H,2011-2012,7551
7552,Wigan,Sunderland,1.0,4.0,A,2011-2012,7552
7553,Everton,Bolton,1.0,2.0,A,2011-2012,7553
7554,Newcastle,Man United,3.0,0.0,H,2011-2012,7554
7555,Tottenham,Everton,2.0,0.0,H,2011-2012,7555
7556,Aston Villa,Everton,1.0,1.0,D,2011-2012,7556
7557,Blackburn,Fulham,3.0,1.0,H,2011-2012,7557
7558,Chelsea,Sunderland,1.0,0.0,H,2011-2012,7558
7559,Liverpool,Stoke,0.0,0.0,D,2011-2012,7559
7560,Man United,Bolton,3.0,0.0,H,2011-2012,7560
7561,Tottenham,Wolves,1.0,1.0,D,2011-2012,7561
7562,West Brom,Norwich,1.0,2.0,A,2011-2012,7562
7563,Newcastle,QPR,1.0,0.0,H,2011-2012,7563
7564,Swansea,Arsenal,3.0,2.0,H,2011-2012,7564
7565,Wigan,Man City,0.0,1.0,A,2011-2012,7565
7566,Bolton,Liverpool,3.0,1.0,H,2011-2012,7566
7567,Everton,Blackburn,1.0,1.0,D,2011-2012,7567
7568,Fulham,Newcastle,5.0,2.0,H,2011-2012,7568
7569,Norwich,Chelsea,0.0,0.0,D,2011-2012,7569
7570,QPR,Wigan,3.0,1.0,H,2011-2012,7570
7571,Stoke,West Brom,1.0,2.0,A,2011-2012,7571
7572,Sunderland,Swansea,2.0,0.0,H,2011-2012,7572
7573,Wolves,Aston Villa,2.0,3.0,A,2011-2012,7573
7574,Arsenal,Man United,1.0,2.0,A,2011-2012,7574
7575,Man City,Tottenham,3.0,2.0,H,2011-2012,7575
7576,Everton,Man City,1.0,0.0,H,2011-2012,7576
7577,Man United,Stoke,2.0,0.0,H,2011-2012,7577
7578,Swansea,Chelsea,1.0,1.0,D,2011-2012,7578
7579,Tottenham,Wigan,3.0,1.0,H,2011-2012,7579
7580,Wolves,Liverpool,0.0,3.0,A,2011-2012,7580
7581,Aston Villa,QPR,2.0,2.0,D,2011-2012,7581
7582,Blackburn,Newcastle,0.0,2.0,A,2011-2012,7582
7583,Bolton,Arsenal,0.0,0.0,D,2011-2012,7583
7584,Fulham,West Brom,1.0,1.0,D,2011-2012,7584
7585,Sunderland,Norwich,3.0,0.0,H,2011-2012,7585
7586,Arsenal,Blackburn,7.0,1.0,H,2011-2012,7586
7587,Man City,Fulham,3.0,0.0,H,2011-2012,7587
7588,Norwich,Bolton,2.0,0.0,H,2011-2012,7588
7589,QPR,Wolves,1.0,2.0,A,2011-2012,7589
7590,Stoke,Sunderland,0.0,1.0,A,2011-2012,7590
7591,West Brom,Swansea,1.0,2.0,A,2011-2012,7591
7592,Wigan,Everton,1.0,1.0,D,2011-2012,7592
7593,Chelsea,Man United,3.0,3.0,D,2011-2012,7593
7594,Newcastle,Aston Villa,2.0,1.0,H,2011-2012,7594
7595,Liverpool,Tottenham,0.0,0.0,D,2011-2012,7595
7596,Blackburn,QPR,3.0,2.0,H,2011-2012,7596
7597,Bolton,Wigan,1.0,2.0,A,2011-2012,7597
7598,Everton,Chelsea,2.0,0.0,H,2011-2012,7598
7599,Fulham,Stoke,2.0,1.0,H,2011-2012,7599
7600,Man United,Liverpool,2.0,1.0,H,2011-2012,7600
7601,Sunderland,Arsenal,1.0,2.0,A,2011-2012,7601
7602,Swansea,Norwich,2.0,3.0,A,2011-2012,7602
7603,Tottenham,Newcastle,5.0,0.0,H,2011-2012,7603
7604,Aston Villa,Man City,0.0,1.0,A,2011-2012,7604
7605,Wolves,West Brom,1.0,5.0,A,2011-2012,7605
7606,Chelsea,Bolton,3.0,0.0,H,2011-2012,7606
7607,Man City,Blackburn,3.0,0.0,H,2011-2012,7607
7608,Newcastle,Wolves,2.0,2.0,D,2011-2012,7608
7609,QPR,Fulham,0.0,1.0,A,2011-2012,7609
7610,West Brom,Sunderland,4.0,0.0,H,2011-2012,7610
7611,Wigan,Aston Villa,0.0,0.0,D,2011-2012,7611
7612,Arsenal,Tottenham,5.0,2.0,H,2011-2012,7612
7613,Norwich,Man United,1.0,2.0,A,2011-2012,7613
7614,Stoke,Swansea,2.0,0.0,H,2011-2012,7614
7615,Blackburn,Aston Villa,1.0,1.0,D,2011-2012,7615
7616,Liverpool,Arsenal,1.0,2.0,A,2011-2012,7616
7617,Man City,Bolton,2.0,0.0,H,2011-2012,7617
7618,QPR,Everton,1.0,1.0,D,2011-2012,7618
7619,Stoke,Norwich,1.0,0.0,H,2011-2012,7619
7620,West Brom,Chelsea,1.0,0.0,H,2011-2012,7620
7621,Wigan,Swansea,0.0,2.0,A,2011-2012,7621
7622,Fulham,Wolves,5.0,0.0,H,2011-2012,7622
7623,Newcastle,Sunderland,1.0,1.0,D,2011-2012,7623
7624,Tottenham,Man United,1.0,3.0,A,2011-2012,7624
7625,Aston Villa,Fulham,1.0,0.0,H,2011-2012,7625
7626,Bolton,QPR,2.0,1.0,H,2011-2012,7626
7627,Chelsea,Stoke,1.0,0.0,H,2011-2012,7627
7628,Everton,Tottenham,1.0,0.0,H,2011-2012,7628
7629,Sunderland,Liverpool,1.0,0.0,H,2011-2012,7629
7630,Wolves,Blackburn,0.0,2.0,A,2011-2012,7630
7631,Man United,West Brom,2.0,0.0,H,2011-2012,7631
7632,Norwich,Wigan,1.0,1.0,D,2011-2012,7632
7633,Swansea,Man City,1.0,0.0,H,2011-2012,7633
7634,Arsenal,Newcastle,2.0,1.0,H,2011-2012,7634
7635,Liverpool,Everton,3.0,0.0,H,2011-2012,7635
7636,Fulham,Swansea,0.0,3.0,A,2011-2012,7636
7637,Wigan,West Brom,1.0,1.0,D,2011-2012,7637
7638,Newcastle,Norwich,1.0,0.0,H,2011-2012,7638
7639,Wolves,Man United,0.0,5.0,A,2011-2012,7639
7640,Blackburn,Sunderland,2.0,0.0,H,2011-2012,7640
7641,Everton,Arsenal,0.0,1.0,A,2011-2012,7641
7642,Man City,Chelsea,2.0,1.0,H,2011-2012,7642
7643,QPR,Liverpool,3.0,2.0,H,2011-2012,7643
7644,Tottenham,Stoke,1.0,1.0,D,2011-2012,7644
7645,Arsenal,Aston Villa,3.0,0.0,H,2011-2012,7645
7646,Bolton,Blackburn,2.0,1.0,H,2011-2012,7646
7647,Chelsea,Tottenham,0.0,0.0,D,2011-2012,7647
7648,Liverpool,Wigan,1.0,2.0,A,2011-2012,7648
7649,Norwich,Wolves,2.0,1.0,H,2011-2012,7649
7650,Stoke,Man City,1.0,1.0,D,2011-2012,7650
7651,Sunderland,QPR,3.0,1.0,H,2011-2012,7651
7652,Swansea,Everton,0.0,2.0,A,2011-2012,7652
7653,West Brom,Newcastle,1.0,3.0,A,2011-2012,7653
7654,Man United,Fulham,1.0,0.0,H,2011-2012,7654
7655,Aston Villa,Chelsea,2.0,4.0,A,2011-2012,7655
7656,Everton,West Brom,2.0,0.0,H,2011-2012,7656
7657,Fulham,Norwich,2.0,1.0,H,2011-2012,7657
7658,Man City,Sunderland,3.0,3.0,D,2011-2012,7658
7659,QPR,Arsenal,2.0,1.0,H,2011-2012,7659
7660,Wigan,Stoke,2.0,0.0,H,2011-2012,7660
7661,Wolves,Bolton,2.0,3.0,A,2011-2012,7661
7662,Newcastle,Liverpool,2.0,0.0,H,2011-2012,7662
7663,Tottenham,Swansea,3.0,1.0,H,2011-2012,7663
7664,Blackburn,Man United,0.0,2.0,A,2011-2012,7664
7665,Swansea,Newcastle,0.0,2.0,A,2011-2012,7665
7666,Bolton,Fulham,0.0,3.0,A,2011-2012,7666
7667,Chelsea,Wigan,2.0,1.0,H,2011-2012,7667
7668,Liverpool,Aston Villa,1.0,1.0,D,2011-2012,7668
7669,Norwich,Everton,2.0,2.0,D,2011-2012,7669
7670,Stoke,Wolves,2.0,1.0,H,2011-2012,7670
7671,Sunderland,Tottenham,0.0,0.0,D,2011-2012,7671
7672,West Brom,Blackburn,3.0,0.0,H,2011-2012,7672
7673,Arsenal,Man City,1.0,0.0,H,2011-2012,7673
7674,Man United,QPR,2.0,0.0,H,2011-2012,7674
7675,Aston Villa,Stoke,1.0,1.0,D,2011-2012,7675
7676,Everton,Sunderland,4.0,0.0,H,2011-2012,7676
7677,Fulham,Chelsea,1.0,1.0,D,2011-2012,7677
7678,Newcastle,Bolton,2.0,0.0,H,2011-2012,7678
7679,Tottenham,Norwich,1.0,2.0,A,2011-2012,7679
7680,Blackburn,Liverpool,2.0,3.0,A,2011-2012,7680
7681,Man City,West Brom,4.0,0.0,H,2011-2012,7681
7682,QPR,Swansea,3.0,0.0,H,2011-2012,7682
7683,Wigan,Man United,1.0,0.0,H,2011-2012,7683
7684,Wolves,Arsenal,0.0,3.0,A,2011-2012,7684
7685,Norwich,Man City,1.0,6.0,A,2011-2012,7685
7686,Sunderland,Wolves,0.0,0.0,D,2011-2012,7686
7687,Swansea,Blackburn,3.0,0.0,H,2011-2012,7687
7688,West Brom,QPR,1.0,0.0,H,2011-2012,7688
7689,Man United,Aston Villa,4.0,0.0,H,2011-2012,7689
7690,Arsenal,Wigan,1.0,2.0,A,2011-2012,7690
7691,Arsenal,Chelsea,0.0,0.0,D,2011-2012,7691
7692,Aston Villa,Sunderland,0.0,0.0,D,2011-2012,7692
7693,Blackburn,Norwich,2.0,0.0,H,2011-2012,7693
7694,Bolton,Swansea,1.0,1.0,D,2011-2012,7694
7695,Fulham,Wigan,2.0,1.0,H,2011-2012,7695
7696,Newcastle,Stoke,3.0,0.0,H,2011-2012,7696
7697,QPR,Tottenham,1.0,0.0,H,2011-2012,7697
7698,Liverpool,West Brom,0.0,1.0,A,2011-2012,7698
7699,Man United,Everton,4.0,4.0,D,2011-2012,7699
7700,Wolves,Man City,0.0,2.0,A,2011-2012,7700
7701,Aston Villa,Bolton,1.0,2.0,A,2011-2012,7701
7702,Everton,Fulham,4.0,0.0,H,2011-2012,7702
7703,Norwich,Liverpool,0.0,3.0,A,2011-2012,7703
7704,Stoke,Arsenal,1.0,1.0,D,2011-2012,7704
7705,Sunderland,Bolton,2.0,2.0,D,2011-2012,7705
7706,Swansea,Wolves,4.0,4.0,D,2011-2012,7706
7707,West Brom,Aston Villa,0.0,0.0,D,2011-2012,7707
7708,Wigan,Newcastle,4.0,0.0,H,2011-2012,7708
7709,Chelsea,QPR,6.0,1.0,H,2011-2012,7709
7710,Tottenham,Blackburn,2.0,0.0,H,2011-2012,7710
7711,Man City,Man United,1.0,0.0,H,2011-2012,7711
7712,Liverpool,Fulham,0.0,1.0,A,2011-2012,7712
7713,Stoke,Everton,1.0,1.0,D,2011-2012,7713
7714,Bolton,Tottenham,1.0,4.0,A,2011-2012,7714
7715,Chelsea,Newcastle,0.0,2.0,A,2011-2012,7715
7716,Arsenal,Norwich,3.0,3.0,D,2011-2012,7716
7717,Aston Villa,Tottenham,1.0,1.0,D,2011-2012,7717
7718,Bolton,West Brom,2.0,2.0,D,2011-2012,7718
7719,Fulham,Sunderland,2.0,1.0,H,2011-2012,7719
7720,Man United,Swansea,2.0,0.0,H,2011-2012,7720
7721,Newcastle,Man City,0.0,2.0,A,2011-2012,7721
7722,QPR,Stoke,1.0,0.0,H,2011-2012,7722
7723,Wolves,Everton,0.0,0.0,D,2011-2012,7723
7724,Blackburn,Wigan,0.0,1.0,A,2011-2012,7724
7725,Liverpool,Chelsea,4.0,1.0,H,2011-2012,7725
7726,Chelsea,Blackburn,2.0,1.0,H,2011-2012,7726
7727,Everton,Newcastle,3.0,1.0,H,2011-2012,7727
7728,Man City,QPR,3.0,2.0,H,2011-2012,7728
7729,Norwich,Aston Villa,2.0,0.0,H,2011-2012,7729
7730,Stoke,Bolton,2.0,2.0,D,2011-2012,7730
7731,Sunderland,Man United,0.0,1.0,A,2011-2012,7731
7732,Swansea,Liverpool,1.0,0.0,H,2011-2012,7732
7733,Tottenham,Fulham,2.0,0.0,H,2011-2012,7733
7734,West Brom,Arsenal,2.0,3.0,A,2011-2012,7734
7735,Wigan,Wolves,3.0,2.0,H,2011-2012,7735
7736,Arsenal,Sunderland,0.0,0.0,D,2012-2013,7736
7737,Fulham,Norwich,5.0,0.0,H,2012-2013,7737
7738,Newcastle,Tottenham,2.0,1.0,H,2012-2013,7738
7739,QPR,Swansea,0.0,5.0,A,2012-2013,7739
7740,Reading,Stoke,1.0,1.0,D,2012-2013,7740
7741,West Brom,Liverpool,3.0,0.0,H,2012-2013,7741
7742,West Ham,Aston Villa,1.0,0.0,H,2012-2013,7742
7743,Man City,Southampton,3.0,2.0,H,2012-2013,7743
7744,Wigan,Chelsea,0.0,2.0,A,2012-2013,7744
7745,Everton,Man United,1.0,0.0,H,2012-2013,7745
7746,Chelsea,Reading,4.0,2.0,H,2012-2013,7746
7747,Aston Villa,Everton,1.0,3.0,A,2012-2013,7747
7748,Chelsea,Newcastle,2.0,0.0,H,2012-2013,7748
7749,Man United,Fulham,3.0,2.0,H,2012-2013,7749
7750,Norwich,QPR,1.0,1.0,D,2012-2013,7750
7751,Southampton,Wigan,0.0,2.0,A,2012-2013,7751
7752,Swansea,West Ham,3.0,0.0,H,2012-2013,7752
7753,Tottenham,West Brom,1.0,1.0,D,2012-2013,7753
7754,Liverpool,Man City,2.0,2.0,D,2012-2013,7754
7755,Stoke,Arsenal,0.0,0.0,D,2012-2013,7755
7756,Man City,QPR,3.0,1.0,H,2012-2013,7756
7757,Swansea,Sunderland,2.0,2.0,D,2012-2013,7757
7758,Tottenham,Norwich,1.0,1.0,D,2012-2013,7758
7759,West Brom,Everton,2.0,0.0,H,2012-2013,7759
7760,West Ham,Fulham,3.0,0.0,H,2012-2013,7760
7761,Wigan,Stoke,2.0,2.0,D,2012-2013,7761
7762,Liverpool,Arsenal,0.0,2.0,A,2012-2013,7762
7763,Newcastle,Aston Villa,1.0,1.0,D,2012-2013,7763
7764,Southampton,Man United,2.0,3.0,A,2012-2013,7764
7765,Arsenal,Southampton,6.0,1.0,H,2012-2013,7765
7766,Aston Villa,Swansea,2.0,0.0,H,2012-2013,7766
7767,Fulham,West Brom,3.0,0.0,H,2012-2013,7767
7768,Man United,Wigan,4.0,0.0,H,2012-2013,7768
7769,Norwich,West Ham,0.0,0.0,D,2012-2013,7769
7770,QPR,Chelsea,0.0,0.0,D,2012-2013,7770
7771,Stoke,Man City,1.0,1.0,D,2012-2013,7771
7772,Sunderland,Liverpool,1.0,1.0,D,2012-2013,7772
7773,Reading,Tottenham,1.0,3.0,A,2012-2013,7773
7774,Everton,Newcastle,2.0,2.0,D,2012-2013,7774
7775,Chelsea,Stoke,1.0,0.0,H,2012-2013,7775
7776,Southampton,Aston Villa,4.0,1.0,H,2012-2013,7776
7777,Swansea,Everton,0.0,3.0,A,2012-2013,7777
7778,West Brom,Reading,1.0,0.0,H,2012-2013,7778
7779,West Ham,Sunderland,1.0,1.0,D,2012-2013,7779
7780,Wigan,Fulham,1.0,2.0,A,2012-2013,7780
7781,Liverpool,Man United,1.0,2.0,A,2012-2013,7781
7782,Man City,Arsenal,1.0,1.0,D,2012-2013,7782
7783,Newcastle,Norwich,1.0,0.0,H,2012-2013,7783
7784,Tottenham,QPR,2.0,1.0,H,2012-2013,7784
7785,Arsenal,Chelsea,1.0,2.0,A,2012-2013,7785
7786,Everton,Southampton,3.0,1.0,H,2012-2013,7786
7787,Fulham,Man City,1.0,2.0,A,2012-2013,7787
7788,Man United,Tottenham,2.0,3.0,A,2012-2013,7788
7789,Norwich,Liverpool,2.0,5.0,A,2012-2013,7789
7790,Reading,Newcastle,2.0,2.0,D,2012-2013,7790
7791,Stoke,Swansea,2.0,0.0,H,2012-2013,7791
7792,Sunderland,Wigan,1.0,0.0,H,2012-2013,7792
7793,Aston Villa,West Brom,1.0,1.0,D,2012-2013,7793
7794,QPR,West Ham,1.0,2.0,A,2012-2013,7794
7795,Chelsea,Norwich,4.0,1.0,H,2012-2013,7795
7796,Man City,Sunderland,3.0,0.0,H,2012-2013,7796
7797,Swansea,Reading,2.0,2.0,D,2012-2013,7797
7798,West Brom,QPR,3.0,2.0,H,2012-2013,7798
7799,West Ham,Arsenal,1.0,3.0,A,2012-2013,7799
7800,Wigan,Everton,2.0,2.0,D,2012-2013,7800
7801,Liverpool,Stoke,0.0,0.0,D,2012-2013,7801
7802,Newcastle,Man United,0.0,3.0,A,2012-2013,7802
7803,Southampton,Fulham,2.0,2.0,D,2012-2013,7803
7804,Tottenham,Aston Villa,2.0,0.0,H,2012-2013,7804
7805,Fulham,Aston Villa,1.0,0.0,H,2012-2013,7805
7806,Liverpool,Reading,1.0,0.0,H,2012-2013,7806
7807,Man United,Stoke,4.0,2.0,H,2012-2013,7807
7808,Norwich,Arsenal,1.0,0.0,H,2012-2013,7808
7809,Swansea,Wigan,2.0,1.0,H,2012-2013,7809
7810,Tottenham,Chelsea,2.0,4.0,A,2012-2013,7810
7811,West Brom,Man City,1.0,2.0,A,2012-2013,7811
7812,West Ham,Southampton,4.0,1.0,H,2012-2013,7812
7813,QPR,Everton,1.0,1.0,D,2012-2013,7813
7814,Sunderland,Newcastle,1.0,1.0,D,2012-2013,7814
7815,Arsenal,QPR,1.0,0.0,H,2012-2013,7815
7816,Aston Villa,Norwich,1.0,1.0,D,2012-2013,7816
7817,Man City,Swansea,1.0,0.0,H,2012-2013,7817
7818,Reading,Fulham,3.0,3.0,D,2012-2013,7818
7819,Stoke,Sunderland,0.0,0.0,D,2012-2013,7819
7820,Wigan,West Ham,2.0,1.0,H,2012-2013,7820
7821,Chelsea,Man United,2.0,3.0,A,2012-2013,7821
7822,Everton,Liverpool,2.0,2.0,D,2012-2013,7822
7823,Newcastle,West Brom,2.0,1.0,H,2012-2013,7823
7824,Southampton,Tottenham,1.0,2.0,A,2012-2013,7824
7825,Fulham,Everton,2.0,2.0,D,2012-2013,7825
7826,Man United,Arsenal,2.0,1.0,H,2012-2013,7826
7827,Norwich,Stoke,1.0,0.0,H,2012-2013,7827
7828,Sunderland,Aston Villa,0.0,1.0,A,2012-2013,7828
7829,Swansea,Chelsea,1.0,1.0,D,2012-2013,7829
7830,Tottenham,Wigan,0.0,1.0,A,2012-2013,7830
7831,West Ham,Man City,0.0,0.0,D,2012-2013,7831
7832,Liverpool,Newcastle,1.0,1.0,D,2012-2013,7832
7833,QPR,Reading,1.0,1.0,D,2012-2013,7833
7834,West Brom,Southampton,2.0,0.0,H,2012-2013,7834
7835,Arsenal,Fulham,3.0,3.0,D,2012-2013,7835
7836,Aston Villa,Man United,2.0,3.0,A,2012-2013,7836
7837,Everton,Sunderland,2.0,1.0,H,2012-2013,7837
7838,Reading,Norwich,0.0,0.0,D,2012-2013,7838
7839,Southampton,Swansea,1.0,1.0,D,2012-2013,7839
7840,Stoke,QPR,1.0,0.0,H,2012-2013,7840
7841,Wigan,West Brom,1.0,2.0,A,2012-2013,7841
7842,Chelsea,Liverpool,1.0,1.0,D,2012-2013,7842
7843,Man City,Tottenham,2.0,1.0,H,2012-2013,7843
7844,Newcastle,West Ham,0.0,1.0,A,2012-2013,7844
7845,Arsenal,Tottenham,5.0,2.0,H,2012-2013,7845
7846,Liverpool,Wigan,3.0,0.0,H,2012-2013,7846
7847,Man City,Aston Villa,5.0,0.0,H,2012-2013,7847
7848,Newcastle,Swansea,1.0,2.0,A,2012-2013,7848
7849,Norwich,Man United,1.0,0.0,H,2012-2013,7849
7850,QPR,Southampton,1.0,3.0,A,2012-2013,7850
7851,Reading,Everton,2.0,1.0,H,2012-2013,7851
7852,West Brom,Chelsea,2.0,1.0,H,2012-2013,7852
7853,Fulham,Sunderland,1.0,3.0,A,2012-2013,7853
7854,West Ham,Stoke,1.0,1.0,D,2012-2013,7854
7855,Aston Villa,Arsenal,0.0,0.0,D,2012-2013,7855
7856,Everton,Norwich,1.0,1.0,D,2012-2013,7856
7857,Man United,QPR,3.0,1.0,H,2012-2013,7857
7858,Stoke,Fulham,1.0,0.0,H,2012-2013,7858
7859,Sunderland,West Brom,2.0,4.0,A,2012-2013,7859
7860,Wigan,Reading,3.0,2.0,H,2012-2013,7860
7861,Chelsea,Man City,0.0,0.0,D,2012-2013,7861
7862,Southampton,Newcastle,2.0,0.0,H,2012-2013,7862
7863,Swansea,Liverpool,0.0,0.0,D,2012-2013,7863
7864,Tottenham,West Ham,3.0,1.0,H,2012-2013,7864
7865,Aston Villa,Reading,1.0,0.0,H,2012-2013,7865
7866,Sunderland,QPR,0.0,0.0,D,2012-2013,7866
7867,Chelsea,Fulham,0.0,0.0,D,2012-2013,7867
7868,Everton,Arsenal,1.0,1.0,D,2012-2013,7868
7869,Man United,West Ham,1.0,0.0,H,2012-2013,7869
7870,Southampton,Norwich,1.0,1.0,D,2012-2013,7870
7871,Stoke,Newcastle,2.0,1.0,H,2012-2013,7871
7872,Swansea,West Brom,3.0,1.0,H,2012-2013,7872
7873,Tottenham,Liverpool,2.0,1.0,H,2012-2013,7873
7874,Wigan,Man City,0.0,2.0,A,2012-2013,7874
7875,Arsenal,Swansea,0.0,2.0,A,2012-2013,7875
7876,Fulham,Tottenham,0.0,3.0,A,2012-2013,7876
7877,Liverpool,Southampton,1.0,0.0,H,2012-2013,7877
7878,Man City,Everton,1.0,1.0,D,2012-2013,7878
7879,QPR,Aston Villa,1.0,1.0,D,2012-2013,7879
7880,Reading,Man United,3.0,4.0,A,2012-2013,7880
7881,West Brom,Stoke,0.0,1.0,A,2012-2013,7881
7882,West Ham,Chelsea,3.0,1.0,H,2012-2013,7882
7883,Norwich,Sunderland,2.0,1.0,H,2012-2013,7883
7884,Newcastle,Wigan,3.0,0.0,H,2012-2013,7884
7885,Arsenal,West Brom,2.0,0.0,H,2012-2013,7885
7886,Aston Villa,Stoke,0.0,0.0,D,2012-2013,7886
7887,Southampton,Reading,1.0,0.0,H,2012-2013,7887
7888,Sunderland,Chelsea,1.0,3.0,A,2012-2013,7888
7889,Swansea,Norwich,3.0,4.0,A,2012-2013,7889
7890,Wigan,QPR,2.0,2.0,D,2012-2013,7890
7891,Everton,Tottenham,2.0,1.0,H,2012-2013,7891
7892,Man City,Man United,2.0,3.0,A,2012-2013,7892
7893,West Ham,Liverpool,2.0,3.0,A,2012-2013,7893
7894,Fulham,Newcastle,2.0,1.0,H,2012-2013,7894
7895,Sunderland,Reading,3.0,0.0,H,2012-2013,7895
7896,Liverpool,Aston Villa,1.0,3.0,A,2012-2013,7896
7897,Man United,Sunderland,3.0,1.0,H,2012-2013,7897
7898,Newcastle,Man City,1.0,3.0,A,2012-2013,7898
7899,Norwich,Wigan,2.0,1.0,H,2012-2013,7899
7900,QPR,Fulham,2.0,1.0,H,2012-2013,7900
7901,Stoke,Everton,1.0,1.0,D,2012-2013,7901
7902,Tottenham,Swansea,1.0,0.0,H,2012-2013,7902
7903,West Brom,West Ham,0.0,0.0,D,2012-2013,7903
7904,Reading,Arsenal,2.0,5.0,A,2012-2013,7904
7905,Liverpool,Fulham,4.0,0.0,H,2012-2013,7905
7906,Man City,Reading,1.0,0.0,H,2012-2013,7906
7907,Newcastle,QPR,1.0,0.0,H,2012-2013,7907
7908,Southampton,Sunderland,0.0,1.0,A,2012-2013,7908
7909,Tottenham,Stoke,0.0,0.0,D,2012-2013,7909
7910,West Brom,Norwich,2.0,1.0,H,2012-2013,7910
7911,West Ham,Everton,1.0,2.0,A,2012-2013,7911
7912,Wigan,Arsenal,0.0,1.0,A,2012-2013,7912
7913,Chelsea,Aston Villa,8.0,0.0,H,2012-2013,7913
7914,Swansea,Man United,1.0,1.0,D,2012-2013,7914
7915,Aston Villa,Tottenham,0.0,4.0,A,2012-2013,7915
7916,Everton,Wigan,2.0,1.0,H,2012-2013,7916
7917,Fulham,Southampton,1.0,1.0,D,2012-2013,7917
7918,Man United,Newcastle,4.0,3.0,H,2012-2013,7918
7919,Norwich,Chelsea,0.0,1.0,A,2012-2013,7919
7920,QPR,West Brom,1.0,2.0,A,2012-2013,7920
7921,Reading,Swansea,0.0,0.0,D,2012-2013,7921
7922,Stoke,Liverpool,3.0,1.0,H,2012-2013,7922
7923,Sunderland,Man City,1.0,0.0,H,2012-2013,7923
7924,Arsenal,Newcastle,7.0,3.0,H,2012-2013,7924
7925,Aston Villa,Wigan,0.0,3.0,A,2012-2013,7925
7926,Fulham,Swansea,1.0,2.0,A,2012-2013,7926
7927,Man United,West Brom,2.0,0.0,H,2012-2013,7927
7928,Norwich,Man City,3.0,4.0,A,2012-2013,7928
7929,Reading,West Ham,1.0,0.0,H,2012-2013,7929
7930,Stoke,Southampton,3.0,3.0,D,2012-2013,7930
7931,Sunderland,Tottenham,1.0,2.0,A,2012-2013,7931
7932,Everton,Chelsea,1.0,2.0,A,2012-2013,7932
7933,QPR,Liverpool,0.0,3.0,A,2012-2013,7933
7934,Man City,Stoke,3.0,0.0,H,2012-2013,7934
7935,Southampton,Arsenal,1.0,1.0,D,2012-2013,7935
7936,Swansea,Aston Villa,2.0,2.0,D,2012-2013,7936
7937,Tottenham,Reading,3.0,1.0,H,2012-2013,7937
7938,West Brom,Fulham,1.0,2.0,A,2012-2013,7938
7939,West Ham,Norwich,2.0,1.0,H,2012-2013,7939
7940,Wigan,Man United,0.0,4.0,A,2012-2013,7940
7941,Chelsea,QPR,0.0,1.0,A,2012-2013,7941
7942,Liverpool,Sunderland,3.0,0.0,H,2012-2013,7942
7943,Newcastle,Everton,1.0,2.0,A,2012-2013,7943
7944,Aston Villa,Southampton,0.0,1.0,A,2012-2013,7944
7945,Everton,Swansea,0.0,0.0,D,2012-2013,7945
7946,Fulham,Wigan,1.0,1.0,D,2012-2013,7946
7947,Norwich,Newcastle,0.0,0.0,D,2012-2013,7947
7948,QPR,Tottenham,0.0,0.0,D,2012-2013,7948
7949,Reading,West Brom,3.0,2.0,H,2012-2013,7949
7950,Stoke,Chelsea,0.0,4.0,A,2012-2013,7950
7951,Sunderland,West Ham,3.0,0.0,H,2012-2013,7951
7952,Arsenal,Man City,0.0,2.0,A,2012-2013,7952
7953,Man United,Liverpool,2.0,1.0,H,2012-2013,7953
7954,Chelsea,Southampton,2.0,2.0,D,2012-2013,7954
7955,Liverpool,Norwich,5.0,0.0,H,2012-2013,7955
7956,Man City,Fulham,2.0,0.0,H,2012-2013,7956
7957,Newcastle,Reading,1.0,2.0,A,2012-2013,7957
7958,Swansea,Stoke,3.0,1.0,H,2012-2013,7958
7959,West Brom,Aston Villa,2.0,2.0,D,2012-2013,7959
7960,West Ham,QPR,1.0,1.0,D,2012-2013,7960
7961,Wigan,Sunderland,2.0,3.0,A,2012-2013,7961
7962,Chelsea,Arsenal,2.0,1.0,H,2012-2013,7962
7963,Tottenham,Man United,1.0,1.0,D,2012-2013,7963
7964,Southampton,Everton,0.0,0.0,D,2012-2013,7964
7965,Arsenal,West Ham,5.0,1.0,H,2012-2013,7965
7966,Aston Villa,Newcastle,1.0,2.0,A,2012-2013,7966
7967,QPR,Man City,0.0,0.0,D,2012-2013,7967
7968,Stoke,Wigan,2.0,2.0,D,2012-2013,7968
7969,Sunderland,Swansea,0.0,0.0,D,2012-2013,7969
7970,Arsenal,Liverpool,2.0,2.0,D,2012-2013,7970
7971,Everton,West Brom,2.0,1.0,H,2012-2013,7971
7972,Fulham,West Ham,3.0,1.0,H,2012-2013,7972
7973,Man United,Southampton,2.0,1.0,H,2012-2013,7973
7974,Norwich,Tottenham,1.0,1.0,D,2012-2013,7974
7975,Reading,Chelsea,2.0,2.0,D,2012-2013,7975
7976,Arsenal,Stoke,1.0,0.0,H,2012-2013,7976
7977,Everton,Aston Villa,3.0,3.0,D,2012-2013,7977
7978,Fulham,Man United,0.0,1.0,A,2012-2013,7978
7979,Newcastle,Chelsea,3.0,2.0,H,2012-2013,7979
7980,QPR,Norwich,0.0,0.0,D,2012-2013,7980
7981,Reading,Sunderland,2.0,1.0,H,2012-2013,7981
7982,West Ham,Swansea,1.0,0.0,H,2012-2013,7982
7983,Wigan,Southampton,2.0,2.0,D,2012-2013,7983
7984,Man City,Liverpool,2.0,2.0,D,2012-2013,7984
7985,West Brom,Tottenham,0.0,1.0,A,2012-2013,7985
7986,Chelsea,Wigan,4.0,1.0,H,2012-2013,7986
7987,Norwich,Fulham,0.0,0.0,D,2012-2013,7987
7988,Southampton,Man City,3.0,1.0,H,2012-2013,7988
7989,Stoke,Reading,2.0,1.0,H,2012-2013,7989
7990,Sunderland,Arsenal,0.0,1.0,A,2012-2013,7990
7991,Swansea,QPR,4.0,1.0,H,2012-2013,7991
7992,Tottenham,Newcastle,2.0,1.0,H,2012-2013,7992
7993,Aston Villa,West Ham,2.0,1.0,H,2012-2013,7993
7994,Man United,Everton,2.0,0.0,H,2012-2013,7994
7995,Liverpool,West Brom,0.0,2.0,A,2012-2013,7995
7996,Liverpool,Swansea,5.0,0.0,H,2012-2013,7996
7997,Arsenal,Aston Villa,2.0,1.0,H,2012-2013,7997
7998,Fulham,Stoke,1.0,0.0,H,2012-2013,7998
7999,Norwich,Everton,2.0,1.0,H,2012-2013,7999
8000,QPR,Man United,0.0,2.0,A,2012-2013,8000
8001,Reading,Wigan,0.0,3.0,A,2012-2013,8001
8002,West Brom,Sunderland,2.0,1.0,H,2012-2013,8002
8003,Man City,Chelsea,2.0,0.0,H,2012-2013,8003
8004,Newcastle,Southampton,4.0,2.0,H,2012-2013,8004
8005,West Ham,Tottenham,2.0,3.0,A,2012-2013,8005
8006,Chelsea,West Brom,1.0,0.0,H,2012-2013,8006
8007,Everton,Reading,3.0,1.0,H,2012-2013,8007
8008,Man United,Norwich,4.0,0.0,H,2012-2013,8008
8009,Southampton,QPR,1.0,2.0,A,2012-2013,8009
8010,Stoke,West Ham,0.0,1.0,A,2012-2013,8010
8011,Sunderland,Fulham,2.0,2.0,D,2012-2013,8011
8012,Swansea,Newcastle,1.0,0.0,H,2012-2013,8012
8013,Wigan,Liverpool,0.0,4.0,A,2012-2013,8013
8014,Tottenham,Arsenal,2.0,1.0,H,2012-2013,8014
8015,Aston Villa,Man City,0.0,1.0,A,2012-2013,8015
8016,Norwich,Southampton,0.0,0.0,D,2012-2013,8016
8017,QPR,Sunderland,3.0,1.0,H,2012-2013,8017
8018,Reading,Aston Villa,1.0,2.0,A,2012-2013,8018
8019,West Brom,Swansea,2.0,1.0,H,2012-2013,8019
8020,Liverpool,Tottenham,3.0,2.0,H,2012-2013,8020
8021,Newcastle,Stoke,2.0,1.0,H,2012-2013,8021
8022,Aston Villa,QPR,3.0,2.0,H,2012-2013,8022
8023,Everton,Man City,2.0,0.0,H,2012-2013,8023
8024,Man United,Reading,1.0,0.0,H,2012-2013,8024
8025,Southampton,Liverpool,3.0,1.0,H,2012-2013,8025
8026,Stoke,West Brom,0.0,0.0,D,2012-2013,8026
8027,Swansea,Arsenal,0.0,2.0,A,2012-2013,8027
8028,Chelsea,West Ham,2.0,0.0,H,2012-2013,8028
8029,Sunderland,Norwich,1.0,1.0,D,2012-2013,8029
8030,Tottenham,Fulham,0.0,1.0,A,2012-2013,8030
8031,Wigan,Newcastle,2.0,1.0,H,2012-2013,8031
8032,Arsenal,Reading,4.0,1.0,H,2012-2013,8032
8033,Everton,Stoke,1.0,0.0,H,2012-2013,8033
8034,Man City,Newcastle,4.0,0.0,H,2012-2013,8034
8035,Southampton,Chelsea,2.0,1.0,H,2012-2013,8035
8036,Sunderland,Man United,0.0,1.0,A,2012-2013,8036
8037,Swansea,Tottenham,1.0,2.0,A,2012-2013,8037
8038,West Ham,West Brom,3.0,1.0,H,2012-2013,8038
8039,Wigan,Norwich,1.0,0.0,H,2012-2013,8039
8040,Aston Villa,Liverpool,1.0,2.0,A,2012-2013,8040
8041,Fulham,QPR,3.0,2.0,H,2012-2013,8041
8042,Norwich,Swansea,2.0,2.0,D,2012-2013,8042
8043,Reading,Southampton,0.0,2.0,A,2012-2013,8043
8044,Stoke,Aston Villa,1.0,3.0,A,2012-2013,8044
8045,West Brom,Arsenal,1.0,2.0,A,2012-2013,8045
8046,Chelsea,Sunderland,2.0,1.0,H,2012-2013,8046
8047,Liverpool,West Ham,0.0,0.0,D,2012-2013,8047
8048,Newcastle,Fulham,1.0,0.0,H,2012-2013,8048
8049,QPR,Wigan,1.0,1.0,D,2012-2013,8049
8050,Tottenham,Everton,2.0,2.0,D,2012-2013,8050
8051,Man United,Man City,1.0,2.0,A,2012-2013,8051
8052,Arsenal,Norwich,3.0,1.0,H,2012-2013,8052
8053,Aston Villa,Fulham,1.0,1.0,D,2012-2013,8053
8054,Everton,QPR,2.0,0.0,H,2012-2013,8054
8055,Reading,Liverpool,0.0,0.0,D,2012-2013,8055
8056,Southampton,West Ham,1.0,1.0,D,2012-2013,8056
8057,Newcastle,Sunderland,0.0,3.0,A,2012-2013,8057
8058,Stoke,Man United,0.0,2.0,A,2012-2013,8058
8059,Arsenal,Everton,0.0,0.0,D,2012-2013,8059
8060,Fulham,Chelsea,0.0,3.0,A,2012-2013,8060
8061,Man City,Wigan,1.0,0.0,H,2012-2013,8061
8062,West Ham,Man United,2.0,2.0,D,2012-2013,8062
8063,Fulham,Arsenal,0.0,1.0,A,2012-2013,8063
8064,Norwich,Reading,2.0,1.0,H,2012-2013,8064
8065,QPR,Stoke,0.0,2.0,A,2012-2013,8065
8066,Sunderland,Everton,1.0,0.0,H,2012-2013,8066
8067,Swansea,Southampton,0.0,0.0,D,2012-2013,8067
8068,West Brom,Newcastle,1.0,1.0,D,2012-2013,8068
8069,West Ham,Wigan,2.0,0.0,H,2012-2013,8069
8070,Liverpool,Chelsea,2.0,2.0,D,2012-2013,8070
8071,Tottenham,Man City,3.0,1.0,H,2012-2013,8071
8072,Man United,Aston Villa,3.0,0.0,H,2012-2013,8072
8073,Everton,Fulham,1.0,0.0,H,2012-2013,8073
8074,Man City,West Ham,2.0,1.0,H,2012-2013,8074
8075,Newcastle,Liverpool,0.0,6.0,A,2012-2013,8075
8076,Southampton,West Brom,0.0,3.0,A,2012-2013,8076
8077,Stoke,Norwich,1.0,0.0,H,2012-2013,8077
8078,Wigan,Tottenham,2.0,2.0,D,2012-2013,8078
8079,Arsenal,Man United,1.0,1.0,D,2012-2013,8079
8080,Chelsea,Swansea,2.0,0.0,H,2012-2013,8080
8081,Reading,QPR,0.0,0.0,D,2012-2013,8081
8082,Aston Villa,Sunderland,6.0,1.0,H,2012-2013,8082
8083,Fulham,Reading,2.0,4.0,A,2012-2013,8083
8084,Norwich,Aston Villa,1.0,2.0,A,2012-2013,8084
8085,QPR,Arsenal,0.0,1.0,A,2012-2013,8085
8086,Swansea,Man City,0.0,0.0,D,2012-2013,8086
8087,Tottenham,Southampton,1.0,0.0,H,2012-2013,8087
8088,West Brom,Wigan,2.0,3.0,A,2012-2013,8088
8089,West Ham,Newcastle,0.0,0.0,D,2012-2013,8089
8090,Liverpool,Everton,0.0,0.0,D,2012-2013,8090
8091,Man United,Chelsea,0.0,1.0,A,2012-2013,8091
8092,Sunderland,Stoke,1.0,1.0,D,2012-2013,8092
8093,Man City,West Brom,1.0,0.0,H,2012-2013,8093
8094,Wigan,Swansea,2.0,3.0,A,2012-2013,8094
8095,Chelsea,Tottenham,2.0,2.0,D,2012-2013,8095
8096,Aston Villa,Chelsea,1.0,2.0,A,2012-2013,8096
8097,Everton,West Ham,2.0,0.0,H,2012-2013,8097
8098,Fulham,Liverpool,1.0,3.0,A,2012-2013,8098
8099,Man United,Swansea,2.0,1.0,H,2012-2013,8099
8100,Norwich,West Brom,4.0,0.0,H,2012-2013,8100
8101,QPR,Newcastle,1.0,2.0,A,2012-2013,8101
8102,Stoke,Tottenham,1.0,2.0,A,2012-2013,8102
8103,Sunderland,Southampton,1.0,1.0,D,2012-2013,8103
8104,Arsenal,Wigan,4.0,1.0,H,2012-2013,8104
8105,Reading,Man City,0.0,2.0,A,2012-2013,8105
8106,Chelsea,Everton,2.0,1.0,H,2012-2013,8106
8107,Liverpool,QPR,1.0,0.0,H,2012-2013,8107
8108,Man City,Norwich,2.0,3.0,A,2012-2013,8108
8109,Newcastle,Arsenal,0.0,1.0,A,2012-2013,8109
8110,Southampton,Stoke,1.0,1.0,D,2012-2013,8110
8111,Swansea,Fulham,0.0,3.0,A,2012-2013,8111
8112,Tottenham,Sunderland,1.0,0.0,H,2012-2013,8112
8113,West Brom,Man United,5.0,5.0,D,2012-2013,8113
8114,West Ham,Reading,4.0,2.0,H,2012-2013,8114
8115,Wigan,Aston Villa,2.0,2.0,D,2012-2013,8115
8116,Arsenal,Aston Villa,1.0,3.0,A,2013-2014,8116
8117,Liverpool,Stoke,1.0,0.0,H,2013-2014,8117
8118,Norwich,Everton,2.0,2.0,D,2013-2014,8118
8119,Sunderland,Fulham,0.0,1.0,A,2013-2014,8119
8120,Swansea,Man United,1.0,4.0,A,2013-2014,8120
8121,West Brom,Southampton,0.0,1.0,A,2013-2014,8121
8122,West Ham,Cardiff,2.0,0.0,H,2013-2014,8122
8123,Chelsea,Hull,2.0,0.0,H,2013-2014,8123
8124,Crystal Palace,Tottenham,0.0,1.0,A,2013-2014,8124
8125,Man City,Newcastle,4.0,0.0,H,2013-2014,8125
8126,Chelsea,Aston Villa,2.0,1.0,H,2013-2014,8126
8127,Aston Villa,Liverpool,0.0,1.0,A,2013-2014,8127
8128,Everton,West Brom,0.0,0.0,D,2013-2014,8128
8129,Fulham,Arsenal,1.0,3.0,A,2013-2014,8129
8130,Hull,Norwich,1.0,0.0,H,2013-2014,8130
8131,Newcastle,West Ham,0.0,0.0,D,2013-2014,8131
8132,Southampton,Sunderland,1.0,1.0,D,2013-2014,8132
8133,Stoke,Crystal Palace,2.0,1.0,H,2013-2014,8133
8134,Cardiff,Man City,3.0,2.0,H,2013-2014,8134
8135,Tottenham,Swansea,1.0,0.0,H,2013-2014,8135
8136,Man United,Chelsea,0.0,0.0,D,2013-2014,8136
8137,Cardiff,Everton,0.0,0.0,D,2013-2014,8137
8138,Crystal Palace,Sunderland,3.0,1.0,H,2013-2014,8138
8139,Man City,Hull,2.0,0.0,H,2013-2014,8139
8140,Newcastle,Fulham,1.0,0.0,H,2013-2014,8140
8141,Norwich,Southampton,1.0,0.0,H,2013-2014,8141
8142,West Ham,Stoke,0.0,1.0,A,2013-2014,8142
8143,Arsenal,Tottenham,1.0,0.0,H,2013-2014,8143
8144,Liverpool,Man United,1.0,0.0,H,2013-2014,8144
8145,West Brom,Swansea,0.0,2.0,A,2013-2014,8145
8146,Aston Villa,Newcastle,1.0,2.0,A,2013-2014,8146
8147,Everton,Chelsea,1.0,0.0,H,2013-2014,8147
8148,Fulham,West Brom,1.0,1.0,D,2013-2014,8148
8149,Hull,Cardiff,1.0,1.0,D,2013-2014,8149
8150,Man United,Crystal Palace,2.0,0.0,H,2013-2014,8150
8151,Stoke,Man City,0.0,0.0,D,2013-2014,8151
8152,Sunderland,Arsenal,1.0,3.0,A,2013-2014,8152
8153,Tottenham,Norwich,2.0,0.0,H,2013-2014,8153
8154,Southampton,West Ham,0.0,0.0,D,2013-2014,8154
8155,Swansea,Liverpool,2.0,2.0,D,2013-2014,8155
8156,Chelsea,Fulham,2.0,0.0,H,2013-2014,8156
8157,Liverpool,Southampton,0.0,1.0,A,2013-2014,8157
8158,Newcastle,Hull,2.0,3.0,A,2013-2014,8158
8159,Norwich,Aston Villa,0.0,1.0,A,2013-2014,8159
8160,West Brom,Sunderland,3.0,0.0,H,2013-2014,8160
8161,West Ham,Everton,2.0,3.0,A,2013-2014,8161
8162,Arsenal,Stoke,3.0,1.0,H,2013-2014,8162
8163,Cardiff,Tottenham,0.0,1.0,A,2013-2014,8163
8164,Crystal Palace,Swansea,0.0,2.0,A,2013-2014,8164
8165,Man City,Man United,4.0,1.0,H,2013-2014,8165
8166,Aston Villa,Man City,3.0,2.0,H,2013-2014,8166
8167,Fulham,Cardiff,1.0,2.0,A,2013-2014,8167
8168,Hull,West Ham,1.0,0.0,H,2013-2014,8168
8169,Man United,West Brom,1.0,2.0,A,2013-2014,8169
8170,Southampton,Crystal Palace,2.0,0.0,H,2013-2014,8170
8171,Swansea,Arsenal,1.0,2.0,A,2013-2014,8171
8172,Tottenham,Chelsea,1.0,1.0,D,2013-2014,8172
8173,Stoke,Norwich,0.0,1.0,A,2013-2014,8173
8174,Sunderland,Liverpool,1.0,3.0,A,2013-2014,8174
8175,Everton,Newcastle,3.0,2.0,H,2013-2014,8175
8176,Cardiff,Newcastle,1.0,2.0,A,2013-2014,8176
8177,Fulham,Stoke,1.0,0.0,H,2013-2014,8177
8178,Hull,Aston Villa,0.0,0.0,D,2013-2014,8178
8179,Liverpool,Crystal Palace,3.0,1.0,H,2013-2014,8179
8180,Man City,Everton,3.0,1.0,H,2013-2014,8180
8181,Sunderland,Man United,1.0,2.0,A,2013-2014,8181
8182,Norwich,Chelsea,1.0,3.0,A,2013-2014,8182
8183,Southampton,Swansea,2.0,0.0,H,2013-2014,8183
8184,Tottenham,West Ham,0.0,3.0,A,2013-2014,8184
8185,West Brom,Arsenal,1.0,1.0,D,2013-2014,8185
8186,Arsenal,Norwich,4.0,1.0,H,2013-2014,8186
8187,Chelsea,Cardiff,4.0,1.0,H,2013-2014,8187
8188,Everton,Hull,2.0,1.0,H,2013-2014,8188
8189,Man United,Southampton,1.0,1.0,D,2013-2014,8189
8190,Newcastle,Liverpool,2.0,2.0,D,2013-2014,8190
8191,Stoke,West Brom,0.0,0.0,D,2013-2014,8191
8192,Swansea,Sunderland,4.0,0.0,H,2013-2014,8192
8193,West Ham,Man City,1.0,3.0,A,2013-2014,8193
8194,Aston Villa,Tottenham,0.0,2.0,A,2013-2014,8194
8195,Crystal Palace,Fulham,1.0,4.0,A,2013-2014,8195
8196,Aston Villa,Everton,0.0,2.0,A,2013-2014,8196
8197,Crystal Palace,Arsenal,0.0,2.0,A,2013-2014,8197
8198,Liverpool,West Brom,4.0,1.0,H,2013-2014,8198
8199,Man United,Stoke,3.0,2.0,H,2013-2014,8199
8200,Norwich,Cardiff,0.0,0.0,D,2013-2014,8200
8201,Southampton,Fulham,2.0,0.0,H,2013-2014,8201
8202,Chelsea,Man City,2.0,1.0,H,2013-2014,8202
8203,Sunderland,Newcastle,2.0,1.0,H,2013-2014,8203
8204,Swansea,West Ham,0.0,0.0,D,2013-2014,8204
8205,Tottenham,Hull,1.0,0.0,H,2013-2014,8205
8206,Arsenal,Liverpool,2.0,0.0,H,2013-2014,8206
8207,Fulham,Man United,1.0,3.0,A,2013-2014,8207
8208,Hull,Sunderland,1.0,0.0,H,2013-2014,8208
8209,Man City,Norwich,7.0,0.0,H,2013-2014,8209
8210,Newcastle,Chelsea,2.0,0.0,H,2013-2014,8210
8211,Stoke,Southampton,1.0,1.0,D,2013-2014,8211
8212,West Brom,Crystal Palace,2.0,0.0,H,2013-2014,8212
8213,West Ham,Aston Villa,0.0,0.0,D,2013-2014,8213
8214,Cardiff,Swansea,1.0,0.0,H,2013-2014,8214
8215,Everton,Tottenham,0.0,0.0,D,2013-2014,8215
8216,Aston Villa,Cardiff,2.0,0.0,H,2013-2014,8216
8217,Chelsea,West Brom,2.0,2.0,D,2013-2014,8217
8218,Crystal Palace,Everton,0.0,0.0,D,2013-2014,8218
8219,Liverpool,Fulham,4.0,0.0,H,2013-2014,8219
8220,Norwich,West Ham,3.0,1.0,H,2013-2014,8220
8221,Southampton,Hull,4.0,1.0,H,2013-2014,8221
8222,Man United,Arsenal,1.0,0.0,H,2013-2014,8222
8223,Sunderland,Man City,1.0,0.0,H,2013-2014,8223
8224,Swansea,Stoke,3.0,3.0,D,2013-2014,8224
8225,Tottenham,Newcastle,0.0,1.0,A,2013-2014,8225
8226,Arsenal,Southampton,2.0,0.0,H,2013-2014,8226
8227,Everton,Liverpool,3.0,3.0,D,2013-2014,8227
8228,Fulham,Swansea,1.0,2.0,A,2013-2014,8228
8229,Hull,Crystal Palace,0.0,1.0,A,2013-2014,8229
8230,Newcastle,Norwich,2.0,1.0,H,2013-2014,8230
8231,Stoke,Sunderland,2.0,0.0,H,2013-2014,8231
8232,West Ham,Chelsea,0.0,3.0,A,2013-2014,8232
8233,Cardiff,Man United,2.0,2.0,D,2013-2014,8233
8234,Man City,Tottenham,6.0,0.0,H,2013-2014,8234
8235,West Brom,Aston Villa,2.0,2.0,D,2013-2014,8235
8236,Aston Villa,Sunderland,0.0,0.0,D,2013-2014,8236
8237,Cardiff,Arsenal,0.0,3.0,A,2013-2014,8237
8238,Everton,Stoke,4.0,0.0,H,2013-2014,8238
8239,Newcastle,West Brom,2.0,1.0,H,2013-2014,8239
8240,Norwich,Crystal Palace,1.0,0.0,H,2013-2014,8240
8241,West Ham,Fulham,3.0,0.0,H,2013-2014,8241
8242,Chelsea,Southampton,3.0,1.0,H,2013-2014,8242
8243,Hull,Liverpool,3.0,1.0,H,2013-2014,8243
8244,Man City,Swansea,3.0,0.0,H,2013-2014,8244
8245,Tottenham,Man United,2.0,2.0,D,2013-2014,8245
8246,Crystal Palace,West Ham,1.0,0.0,H,2013-2014,8246
8247,Arsenal,Hull,2.0,0.0,H,2013-2014,8247
8248,Fulham,Tottenham,1.0,2.0,A,2013-2014,8248
8249,Liverpool,Norwich,5.0,1.0,H,2013-2014,8249
8250,Man United,Everton,0.0,1.0,A,2013-2014,8250
8251,Southampton,Aston Villa,2.0,3.0,A,2013-2014,8251
8252,Stoke,Cardiff,0.0,0.0,D,2013-2014,8252
8253,Sunderland,Chelsea,3.0,4.0,A,2013-2014,8253
8254,Swansea,Newcastle,3.0,0.0,H,2013-2014,8254
8255,West Brom,Man City,2.0,3.0,A,2013-2014,8255
8256,Crystal Palace,Cardiff,2.0,0.0,H,2013-2014,8256
8257,Liverpool,West Ham,4.0,1.0,H,2013-2014,8257
8258,Man United,Newcastle,0.0,1.0,A,2013-2014,8258
8259,Southampton,Man City,1.0,1.0,D,2013-2014,8259
8260,Stoke,Chelsea,3.0,2.0,H,2013-2014,8260
8261,Sunderland,Tottenham,1.0,2.0,A,2013-2014,8261
8262,West Brom,Norwich,0.0,2.0,A,2013-2014,8262
8263,Arsenal,Everton,1.0,1.0,D,2013-2014,8263
8264,Fulham,Aston Villa,2.0,0.0,H,2013-2014,8264
8265,Swansea,Hull,1.0,1.0,D,2013-2014,8265
8266,Cardiff,West Brom,1.0,0.0,H,2013-2014,8266
8267,Chelsea,Crystal Palace,2.0,1.0,H,2013-2014,8267
8268,Everton,Fulham,4.0,1.0,H,2013-2014,8268
8269,Hull,Stoke,0.0,0.0,D,2013-2014,8269
8270,Man City,Arsenal,6.0,3.0,H,2013-2014,8270
8271,Newcastle,Southampton,1.0,1.0,D,2013-2014,8271
8272,West Ham,Sunderland,0.0,0.0,D,2013-2014,8272
8273,Aston Villa,Man United,0.0,3.0,A,2013-2014,8273
8274,Norwich,Swansea,1.0,1.0,D,2013-2014,8274
8275,Tottenham,Liverpool,0.0,5.0,A,2013-2014,8275
8276,Crystal Palace,Newcastle,0.0,3.0,A,2013-2014,8276
8277,Fulham,Man City,2.0,4.0,A,2013-2014,8277
8278,Liverpool,Cardiff,3.0,1.0,H,2013-2014,8278
8279,Man United,West Ham,3.0,1.0,H,2013-2014,8279
8280,Stoke,Aston Villa,2.0,1.0,H,2013-2014,8280
8281,Sunderland,Norwich,0.0,0.0,D,2013-2014,8281
8282,West Brom,Hull,1.0,1.0,D,2013-2014,8282
8283,Southampton,Tottenham,2.0,3.0,A,2013-2014,8283
8284,Swansea,Everton,1.0,2.0,A,2013-2014,8284
8285,Arsenal,Chelsea,0.0,0.0,D,2013-2014,8285
8286,Aston Villa,Crystal Palace,0.0,1.0,A,2013-2014,8286
8287,Cardiff,Southampton,0.0,3.0,A,2013-2014,8287
8288,Chelsea,Swansea,1.0,0.0,H,2013-2014,8288
8289,Everton,Sunderland,0.0,1.0,A,2013-2014,8289
8290,Hull,Man United,2.0,3.0,A,2013-2014,8290
8291,Man City,Liverpool,2.0,1.0,H,2013-2014,8291
8292,Newcastle,Stoke,5.0,1.0,H,2013-2014,8292
8293,Norwich,Fulham,1.0,2.0,A,2013-2014,8293
8294,Tottenham,West Brom,1.0,1.0,D,2013-2014,8294
8295,West Ham,Arsenal,1.0,3.0,A,2013-2014,8295
8296,Aston Villa,Swansea,1.0,1.0,D,2013-2014,8296
8297,Cardiff,Sunderland,2.0,2.0,D,2013-2014,8297
8298,Hull,Fulham,6.0,0.0,H,2013-2014,8298
8299,Man City,Crystal Palace,1.0,0.0,H,2013-2014,8299
8300,Norwich,Man United,0.0,1.0,A,2013-2014,8300
8301,West Ham,West Brom,3.0,3.0,D,2013-2014,8301
8302,Chelsea,Liverpool,2.0,1.0,H,2013-2014,8302
8303,Everton,Southampton,2.0,1.0,H,2013-2014,8303
8304,Newcastle,Arsenal,0.0,1.0,A,2013-2014,8304
8305,Tottenham,Stoke,3.0,0.0,H,2013-2014,8305
8306,Arsenal,Cardiff,2.0,0.0,H,2013-2014,8306
8307,Crystal Palace,Norwich,1.0,1.0,D,2013-2014,8307
8308,Fulham,West Ham,2.0,1.0,H,2013-2014,8308
8309,Liverpool,Hull,2.0,0.0,H,2013-2014,8309
8310,Man United,Tottenham,1.0,2.0,A,2013-2014,8310
8311,Southampton,Chelsea,0.0,3.0,A,2013-2014,8311
8312,Stoke,Everton,1.0,1.0,D,2013-2014,8312
8313,Sunderland,Aston Villa,0.0,1.0,A,2013-2014,8313
8314,Swansea,Man City,2.0,3.0,A,2013-2014,8314
8315,West Brom,Newcastle,1.0,0.0,H,2013-2014,8315
8316,Cardiff,West Ham,0.0,2.0,A,2013-2014,8316
8317,Everton,Norwich,2.0,0.0,H,2013-2014,8317
8318,Fulham,Sunderland,1.0,4.0,A,2013-2014,8318
8319,Hull,Chelsea,0.0,2.0,A,2013-2014,8319
8320,Man United,Swansea,2.0,0.0,H,2013-2014,8320
8321,Southampton,West Brom,1.0,0.0,H,2013-2014,8321
8322,Tottenham,Crystal Palace,2.0,0.0,H,2013-2014,8322
8323,Newcastle,Man City,0.0,2.0,A,2013-2014,8323
8324,Stoke,Liverpool,3.0,5.0,A,2013-2014,8324
8325,Aston Villa,Arsenal,1.0,2.0,A,2013-2014,8325
8326,Arsenal,Fulham,2.0,0.0,H,2013-2014,8326
8327,Crystal Palace,Stoke,1.0,0.0,H,2013-2014,8327
8328,Liverpool,Aston Villa,2.0,2.0,D,2013-2014,8328
8329,Man City,Cardiff,4.0,2.0,H,2013-2014,8329
8330,Norwich,Hull,1.0,0.0,H,2013-2014,8330
8331,Sunderland,Southampton,2.0,2.0,D,2013-2014,8331
8332,West Ham,Newcastle,1.0,3.0,A,2013-2014,8332
8333,Chelsea,Man United,3.0,1.0,H,2013-2014,8333
8334,Swansea,Tottenham,1.0,3.0,A,2013-2014,8334
8335,West Brom,Everton,1.0,1.0,D,2013-2014,8335
8336,Crystal Palace,Hull,1.0,0.0,H,2013-2014,8336
8337,Liverpool,Everton,4.0,0.0,H,2013-2014,8337
8338,Man United,Cardiff,2.0,0.0,H,2013-2014,8338
8339,Norwich,Newcastle,0.0,0.0,D,2013-2014,8339
8340,Southampton,Arsenal,2.0,2.0,D,2013-2014,8340
8341,Swansea,Fulham,2.0,0.0,H,2013-2014,8341
8342,Aston Villa,West Brom,4.0,3.0,H,2013-2014,8342
8343,Chelsea,West Ham,0.0,0.0,D,2013-2014,8343
8344,Sunderland,Stoke,1.0,0.0,H,2013-2014,8344
8345,Tottenham,Man City,1.0,5.0,A,2013-2014,8345
8346,Cardiff,Norwich,2.0,1.0,H,2013-2014,8346
8347,Everton,Aston Villa,2.0,1.0,H,2013-2014,8347
8348,Fulham,Southampton,0.0,3.0,A,2013-2014,8348
8349,Hull,Tottenham,1.0,1.0,D,2013-2014,8349
8350,Newcastle,Sunderland,0.0,3.0,A,2013-2014,8350
8351,Stoke,Man United,2.0,1.0,H,2013-2014,8351
8352,West Ham,Swansea,2.0,0.0,H,2013-2014,8352
8353,Arsenal,Crystal Palace,2.0,0.0,H,2013-2014,8353
8354,West Brom,Liverpool,1.0,1.0,D,2013-2014,8354
8355,Man City,Chelsea,0.0,1.0,A,2013-2014,8355
8356,Aston Villa,West Ham,0.0,2.0,A,2013-2014,8356
8357,Chelsea,Newcastle,3.0,0.0,H,2013-2014,8357
8358,Crystal Palace,West Brom,3.0,1.0,H,2013-2014,8358
8359,Liverpool,Arsenal,5.0,1.0,H,2013-2014,8359
8360,Norwich,Man City,0.0,0.0,D,2013-2014,8360
8361,Southampton,Stoke,2.0,2.0,D,2013-2014,8361
8362,Sunderland,Hull,0.0,2.0,A,2013-2014,8362
8363,Swansea,Cardiff,3.0,0.0,H,2013-2014,8363
8364,Man United,Fulham,2.0,2.0,D,2013-2014,8364
8365,Tottenham,Everton,1.0,0.0,H,2013-2014,8365
8366,Cardiff,Aston Villa,0.0,0.0,D,2013-2014,8366
8367,Hull,Southampton,0.0,1.0,A,2013-2014,8367
8368,West Brom,Chelsea,1.0,1.0,D,2013-2014,8368
8369,West Ham,Norwich,2.0,0.0,H,2013-2014,8369
8370,Arsenal,Man United,0.0,0.0,D,2013-2014,8370
8371,Fulham,Liverpool,2.0,3.0,A,2013-2014,8371
8372,Newcastle,Tottenham,0.0,4.0,A,2013-2014,8372
8373,Stoke,Swansea,1.0,1.0,D,2013-2014,8373
8374,Arsenal,Sunderland,4.0,1.0,H,2013-2014,8374
8375,Cardiff,Hull,0.0,4.0,A,2013-2014,8375
8376,Chelsea,Everton,1.0,0.0,H,2013-2014,8376
8377,Crystal Palace,Man United,0.0,2.0,A,2013-2014,8377
8378,Man City,Stoke,1.0,0.0,H,2013-2014,8378
8379,West Brom,Fulham,1.0,1.0,D,2013-2014,8379
8380,West Ham,Southampton,3.0,1.0,H,2013-2014,8380
8381,Liverpool,Swansea,4.0,3.0,H,2013-2014,8381
8382,Newcastle,Aston Villa,1.0,0.0,H,2013-2014,8382
8383,Norwich,Tottenham,1.0,0.0,H,2013-2014,8383
8384,Everton,West Ham,1.0,0.0,H,2013-2014,8384
8385,Fulham,Chelsea,1.0,3.0,A,2013-2014,8385
8386,Hull,Newcastle,1.0,4.0,A,2013-2014,8386
8387,Southampton,Liverpool,0.0,3.0,A,2013-2014,8387
8388,Stoke,Arsenal,1.0,0.0,H,2013-2014,8388
8389,Aston Villa,Norwich,4.0,1.0,H,2013-2014,8389
8390,Swansea,Crystal Palace,1.0,1.0,D,2013-2014,8390
8391,Tottenham,Cardiff,1.0,0.0,H,2013-2014,8391
8392,Cardiff,Fulham,3.0,1.0,H,2013-2014,8392
8393,Chelsea,Tottenham,4.0,0.0,H,2013-2014,8393
8394,Crystal Palace,Southampton,0.0,1.0,A,2013-2014,8394
8395,Norwich,Stoke,1.0,1.0,D,2013-2014,8395
8396,West Brom,Man United,0.0,3.0,A,2013-2014,8396
8397,Aston Villa,Chelsea,1.0,0.0,H,2013-2014,8397
8398,Everton,Cardiff,2.0,1.0,H,2013-2014,8398
8399,Fulham,Newcastle,1.0,0.0,H,2013-2014,8399
8400,Hull,Man City,0.0,2.0,A,2013-2014,8400
8401,Southampton,Norwich,4.0,2.0,H,2013-2014,8401
8402,Stoke,West Ham,3.0,1.0,H,2013-2014,8402
8403,Sunderland,Crystal Palace,0.0,0.0,D,2013-2014,8403
8404,Swansea,West Brom,1.0,2.0,A,2013-2014,8404
8405,Man United,Liverpool,0.0,3.0,A,2013-2014,8405
8406,Tottenham,Arsenal,0.0,1.0,A,2013-2014,8406
8407,Cardiff,Liverpool,3.0,6.0,A,2013-2014,8407
8408,Chelsea,Arsenal,6.0,0.0,H,2013-2014,8408
8409,Everton,Swansea,3.0,2.0,H,2013-2014,8409
8410,Hull,West Brom,2.0,0.0,H,2013-2014,8410
8411,Man City,Fulham,5.0,0.0,H,2013-2014,8411
8412,Newcastle,Crystal Palace,1.0,0.0,H,2013-2014,8412
8413,Norwich,Sunderland,2.0,0.0,H,2013-2014,8413
8414,West Ham,Man United,0.0,2.0,A,2013-2014,8414
8415,Aston Villa,Stoke,1.0,4.0,A,2013-2014,8415
8416,Tottenham,Southampton,3.0,2.0,H,2013-2014,8416
8417,Arsenal,Swansea,2.0,2.0,D,2013-2014,8417
8418,Man United,Man City,0.0,3.0,A,2013-2014,8418
8419,Newcastle,Everton,0.0,3.0,A,2013-2014,8419
8420,Liverpool,Sunderland,2.0,1.0,H,2013-2014,8420
8421,West Ham,Hull,2.0,1.0,H,2013-2014,8421
8422,Arsenal,Man City,1.0,1.0,D,2013-2014,8422
8423,Crystal Palace,Chelsea,1.0,0.0,H,2013-2014,8423
8424,Man United,Aston Villa,4.0,1.0,H,2013-2014,8424
8425,Southampton,Newcastle,4.0,0.0,H,2013-2014,8425
8426,Stoke,Hull,1.0,0.0,H,2013-2014,8426
8427,Swansea,Norwich,3.0,0.0,H,2013-2014,8427
8428,West Brom,Cardiff,3.0,3.0,D,2013-2014,8428
8429,Fulham,Everton,1.0,3.0,A,2013-2014,8429
8430,Liverpool,Tottenham,4.0,0.0,H,2013-2014,8430
8431,Sunderland,West Ham,1.0,2.0,A,2013-2014,8431
8432,Aston Villa,Fulham,1.0,2.0,A,2013-2014,8432
8433,Cardiff,Crystal Palace,0.0,3.0,A,2013-2014,8433
8434,Chelsea,Stoke,3.0,0.0,H,2013-2014,8434
8435,Hull,Swansea,1.0,0.0,H,2013-2014,8435
8436,Man City,Southampton,4.0,1.0,H,2013-2014,8436
8437,Newcastle,Man United,0.0,4.0,A,2013-2014,8437
8438,Norwich,West Brom,0.0,1.0,A,2013-2014,8438
8439,Everton,Arsenal,3.0,0.0,H,2013-2014,8439
8440,West Ham,Liverpool,1.0,2.0,A,2013-2014,8440
8441,Tottenham,Sunderland,5.0,1.0,H,2013-2014,8441
8442,Crystal Palace,Aston Villa,1.0,0.0,H,2013-2014,8442
8443,Fulham,Norwich,1.0,0.0,H,2013-2014,8443
8444,Southampton,Cardiff,0.0,1.0,A,2013-2014,8444
8445,Stoke,Newcastle,1.0,0.0,H,2013-2014,8445
8446,Sunderland,Everton,0.0,1.0,A,2013-2014,8446
8447,West Brom,Tottenham,3.0,3.0,D,2013-2014,8447
8448,Liverpool,Man City,3.0,2.0,H,2013-2014,8448
8449,Swansea,Chelsea,0.0,1.0,A,2013-2014,8449
8450,Arsenal,West Ham,3.0,1.0,H,2013-2014,8450
8451,Everton,Crystal Palace,2.0,3.0,A,2013-2014,8451
8452,Man City,Sunderland,2.0,2.0,D,2013-2014,8452
8453,Aston Villa,Southampton,0.0,0.0,D,2013-2014,8453
8454,Cardiff,Stoke,1.0,1.0,D,2013-2014,8454
8455,Chelsea,Sunderland,1.0,2.0,A,2013-2014,8455
8456,Newcastle,Swansea,1.0,2.0,A,2013-2014,8456
8457,Tottenham,Fulham,3.0,1.0,H,2013-2014,8457
8458,West Ham,Crystal Palace,0.0,1.0,A,2013-2014,8458
8459,Everton,Man United,2.0,0.0,H,2013-2014,8459
8460,Hull,Arsenal,0.0,3.0,A,2013-2014,8460
8461,Norwich,Liverpool,2.0,3.0,A,2013-2014,8461
8462,Man City,West Brom,3.0,1.0,H,2013-2014,8462
8463,Fulham,Hull,2.0,2.0,D,2013-2014,8463
8464,Man United,Norwich,4.0,0.0,H,2013-2014,8464
8465,Southampton,Everton,2.0,0.0,H,2013-2014,8465
8466,Stoke,Tottenham,0.0,1.0,A,2013-2014,8466
8467,Swansea,Aston Villa,4.0,1.0,H,2013-2014,8467
8468,West Brom,West Ham,1.0,0.0,H,2013-2014,8468
8469,Crystal Palace,Man City,0.0,2.0,A,2013-2014,8469
8470,Liverpool,Chelsea,0.0,2.0,A,2013-2014,8470
8471,Sunderland,Cardiff,4.0,0.0,H,2013-2014,8471
8472,Arsenal,Newcastle,3.0,0.0,H,2013-2014,8472
8473,Aston Villa,Hull,3.0,1.0,H,2013-2014,8473
8474,Everton,Man City,2.0,3.0,A,2013-2014,8474
8475,Man United,Sunderland,0.0,1.0,A,2013-2014,8475
8476,Newcastle,Cardiff,3.0,0.0,H,2013-2014,8476
8477,Stoke,Fulham,4.0,1.0,H,2013-2014,8477
8478,Swansea,Southampton,0.0,1.0,A,2013-2014,8478
8479,West Ham,Tottenham,2.0,0.0,H,2013-2014,8479
8480,Arsenal,West Brom,1.0,0.0,H,2013-2014,8480
8481,Chelsea,Norwich,0.0,0.0,D,2013-2014,8481
8482,Crystal Palace,Liverpool,3.0,3.0,D,2013-2014,8482
8483,Man United,Hull,3.0,1.0,H,2013-2014,8483
8484,Man City,Aston Villa,4.0,0.0,H,2013-2014,8484
8485,Sunderland,West Brom,2.0,0.0,H,2013-2014,8485
8486,Cardiff,Chelsea,1.0,2.0,A,2013-2014,8486
8487,Fulham,Crystal Palace,2.0,2.0,D,2013-2014,8487
8488,Hull,Everton,0.0,2.0,A,2013-2014,8488
8489,Liverpool,Newcastle,2.0,1.0,H,2013-2014,8489
8490,Man City,West Ham,2.0,0.0,H,2013-2014,8490
8491,Norwich,Arsenal,0.0,2.0,A,2013-2014,8491
8492,Southampton,Man United,1.0,1.0,D,2013-2014,8492
8493,Sunderland,Swansea,1.0,3.0,A,2013-2014,8493
8494,Tottenham,Aston Villa,3.0,0.0,H,2013-2014,8494
8495,West Brom,Stoke,1.0,2.0,A,2013-2014,8495
8496,Arsenal,Crystal Palace,2.0,1.0,H,2014-2015,8496
8497,Leicester,Everton,2.0,2.0,D,2014-2015,8497
8498,Man United,Swansea,1.0,2.0,A,2014-2015,8498
8499,QPR,Hull,0.0,1.0,A,2014-2015,8499
8500,Stoke,Aston Villa,0.0,1.0,A,2014-2015,8500
8501,West Brom,Sunderland,2.0,2.0,D,2014-2015,8501
8502,West Ham,Tottenham,0.0,1.0,A,2014-2015,8502
8503,Liverpool,Southampton,2.0,1.0,H,2014-2015,8503
8504,Newcastle,Man City,0.0,2.0,A,2014-2015,8504
8505,Burnley,Chelsea,1.0,3.0,A,2014-2015,8505
8506,Aston Villa,Newcastle,0.0,0.0,D,2014-2015,8506
8507,Chelsea,Leicester,2.0,0.0,H,2014-2015,8507
8508,Crystal Palace,West Ham,1.0,3.0,A,2014-2015,8508
8509,Everton,Arsenal,2.0,2.0,D,2014-2015,8509
8510,Southampton,West Brom,0.0,0.0,D,2014-2015,8510
8511,Swansea,Burnley,1.0,0.0,H,2014-2015,8511
8512,Hull,Stoke,1.0,1.0,D,2014-2015,8512
8513,Sunderland,Man United,1.0,1.0,D,2014-2015,8513
8514,Tottenham,QPR,4.0,0.0,H,2014-2015,8514
8515,Man City,Liverpool,3.0,1.0,H,2014-2015,8515
8516,Burnley,Man United,0.0,0.0,D,2014-2015,8516
8517,Everton,Chelsea,3.0,6.0,A,2014-2015,8517
8518,Man City,Stoke,0.0,1.0,A,2014-2015,8518
8519,Newcastle,Crystal Palace,3.0,3.0,D,2014-2015,8519
8520,QPR,Sunderland,1.0,0.0,H,2014-2015,8520
8521,Swansea,West Brom,3.0,0.0,H,2014-2015,8521
8522,West Ham,Southampton,1.0,3.0,A,2014-2015,8522
8523,Aston Villa,Hull,2.0,1.0,H,2014-2015,8523
8524,Leicester,Arsenal,1.0,1.0,D,2014-2015,8524
8525,Tottenham,Liverpool,0.0,3.0,A,2014-2015,8525
8526,Arsenal,Man City,2.0,2.0,D,2014-2015,8526
8527,Chelsea,Swansea,4.0,2.0,H,2014-2015,8527
8528,Crystal Palace,Burnley,0.0,0.0,D,2014-2015,8528
8529,Liverpool,Aston Villa,0.0,1.0,A,2014-2015,8529
8530,Southampton,Newcastle,4.0,0.0,H,2014-2015,8530
8531,Stoke,Leicester,0.0,1.0,A,2014-2015,8531
8532,Sunderland,Tottenham,2.0,2.0,D,2014-2015,8532
8533,West Brom,Everton,0.0,2.0,A,2014-2015,8533
8534,Man United,QPR,4.0,0.0,H,2014-2015,8534
8535,Hull,West Ham,2.0,2.0,D,2014-2015,8535
8536,Aston Villa,Arsenal,0.0,3.0,A,2014-2015,8536
8537,Burnley,Sunderland,0.0,0.0,D,2014-2015,8537
8538,Newcastle,Hull,2.0,2.0,D,2014-2015,8538
8539,QPR,Stoke,2.0,2.0,D,2014-2015,8539
8540,Swansea,Southampton,0.0,1.0,A,2014-2015,8540
8541,West Ham,Liverpool,3.0,1.0,H,2014-2015,8541
8542,Everton,Crystal Palace,2.0,3.0,A,2014-2015,8542
8543,Leicester,Man United,5.0,3.0,H,2014-2015,8543
8544,Man City,Chelsea,1.0,1.0,D,2014-2015,8544
8545,Tottenham,West Brom,0.0,1.0,A,2014-2015,8545
8546,Arsenal,Tottenham,1.0,1.0,D,2014-2015,8546
8547,Chelsea,Aston Villa,3.0,0.0,H,2014-2015,8547
8548,Crystal Palace,Leicester,2.0,0.0,H,2014-2015,8548
8549,Hull,Man City,2.0,4.0,A,2014-2015,8549
8550,Liverpool,Everton,1.0,1.0,D,2014-2015,8550
8551,Man United,West Ham,2.0,1.0,H,2014-2015,8551
8552,Southampton,QPR,2.0,1.0,H,2014-2015,8552
8553,Sunderland,Swansea,0.0,0.0,D,2014-2015,8553
8554,West Brom,Burnley,4.0,0.0,H,2014-2015,8554
8555,Stoke,Newcastle,1.0,0.0,H,2014-2015,8555
8556,Aston Villa,Man City,0.0,2.0,A,2014-2015,8556
8557,Hull,Crystal Palace,2.0,0.0,H,2014-2015,8557
8558,Leicester,Burnley,2.0,2.0,D,2014-2015,8558
8559,Liverpool,West Brom,2.0,1.0,H,2014-2015,8559
8560,Sunderland,Stoke,3.0,1.0,H,2014-2015,8560
8561,Swansea,Newcastle,2.0,2.0,D,2014-2015,8561
8562,Chelsea,Arsenal,2.0,0.0,H,2014-2015,8562
8563,Man United,Everton,2.0,1.0,H,2014-2015,8563
8564,Tottenham,Southampton,1.0,0.0,H,2014-2015,8564
8565,West Ham,QPR,2.0,0.0,H,2014-2015,8565
8566,Arsenal,Hull,2.0,2.0,D,2014-2015,8566
8567,Burnley,West Ham,1.0,3.0,A,2014-2015,8567
8568,Crystal Palace,Chelsea,1.0,2.0,A,2014-2015,8568
8569,Everton,Aston Villa,3.0,0.0,H,2014-2015,8569
8570,Man City,Tottenham,4.0,1.0,H,2014-2015,8570
8571,Newcastle,Leicester,1.0,0.0,H,2014-2015,8571
8572,Southampton,Sunderland,8.0,0.0,H,2014-2015,8572
8573,QPR,Liverpool,2.0,3.0,A,2014-2015,8573
8574,Stoke,Swansea,2.0,1.0,H,2014-2015,8574
8575,West Brom,Man United,2.0,2.0,D,2014-2015,8575
8576,Liverpool,Hull,0.0,0.0,D,2014-2015,8576
8577,Southampton,Stoke,1.0,0.0,H,2014-2015,8577
8578,Sunderland,Arsenal,0.0,2.0,A,2014-2015,8578
8579,Swansea,Leicester,2.0,0.0,H,2014-2015,8579
8580,West Brom,Crystal Palace,2.0,2.0,D,2014-2015,8580
8581,West Ham,Man City,2.0,1.0,H,2014-2015,8581
8582,Burnley,Everton,1.0,3.0,A,2014-2015,8582
8583,Man United,Chelsea,1.0,1.0,D,2014-2015,8583
8584,Tottenham,Newcastle,1.0,2.0,A,2014-2015,8584
8585,QPR,Aston Villa,2.0,0.0,H,2014-2015,8585
8586,Arsenal,Burnley,3.0,0.0,H,2014-2015,8586
8587,Chelsea,QPR,2.0,1.0,H,2014-2015,8587
8588,Everton,Swansea,0.0,0.0,D,2014-2015,8588
8589,Hull,Southampton,0.0,1.0,A,2014-2015,8589
8590,Leicester,West Brom,0.0,1.0,A,2014-2015,8590
8591,Newcastle,Liverpool,1.0,0.0,H,2014-2015,8591
8592,Stoke,West Ham,2.0,2.0,D,2014-2015,8592
8593,Aston Villa,Tottenham,1.0,2.0,A,2014-2015,8593
8594,Man City,Man United,1.0,0.0,H,2014-2015,8594
8595,Crystal Palace,Sunderland,1.0,3.0,A,2014-2015,8595
8596,Burnley,Hull,1.0,0.0,H,2014-2015,8596
8597,Liverpool,Chelsea,1.0,2.0,A,2014-2015,8597
8598,Man United,Crystal Palace,1.0,0.0,H,2014-2015,8598
8599,QPR,Man City,2.0,2.0,D,2014-2015,8599
8600,Southampton,Leicester,2.0,0.0,H,2014-2015,8600
8601,West Ham,Aston Villa,0.0,0.0,D,2014-2015,8601
8602,Sunderland,Everton,1.0,1.0,D,2014-2015,8602
8603,Swansea,Arsenal,2.0,1.0,H,2014-2015,8603
8604,Tottenham,Stoke,1.0,2.0,A,2014-2015,8604
8605,West Brom,Newcastle,0.0,2.0,A,2014-2015,8605
8606,Arsenal,Man United,1.0,2.0,A,2014-2015,8606
8607,Chelsea,West Brom,2.0,0.0,H,2014-2015,8607
8608,Everton,West Ham,2.0,1.0,H,2014-2015,8608
8609,Leicester,Sunderland,0.0,0.0,D,2014-2015,8609
8610,Man City,Swansea,2.0,1.0,H,2014-2015,8610
8611,Newcastle,QPR,1.0,0.0,H,2014-2015,8611
8612,Stoke,Burnley,1.0,2.0,A,2014-2015,8612
8613,Crystal Palace,Liverpool,3.0,1.0,H,2014-2015,8613
8614,Hull,Tottenham,1.0,2.0,A,2014-2015,8614
8615,Aston Villa,Southampton,1.0,1.0,D,2014-2015,8615
8616,Burnley,Aston Villa,1.0,1.0,D,2014-2015,8616
8617,Liverpool,Stoke,1.0,0.0,H,2014-2015,8617
8618,Man United,Hull,3.0,0.0,H,2014-2015,8618
8619,QPR,Leicester,3.0,2.0,H,2014-2015,8619
8620,Sunderland,Chelsea,0.0,0.0,D,2014-2015,8620
8621,Swansea,Crystal Palace,1.0,1.0,D,2014-2015,8621
8622,West Brom,Arsenal,0.0,1.0,A,2014-2015,8622
8623,West Ham,Newcastle,1.0,0.0,H,2014-2015,8623
8624,Southampton,Man City,0.0,3.0,A,2014-2015,8624
8625,Tottenham,Everton,2.0,1.0,H,2014-2015,8625
8626,Burnley,Newcastle,1.0,1.0,D,2014-2015,8626
8627,Crystal Palace,Aston Villa,0.0,1.0,A,2014-2015,8627
8628,Leicester,Liverpool,1.0,3.0,A,2014-2015,8628
8629,Man United,Stoke,2.0,1.0,H,2014-2015,8629
8630,Swansea,QPR,2.0,0.0,H,2014-2015,8630
8631,West Brom,West Ham,1.0,2.0,A,2014-2015,8631
8632,Arsenal,Southampton,1.0,0.0,H,2014-2015,8632
8633,Chelsea,Tottenham,3.0,0.0,H,2014-2015,8633
8634,Everton,Hull,1.0,1.0,D,2014-2015,8634
8635,Sunderland,Man City,1.0,4.0,A,2014-2015,8635
8636,Hull,West Brom,0.0,0.0,D,2014-2015,8636
8637,Liverpool,Sunderland,0.0,0.0,D,2014-2015,8637
8638,Man City,Everton,1.0,0.0,H,2014-2015,8638
8639,Newcastle,Chelsea,2.0,1.0,H,2014-2015,8639
8640,QPR,Burnley,2.0,0.0,H,2014-2015,8640
8641,Stoke,Arsenal,3.0,2.0,H,2014-2015,8641
8642,Tottenham,Crystal Palace,0.0,0.0,D,2014-2015,8642
8643,Aston Villa,Leicester,2.0,1.0,H,2014-2015,8643
8644,West Ham,Swansea,3.0,1.0,H,2014-2015,8644
8645,Southampton,Man United,1.0,2.0,A,2014-2015,8645
8646,Arsenal,Newcastle,4.0,1.0,H,2014-2015,8646
8647,Burnley,Southampton,1.0,0.0,H,2014-2015,8647
8648,Chelsea,Hull,2.0,0.0,H,2014-2015,8648
8649,Crystal Palace,Stoke,1.0,1.0,D,2014-2015,8649
8650,Leicester,Man City,0.0,1.0,A,2014-2015,8650
8651,Sunderland,West Ham,1.0,1.0,D,2014-2015,8651
8652,West Brom,Aston Villa,1.0,0.0,H,2014-2015,8652
8653,Man United,Liverpool,3.0,0.0,H,2014-2015,8653
8654,Swansea,Tottenham,1.0,2.0,A,2014-2015,8654
8655,Everton,QPR,3.0,1.0,H,2014-2015,8655
8656,Aston Villa,Man United,1.0,1.0,D,2014-2015,8656
8657,Hull,Swansea,0.0,1.0,A,2014-2015,8657
8658,Man City,Crystal Palace,3.0,0.0,H,2014-2015,8658
8659,QPR,West Brom,3.0,2.0,H,2014-2015,8659
8660,Southampton,Everton,3.0,0.0,H,2014-2015,8660
8661,Tottenham,Burnley,2.0,1.0,H,2014-2015,8661
8662,West Ham,Leicester,2.0,0.0,H,2014-2015,8662
8663,Liverpool,Arsenal,2.0,2.0,D,2014-2015,8663
8664,Newcastle,Sunderland,0.0,1.0,A,2014-2015,8664
8665,Stoke,Chelsea,0.0,2.0,A,2014-2015,8665
8666,Arsenal,QPR,2.0,1.0,H,2014-2015,8666
8667,Burnley,Liverpool,0.0,1.0,A,2014-2015,8667
8668,Chelsea,West Ham,2.0,0.0,H,2014-2015,8668
8669,Crystal Palace,Southampton,1.0,3.0,A,2014-2015,8669
8670,Everton,Stoke,0.0,1.0,A,2014-2015,8670
8671,Leicester,Tottenham,1.0,2.0,A,2014-2015,8671
8672,Man United,Newcastle,3.0,1.0,H,2014-2015,8672
8673,Sunderland,Hull,1.0,3.0,A,2014-2015,8673
8674,Swansea,Aston Villa,1.0,0.0,H,2014-2015,8674
8675,West Brom,Man City,1.0,3.0,A,2014-2015,8675
8676,Aston Villa,Sunderland,0.0,0.0,D,2014-2015,8676
8677,Hull,Leicester,0.0,1.0,A,2014-2015,8677
8678,Man City,Burnley,2.0,2.0,D,2014-2015,8678
8679,Newcastle,Everton,3.0,2.0,H,2014-2015,8679
8680,QPR,Crystal Palace,0.0,0.0,D,2014-2015,8680
8681,Southampton,Chelsea,1.0,1.0,D,2014-2015,8681
8682,Stoke,West Brom,2.0,0.0,H,2014-2015,8682
8683,Tottenham,Man United,0.0,0.0,D,2014-2015,8683
8684,West Ham,Arsenal,1.0,2.0,A,2014-2015,8684
8685,Liverpool,Swansea,4.0,1.0,H,2014-2015,8685
8686,Aston Villa,Crystal Palace,0.0,0.0,D,2014-2015,8686
8687,Hull,Everton,2.0,0.0,H,2014-2015,8687
8688,Liverpool,Leicester,2.0,2.0,D,2014-2015,8688
8689,Man City,Sunderland,3.0,2.0,H,2014-2015,8689
8690,Newcastle,Burnley,3.0,3.0,D,2014-2015,8690
8691,QPR,Swansea,1.0,1.0,D,2014-2015,8691
8692,Southampton,Arsenal,2.0,0.0,H,2014-2015,8692
8693,Stoke,Man United,1.0,1.0,D,2014-2015,8693
8694,Tottenham,Chelsea,5.0,3.0,H,2014-2015,8694
8695,West Ham,West Brom,1.0,1.0,D,2014-2015,8695
8696,Burnley,QPR,2.0,1.0,H,2014-2015,8696
8697,Chelsea,Newcastle,2.0,0.0,H,2014-2015,8697
8698,Crystal Palace,Tottenham,2.0,1.0,H,2014-2015,8698
8699,Everton,Man City,1.0,1.0,D,2014-2015,8699
8700,Leicester,Aston Villa,1.0,0.0,H,2014-2015,8700
8701,Sunderland,Liverpool,0.0,1.0,A,2014-2015,8701
8702,Swansea,West Ham,1.0,1.0,D,2014-2015,8702
8703,West Brom,Hull,1.0,0.0,H,2014-2015,8703
8704,Arsenal,Stoke,3.0,0.0,H,2014-2015,8704
8705,Man United,Southampton,0.0,1.0,A,2014-2015,8705
8706,Aston Villa,Liverpool,0.0,2.0,A,2014-2015,8706
8707,Burnley,Crystal Palace,2.0,3.0,A,2014-2015,8707
8708,Leicester,Stoke,0.0,1.0,A,2014-2015,8708
8709,Newcastle,Southampton,1.0,2.0,A,2014-2015,8709
8710,QPR,Man United,0.0,2.0,A,2014-2015,8710
8711,Swansea,Chelsea,0.0,5.0,A,2014-2015,8711
8712,Tottenham,Sunderland,2.0,1.0,H,2014-2015,8712
8713,Man City,Arsenal,0.0,2.0,A,2014-2015,8713
8714,West Ham,Hull,3.0,0.0,H,2014-2015,8714
8715,Everton,West Brom,0.0,0.0,D,2014-2015,8715
8716,Chelsea,Man City,1.0,1.0,D,2014-2015,8716
8717,Crystal Palace,Everton,0.0,1.0,A,2014-2015,8717
8718,Hull,Newcastle,0.0,3.0,A,2014-2015,8718
8719,Liverpool,West Ham,2.0,0.0,H,2014-2015,8719
8720,Man United,Leicester,3.0,1.0,H,2014-2015,8720
8721,Stoke,QPR,3.0,1.0,H,2014-2015,8721
8722,Sunderland,Burnley,2.0,0.0,H,2014-2015,8722
8723,West Brom,Tottenham,0.0,3.0,A,2014-2015,8723
8724,Arsenal,Aston Villa,5.0,0.0,H,2014-2015,8724
8725,Southampton,Swansea,0.0,1.0,A,2014-2015,8725
8726,Aston Villa,Chelsea,1.0,2.0,A,2014-2015,8726
8727,Everton,Liverpool,0.0,0.0,D,2014-2015,8727
8728,Leicester,Crystal Palace,0.0,1.0,A,2014-2015,8728
8729,Man City,Hull,1.0,1.0,D,2014-2015,8729
8730,QPR,Southampton,0.0,1.0,A,2014-2015,8730
8731,Swansea,Sunderland,1.0,1.0,D,2014-2015,8731
8732,Tottenham,Arsenal,2.0,1.0,H,2014-2015,8732
8733,Burnley,West Brom,2.0,2.0,D,2014-2015,8733
8734,Newcastle,Stoke,1.0,1.0,D,2014-2015,8734
8735,West Ham,Man United,1.0,1.0,D,2014-2015,8735
8736,Arsenal,Leicester,2.0,1.0,H,2014-2015,8736
8737,Hull,Aston Villa,2.0,0.0,H,2014-2015,8737
8738,Liverpool,Tottenham,3.0,2.0,H,2014-2015,8738
8739,Sunderland,QPR,0.0,2.0,A,2014-2015,8739
8740,Chelsea,Everton,1.0,0.0,H,2014-2015,8740
8741,Crystal Palace,Newcastle,1.0,1.0,D,2014-2015,8741
8742,Man United,Burnley,3.0,1.0,H,2014-2015,8742
8743,Southampton,West Ham,0.0,0.0,D,2014-2015,8743
8744,Stoke,Man City,1.0,4.0,A,2014-2015,8744
8745,West Brom,Swansea,2.0,0.0,H,2014-2015,8745
8746,Aston Villa,Stoke,1.0,2.0,A,2014-2015,8746
8747,Chelsea,Burnley,1.0,1.0,D,2014-2015,8747
8748,Crystal Palace,Arsenal,1.0,2.0,A,2014-2015,8748
8749,Hull,QPR,2.0,1.0,H,2014-2015,8749
8750,Man City,Newcastle,5.0,0.0,H,2014-2015,8750
8751,Sunderland,West Brom,0.0,0.0,D,2014-2015,8751
8752,Swansea,Man United,2.0,1.0,H,2014-2015,8752
8753,Everton,Leicester,2.0,2.0,D,2014-2015,8753
8754,Southampton,Liverpool,0.0,2.0,A,2014-2015,8754
8755,Tottenham,West Ham,2.0,2.0,D,2014-2015,8755
8756,Burnley,Swansea,0.0,1.0,A,2014-2015,8756
8757,Man United,Sunderland,2.0,0.0,H,2014-2015,8757
8758,Newcastle,Aston Villa,1.0,0.0,H,2014-2015,8758
8759,Stoke,Hull,1.0,0.0,H,2014-2015,8759
8760,West Brom,Southampton,1.0,0.0,H,2014-2015,8760
8761,West Ham,Crystal Palace,1.0,3.0,A,2014-2015,8761
8762,Arsenal,Everton,2.0,0.0,H,2014-2015,8762
8763,Liverpool,Man City,2.0,1.0,H,2014-2015,8763
8764,Aston Villa,West Brom,2.0,1.0,H,2014-2015,8764
8765,Hull,Sunderland,1.0,1.0,D,2014-2015,8765
8766,Southampton,Crystal Palace,1.0,0.0,H,2014-2015,8766
8767,Liverpool,Burnley,2.0,0.0,H,2014-2015,8767
8768,Man City,Leicester,2.0,0.0,H,2014-2015,8768
8769,Newcastle,Man United,0.0,1.0,A,2014-2015,8769
8770,QPR,Arsenal,1.0,2.0,A,2014-2015,8770
8771,Stoke,Everton,2.0,0.0,H,2014-2015,8771
8772,Tottenham,Swansea,3.0,2.0,H,2014-2015,8772
8773,West Ham,Chelsea,0.0,1.0,A,2014-2015,8773
8774,QPR,Tottenham,1.0,2.0,A,2014-2015,8774
8775,Arsenal,West Ham,3.0,0.0,H,2014-2015,8775
8776,Burnley,Man City,1.0,0.0,H,2014-2015,8776
8777,Crystal Palace,QPR,3.0,1.0,H,2014-2015,8777
8778,Leicester,Hull,0.0,0.0,D,2014-2015,8778
8779,Sunderland,Aston Villa,0.0,4.0,A,2014-2015,8779
8780,West Brom,Stoke,1.0,0.0,H,2014-2015,8780
8781,Chelsea,Southampton,1.0,1.0,D,2014-2015,8781
8782,Everton,Newcastle,3.0,0.0,H,2014-2015,8782
8783,Man United,Tottenham,3.0,0.0,H,2014-2015,8783
8784,Swansea,Liverpool,0.0,1.0,A,2014-2015,8784
8785,Aston Villa,Swansea,0.0,1.0,A,2014-2015,8785
8786,Man City,West Brom,3.0,0.0,H,2014-2015,8786
8787,Newcastle,Arsenal,1.0,2.0,A,2014-2015,8787
8788,Southampton,Burnley,2.0,0.0,H,2014-2015,8788
8789,Stoke,Crystal Palace,1.0,2.0,A,2014-2015,8789
8790,Tottenham,Leicester,4.0,3.0,H,2014-2015,8790
8791,West Ham,Sunderland,1.0,0.0,H,2014-2015,8791
8792,Hull,Chelsea,2.0,3.0,A,2014-2015,8792
8793,Liverpool,Man United,1.0,2.0,A,2014-2015,8793
8794,QPR,Everton,1.0,2.0,A,2014-2015,8794
8795,Arsenal,Liverpool,4.0,1.0,H,2014-2015,8795
8796,Chelsea,Stoke,2.0,1.0,H,2014-2015,8796
8797,Everton,Southampton,1.0,0.0,H,2014-2015,8797
8798,Leicester,West Ham,2.0,1.0,H,2014-2015,8798
8799,Man United,Aston Villa,3.0,1.0,H,2014-2015,8799
8800,Swansea,Hull,3.0,1.0,H,2014-2015,8800
8801,West Brom,QPR,1.0,4.0,A,2014-2015,8801
8802,Burnley,Tottenham,0.0,0.0,D,2014-2015,8802
8803,Sunderland,Newcastle,1.0,0.0,H,2014-2015,8803
8804,Crystal Palace,Man City,2.0,1.0,H,2014-2015,8804
8805,Aston Villa,QPR,3.0,3.0,D,2014-2015,8805
8806,Burnley,Arsenal,0.0,1.0,A,2014-2015,8806
8807,Southampton,Hull,2.0,0.0,H,2014-2015,8807
8808,Sunderland,Crystal Palace,1.0,4.0,A,2014-2015,8808
8809,Swansea,Everton,1.0,1.0,D,2014-2015,8809
8810,Tottenham,Aston Villa,0.0,1.0,A,2014-2015,8810
8811,West Brom,Leicester,2.0,3.0,A,2014-2015,8811
8812,West Ham,Stoke,1.0,1.0,D,2014-2015,8812
8813,Man United,Man City,4.0,2.0,H,2014-2015,8813
8814,QPR,Chelsea,0.0,1.0,A,2014-2015,8814
8815,Liverpool,Newcastle,2.0,0.0,H,2014-2015,8815
8816,Chelsea,Man United,1.0,0.0,H,2014-2015,8816
8817,Crystal Palace,West Brom,0.0,2.0,A,2014-2015,8817
8818,Everton,Burnley,1.0,0.0,H,2014-2015,8818
8819,Leicester,Swansea,2.0,0.0,H,2014-2015,8819
8820,Stoke,Southampton,2.0,1.0,H,2014-2015,8820
8821,Man City,West Ham,2.0,0.0,H,2014-2015,8821
8822,Newcastle,Tottenham,1.0,3.0,A,2014-2015,8822
8823,Burnley,Leicester,0.0,1.0,A,2014-2015,8823
8824,Crystal Palace,Hull,0.0,2.0,A,2014-2015,8824
8825,Man City,Aston Villa,3.0,2.0,H,2014-2015,8825
8826,Newcastle,Swansea,2.0,3.0,A,2014-2015,8826
8827,QPR,West Ham,0.0,0.0,D,2014-2015,8827
8828,Southampton,Tottenham,2.0,2.0,D,2014-2015,8828
8829,Stoke,Sunderland,1.0,1.0,D,2014-2015,8829
8830,West Brom,Liverpool,0.0,0.0,D,2014-2015,8830
8831,Arsenal,Chelsea,0.0,0.0,D,2014-2015,8831
8832,Everton,Man United,3.0,0.0,H,2014-2015,8832
8833,Hull,Liverpool,1.0,0.0,H,2014-2015,8833
8834,Leicester,Chelsea,1.0,3.0,A,2014-2015,8834
8835,Aston Villa,Everton,3.0,2.0,H,2014-2015,8835
8836,Leicester,Newcastle,3.0,0.0,H,2014-2015,8836
8837,Liverpool,QPR,2.0,1.0,H,2014-2015,8837
8838,Man United,West Brom,0.0,1.0,A,2014-2015,8838
8839,Sunderland,Southampton,2.0,1.0,H,2014-2015,8839
8840,Swansea,Stoke,2.0,0.0,H,2014-2015,8840
8841,West Ham,Burnley,1.0,0.0,H,2014-2015,8841
8842,Chelsea,Crystal Palace,1.0,0.0,H,2014-2015,8842
8843,Tottenham,Man City,0.0,1.0,A,2014-2015,8843
8844,Hull,Arsenal,1.0,3.0,A,2014-2015,8844
8845,Aston Villa,West Ham,1.0,0.0,H,2014-2015,8845
8846,Crystal Palace,Man United,1.0,2.0,A,2014-2015,8846
8847,Everton,Sunderland,0.0,2.0,A,2014-2015,8847
8848,Hull,Burnley,0.0,1.0,A,2014-2015,8848
8849,Leicester,Southampton,2.0,0.0,H,2014-2015,8849
8850,Newcastle,West Brom,1.0,1.0,D,2014-2015,8850
8851,Stoke,Tottenham,3.0,0.0,H,2014-2015,8851
8852,Chelsea,Liverpool,1.0,1.0,D,2014-2015,8852
8853,Man City,QPR,6.0,0.0,H,2014-2015,8853
8854,Arsenal,Swansea,0.0,1.0,A,2014-2015,8854
8855,Burnley,Stoke,0.0,0.0,D,2014-2015,8855
8856,Liverpool,Crystal Palace,1.0,3.0,A,2014-2015,8856
8857,QPR,Newcastle,2.0,1.0,H,2014-2015,8857
8858,Southampton,Aston Villa,6.0,1.0,H,2014-2015,8858
8859,Sunderland,Leicester,0.0,0.0,D,2014-2015,8859
8860,Tottenham,Hull,2.0,0.0,H,2014-2015,8860
8861,West Ham,Everton,1.0,2.0,A,2014-2015,8861
8862,Man United,Arsenal,1.0,1.0,D,2014-2015,8862
8863,Swansea,Man City,2.0,4.0,A,2014-2015,8863
8864,West Brom,Chelsea,3.0,0.0,H,2014-2015,8864
8865,Arsenal,Sunderland,0.0,0.0,D,2014-2015,8865
8866,Arsenal,West Brom,4.0,1.0,H,2014-2015,8866
8867,Aston Villa,Burnley,0.0,1.0,A,2014-2015,8867
8868,Chelsea,Sunderland,3.0,1.0,H,2014-2015,8868
8869,Crystal Palace,Swansea,1.0,0.0,H,2014-2015,8869
8870,Everton,Tottenham,0.0,1.0,A,2014-2015,8870
8871,Hull,Man United,0.0,0.0,D,2014-2015,8871
8872,Leicester,QPR,5.0,1.0,H,2014-2015,8872
8873,Man City,Southampton,2.0,0.0,H,2014-2015,8873
8874,Newcastle,West Ham,2.0,0.0,H,2014-2015,8874
8875,Stoke,Liverpool,6.0,1.0,H,2014-2015,8875
8876,,,,,,2014-2015,8876
8877,Bournemouth,Aston Villa,0.0,1.0,A,2015-2016,8877
8878,Chelsea,Swansea,2.0,2.0,D,2015-2016,8878
8879,Everton,Watford,2.0,2.0,D,2015-2016,8879
8880,Leicester,Sunderland,4.0,2.0,H,2015-2016,8880
8881,Man United,Tottenham,1.0,0.0,H,2015-2016,8881
8882,Norwich,Crystal Palace,1.0,3.0,A,2015-2016,8882
8883,Arsenal,West Ham,0.0,2.0,A,2015-2016,8883
8884,Newcastle,Southampton,2.0,2.0,D,2015-2016,8884
8885,Stoke,Liverpool,0.0,1.0,A,2015-2016,8885
8886,West Brom,Man City,0.0,3.0,A,2015-2016,8886
8887,Aston Villa,Man United,0.0,1.0,A,2015-2016,8887
8888,Southampton,Everton,0.0,3.0,A,2015-2016,8888
8889,Sunderland,Norwich,1.0,3.0,A,2015-2016,8889
8890,Swansea,Newcastle,2.0,0.0,H,2015-2016,8890
8891,Tottenham,Stoke,2.0,2.0,D,2015-2016,8891
8892,Watford,West Brom,0.0,0.0,D,2015-2016,8892
8893,West Ham,Leicester,1.0,2.0,A,2015-2016,8893
8894,Crystal Palace,Arsenal,1.0,2.0,A,2015-2016,8894
8895,Man City,Chelsea,3.0,0.0,H,2015-2016,8895
8896,Liverpool,Bournemouth,1.0,0.0,H,2015-2016,8896
8897,Crystal Palace,Aston Villa,2.0,1.0,H,2015-2016,8897
8898,Leicester,Tottenham,1.0,1.0,D,2015-2016,8898
8899,Man United,Newcastle,0.0,0.0,D,2015-2016,8899
8900,Norwich,Stoke,1.0,1.0,D,2015-2016,8900
8901,Sunderland,Swansea,1.0,1.0,D,2015-2016,8901
8902,West Ham,Bournemouth,3.0,4.0,A,2015-2016,8902
8903,Everton,Man City,0.0,2.0,A,2015-2016,8903
8904,Watford,Southampton,0.0,0.0,D,2015-2016,8904
8905,West Brom,Chelsea,2.0,3.0,A,2015-2016,8905
8906,Arsenal,Liverpool,0.0,0.0,D,2015-2016,8906
8907,Aston Villa,Sunderland,2.0,2.0,D,2015-2016,8907
8908,Bournemouth,Leicester,1.0,1.0,D,2015-2016,8908
8909,Chelsea,Crystal Palace,1.0,2.0,A,2015-2016,8909
8910,Liverpool,West Ham,0.0,3.0,A,2015-2016,8910
8911,Man City,Watford,2.0,0.0,H,2015-2016,8911
8912,Newcastle,Arsenal,0.0,1.0,A,2015-2016,8912
8913,Stoke,West Brom,0.0,1.0,A,2015-2016,8913
8914,Tottenham,Everton,0.0,0.0,D,2015-2016,8914
8915,Southampton,Norwich,3.0,0.0,H,2015-2016,8915
8916,Swansea,Man United,2.0,1.0,H,2015-2016,8916
8917,Arsenal,Stoke,2.0,0.0,H,2015-2016,8917
8918,Crystal Palace,Man City,0.0,1.0,A,2015-2016,8918
8919,Everton,Chelsea,3.0,1.0,H,2015-2016,8919
8920,Man United,Liverpool,3.0,1.0,H,2015-2016,8920
8921,Norwich,Bournemouth,3.0,1.0,H,2015-2016,8921
8922,Watford,Swansea,1.0,0.0,H,2015-2016,8922
8923,West Brom,Southampton,0.0,0.0,D,2015-2016,8923
8924,Leicester,Aston Villa,3.0,2.0,H,2015-2016,8924
8925,Sunderland,Tottenham,0.0,1.0,A,2015-2016,8925
8926,West Ham,Newcastle,2.0,0.0,H,2015-2016,8926
8927,Aston Villa,West Brom,0.0,1.0,A,2015-2016,8927
8928,Bournemouth,Sunderland,2.0,0.0,H,2015-2016,8928
8929,Chelsea,Arsenal,2.0,0.0,H,2015-2016,8929
8930,Man City,West Ham,1.0,2.0,A,2015-2016,8930
8931,Newcastle,Watford,1.0,2.0,A,2015-2016,8931
8932,Stoke,Leicester,2.0,2.0,D,2015-2016,8932
8933,Swansea,Everton,0.0,0.0,D,2015-2016,8933
8934,Liverpool,Norwich,1.0,1.0,D,2015-2016,8934
8935,Southampton,Man United,2.0,3.0,A,2015-2016,8935
8936,Tottenham,Crystal Palace,1.0,0.0,H,2015-2016,8936
8937,Leicester,Arsenal,2.0,5.0,A,2015-2016,8937
8938,Liverpool,Aston Villa,3.0,2.0,H,2015-2016,8938
8939,Man United,Sunderland,3.0,0.0,H,2015-2016,8939
8940,Newcastle,Chelsea,2.0,2.0,D,2015-2016,8940
8941,Southampton,Swansea,3.0,1.0,H,2015-2016,8941
8942,Stoke,Bournemouth,2.0,1.0,H,2015-2016,8942
8943,Tottenham,Man City,4.0,1.0,H,2015-2016,8943
8944,West Ham,Norwich,2.0,2.0,D,2015-2016,8944
8945,Watford,Crystal Palace,0.0,1.0,A,2015-2016,8945
8946,West Brom,Everton,2.0,3.0,A,2015-2016,8946
8947,Aston Villa,Stoke,0.0,1.0,A,2015-2016,8947
8948,Bournemouth,Watford,1.0,1.0,D,2015-2016,8948
8949,Chelsea,Southampton,1.0,3.0,A,2015-2016,8949
8950,Crystal Palace,West Brom,2.0,0.0,H,2015-2016,8950
8951,Man City,Newcastle,6.0,1.0,H,2015-2016,8951
8952,Norwich,Leicester,1.0,2.0,A,2015-2016,8952
8953,Sunderland,West Ham,2.0,2.0,D,2015-2016,8953
8954,Arsenal,Man United,3.0,0.0,H,2015-2016,8954
8955,Everton,Liverpool,1.0,1.0,D,2015-2016,8955
8956,Swansea,Tottenham,2.0,2.0,D,2015-2016,8956
8957,Chelsea,Aston Villa,2.0,0.0,H,2015-2016,8957
8958,Crystal Palace,West Ham,1.0,3.0,A,2015-2016,8958
8959,Everton,Man United,0.0,3.0,A,2015-2016,8959
8960,Man City,Bournemouth,5.0,1.0,H,2015-2016,8960
8961,Southampton,Leicester,2.0,2.0,D,2015-2016,8961
8962,Tottenham,Liverpool,0.0,0.0,D,2015-2016,8962
8963,Watford,Arsenal,0.0,3.0,A,2015-2016,8963
8964,West Brom,Sunderland,1.0,0.0,H,2015-2016,8964
8965,Newcastle,Norwich,6.0,2.0,H,2015-2016,8965
8966,Swansea,Stoke,0.0,1.0,A,2015-2016,8966
8967,Arsenal,Everton,2.0,1.0,H,2015-2016,8967
8968,Aston Villa,Swansea,1.0,2.0,A,2015-2016,8968
8969,Leicester,Crystal Palace,1.0,0.0,H,2015-2016,8969
8970,Norwich,West Brom,0.0,1.0,A,2015-2016,8970
8971,Stoke,Watford,0.0,2.0,A,2015-2016,8971
8972,West Ham,Chelsea,2.0,1.0,H,2015-2016,8972
8973,Bournemouth,Tottenham,1.0,5.0,A,2015-2016,8973
8974,Liverpool,Southampton,1.0,1.0,D,2015-2016,8974
8975,Man United,Man City,0.0,0.0,D,2015-2016,8975
8976,Sunderland,Newcastle,3.0,0.0,H,2015-2016,8976
8977,Chelsea,Liverpool,1.0,3.0,A,2015-2016,8977
8978,Crystal Palace,Man United,0.0,0.0,D,2015-2016,8978
8979,Man City,Norwich,2.0,1.0,H,2015-2016,8979
8980,Newcastle,Stoke,0.0,0.0,D,2015-2016,8980
8981,Swansea,Arsenal,0.0,3.0,A,2015-2016,8981
8982,Watford,West Ham,2.0,0.0,H,2015-2016,8982
8983,West Brom,Leicester,2.0,3.0,A,2015-2016,8983
8984,Everton,Sunderland,6.0,2.0,H,2015-2016,8984
8985,Southampton,Bournemouth,2.0,0.0,H,2015-2016,8985
8986,Tottenham,Aston Villa,3.0,1.0,H,2015-2016,8986
8987,Bournemouth,Newcastle,0.0,1.0,A,2015-2016,8987
8988,Leicester,Watford,2.0,1.0,H,2015-2016,8988
8989,Man United,West Brom,2.0,0.0,H,2015-2016,8989
8990,Norwich,Swansea,1.0,0.0,H,2015-2016,8990
8991,Stoke,Chelsea,1.0,0.0,H,2015-2016,8991
8992,Sunderland,Southampton,0.0,1.0,A,2015-2016,8992
8993,West Ham,Everton,1.0,1.0,D,2015-2016,8993
8994,Arsenal,Tottenham,1.0,1.0,D,2015-2016,8994
8995,Aston Villa,Man City,0.0,0.0,D,2015-2016,8995
8996,Liverpool,Crystal Palace,1.0,2.0,A,2015-2016,8996
8997,Chelsea,Norwich,1.0,0.0,H,2015-2016,8997
8998,Everton,Aston Villa,4.0,0.0,H,2015-2016,8998
8999,Man City,Liverpool,1.0,4.0,A,2015-2016,8999
9000,Newcastle,Leicester,0.0,3.0,A,2015-2016,9000
9001,Southampton,Stoke,0.0,1.0,A,2015-2016,9001
9002,Swansea,Bournemouth,2.0,2.0,D,2015-2016,9002
9003,Watford,Man United,1.0,2.0,A,2015-2016,9003
9004,West Brom,Arsenal,2.0,1.0,H,2015-2016,9004
9005,Tottenham,West Ham,4.0,1.0,H,2015-2016,9005
9006,Crystal Palace,Sunderland,0.0,1.0,A,2015-2016,9006
9007,Aston Villa,Watford,2.0,3.0,A,2015-2016,9007
9008,Bournemouth,Everton,3.0,3.0,D,2015-2016,9008
9009,Crystal Palace,Newcastle,5.0,1.0,H,2015-2016,9009
9010,Leicester,Man United,1.0,1.0,D,2015-2016,9010
9011,Man City,Southampton,3.0,1.0,H,2015-2016,9011
9012,Sunderland,Stoke,2.0,0.0,H,2015-2016,9012
9013,Liverpool,Swansea,1.0,0.0,H,2015-2016,9013
9014,Norwich,Arsenal,1.0,1.0,D,2015-2016,9014
9015,Tottenham,Chelsea,0.0,0.0,D,2015-2016,9015
9016,West Ham,West Brom,1.0,1.0,D,2015-2016,9016
9017,Arsenal,Sunderland,3.0,1.0,H,2015-2016,9017
9018,Chelsea,Bournemouth,0.0,1.0,A,2015-2016,9018
9019,Man United,West Ham,0.0,0.0,D,2015-2016,9019
9020,Southampton,Aston Villa,1.0,1.0,D,2015-2016,9020
9021,Stoke,Man City,2.0,0.0,H,2015-2016,9021
9022,Swansea,Leicester,0.0,3.0,A,2015-2016,9022
9023,Watford,Norwich,2.0,0.0,H,2015-2016,9023
9024,West Brom,Tottenham,1.0,1.0,D,2015-2016,9024
9025,Newcastle,Liverpool,2.0,0.0,H,2015-2016,9025
9026,Everton,Crystal Palace,1.0,1.0,D,2015-2016,9026
9027,Bournemouth,Man United,2.0,1.0,H,2015-2016,9027
9028,Crystal Palace,Southampton,1.0,0.0,H,2015-2016,9028
9029,Man City,Swansea,2.0,1.0,H,2015-2016,9029
9030,Norwich,Everton,1.0,1.0,D,2015-2016,9030
9031,Sunderland,Watford,0.0,1.0,A,2015-2016,9031
9032,West Ham,Stoke,0.0,0.0,D,2015-2016,9032
9033,Aston Villa,Arsenal,0.0,2.0,A,2015-2016,9033
9034,Liverpool,West Brom,2.0,2.0,D,2015-2016,9034
9035,Tottenham,Newcastle,1.0,2.0,A,2015-2016,9035
9036,Leicester,Chelsea,2.0,1.0,H,2015-2016,9036
9037,Chelsea,Sunderland,3.0,1.0,H,2015-2016,9037
9038,Everton,Leicester,2.0,3.0,A,2015-2016,9038
9039,Man United,Norwich,1.0,2.0,A,2015-2016,9039
9040,Newcastle,Aston Villa,1.0,1.0,D,2015-2016,9040
9041,Southampton,Tottenham,0.0,2.0,A,2015-2016,9041
9042,Stoke,Crystal Palace,1.0,2.0,A,2015-2016,9042
9043,West Brom,Bournemouth,1.0,2.0,A,2015-2016,9043
9044,Swansea,West Ham,0.0,0.0,D,2015-2016,9044
9045,Watford,Liverpool,3.0,0.0,H,2015-2016,9045
9046,Arsenal,Man City,2.0,1.0,H,2015-2016,9046
9047,Aston Villa,West Ham,1.0,1.0,D,2015-2016,9047
9048,Bournemouth,Crystal Palace,0.0,0.0,D,2015-2016,9048
9049,Chelsea,Watford,2.0,2.0,D,2015-2016,9049
9050,Liverpool,Leicester,1.0,0.0,H,2015-2016,9050
9051,Man City,Sunderland,4.0,1.0,H,2015-2016,9051
9052,Newcastle,Everton,0.0,1.0,A,2015-2016,9052
9053,Southampton,Arsenal,4.0,0.0,H,2015-2016,9053
9054,Stoke,Man United,2.0,0.0,H,2015-2016,9054
9055,Swansea,West Brom,1.0,0.0,H,2015-2016,9055
9056,Tottenham,Norwich,3.0,0.0,H,2015-2016,9056
9057,Arsenal,Bournemouth,2.0,0.0,H,2015-2016,9057
9058,Crystal Palace,Swansea,0.0,0.0,D,2015-2016,9058
9059,Everton,Stoke,3.0,4.0,A,2015-2016,9059
9060,Man United,Chelsea,0.0,0.0,D,2015-2016,9060
9061,Norwich,Aston Villa,2.0,0.0,H,2015-2016,9061
9062,Watford,Tottenham,1.0,2.0,A,2015-2016,9062
9063,West Brom,Newcastle,1.0,0.0,H,2015-2016,9063
9064,West Ham,Southampton,2.0,1.0,H,2015-2016,9064
9065,Leicester,Man City,0.0,0.0,D,2015-2016,9065
9066,Sunderland,Liverpool,0.0,1.0,A,2015-2016,9066
9067,Arsenal,Newcastle,1.0,0.0,H,2015-2016,9067
9068,Leicester,Bournemouth,0.0,0.0,D,2015-2016,9068
9069,Man United,Swansea,2.0,1.0,H,2015-2016,9069
9070,Norwich,Southampton,1.0,0.0,H,2015-2016,9070
9071,Sunderland,Aston Villa,3.0,1.0,H,2015-2016,9071
9072,Watford,Man City,1.0,2.0,A,2015-2016,9072
9073,West Brom,Stoke,2.0,1.0,H,2015-2016,9073
9074,West Ham,Liverpool,2.0,0.0,H,2015-2016,9074
9075,Crystal Palace,Chelsea,0.0,3.0,A,2015-2016,9075
9076,Everton,Tottenham,1.0,1.0,D,2015-2016,9076
9077,Aston Villa,Crystal Palace,1.0,0.0,H,2015-2016,9077
9078,Bournemouth,West Ham,1.0,3.0,A,2015-2016,9078
9079,Newcastle,Man United,3.0,3.0,D,2015-2016,9079
9080,Chelsea,West Brom,2.0,2.0,D,2015-2016,9080
9081,Liverpool,Arsenal,3.0,3.0,D,2015-2016,9081
9082,Man City,Everton,0.0,0.0,D,2015-2016,9082
9083,Southampton,Watford,2.0,0.0,H,2015-2016,9083
9084,Stoke,Norwich,3.0,1.0,H,2015-2016,9084
9085,Swansea,Sunderland,2.0,4.0,A,2015-2016,9085
9086,Tottenham,Leicester,0.0,1.0,A,2015-2016,9086
9087,Aston Villa,Leicester,1.0,1.0,D,2015-2016,9087
9088,Bournemouth,Norwich,3.0,0.0,H,2015-2016,9088
9089,Chelsea,Everton,3.0,3.0,D,2015-2016,9089
9090,Man City,Crystal Palace,4.0,0.0,H,2015-2016,9090
9091,Newcastle,West Ham,2.0,1.0,H,2015-2016,9091
9092,Southampton,West Brom,3.0,0.0,H,2015-2016,9092
9093,Tottenham,Sunderland,4.0,1.0,H,2015-2016,9093
9094,Liverpool,Man United,0.0,1.0,A,2015-2016,9094
9095,Stoke,Arsenal,0.0,0.0,D,2015-2016,9095
9096,Swansea,Watford,1.0,0.0,H,2015-2016,9096
9097,Crystal Palace,Tottenham,1.0,3.0,A,2015-2016,9097
9098,Leicester,Stoke,3.0,0.0,H,2015-2016,9098
9099,Man United,Southampton,0.0,1.0,A,2015-2016,9099
9100,Norwich,Liverpool,4.0,5.0,A,2015-2016,9100
9101,Sunderland,Bournemouth,1.0,1.0,D,2015-2016,9101
9102,Watford,Newcastle,2.0,1.0,H,2015-2016,9102
9103,West Brom,Aston Villa,0.0,0.0,D,2015-2016,9103
9104,West Ham,Man City,2.0,2.0,D,2015-2016,9104
9105,Arsenal,Chelsea,0.0,1.0,A,2015-2016,9105
9106,Everton,Swansea,1.0,2.0,A,2015-2016,9106
9107,Arsenal,Southampton,0.0,0.0,D,2015-2016,9107
9108,Crystal Palace,Bournemouth,1.0,2.0,A,2015-2016,9108
9109,Leicester,Liverpool,2.0,0.0,H,2015-2016,9109
9110,Man United,Stoke,3.0,0.0,H,2015-2016,9110
9111,Norwich,Tottenham,0.0,3.0,A,2015-2016,9111
9112,Sunderland,Man City,0.0,1.0,A,2015-2016,9112
9113,West Brom,Swansea,1.0,1.0,D,2015-2016,9113
9114,West Ham,Aston Villa,2.0,0.0,H,2015-2016,9114
9115,Everton,Newcastle,3.0,0.0,H,2015-2016,9115
9116,Watford,Chelsea,0.0,0.0,D,2015-2016,9116
9117,Aston Villa,Norwich,2.0,0.0,H,2015-2016,9117
9118,Liverpool,Sunderland,2.0,2.0,D,2015-2016,9118
9119,Man City,Leicester,1.0,3.0,A,2015-2016,9119
9120,Newcastle,West Brom,1.0,0.0,H,2015-2016,9120
9121,Southampton,West Ham,1.0,0.0,H,2015-2016,9121
9122,Stoke,Everton,0.0,3.0,A,2015-2016,9122
9123,Swansea,Crystal Palace,1.0,1.0,D,2015-2016,9123
9124,Tottenham,Watford,1.0,0.0,H,2015-2016,9124
9125,Bournemouth,Arsenal,0.0,2.0,A,2015-2016,9125
9126,Chelsea,Man United,1.0,1.0,D,2015-2016,9126
9127,Bournemouth,Stoke,1.0,3.0,A,2015-2016,9127
9128,Chelsea,Newcastle,5.0,1.0,H,2015-2016,9128
9129,Crystal Palace,Watford,1.0,2.0,A,2015-2016,9129
9130,Everton,West Brom,0.0,1.0,A,2015-2016,9130
9131,Norwich,West Ham,2.0,2.0,D,2015-2016,9131
9132,Sunderland,Man United,2.0,1.0,H,2015-2016,9132
9133,Swansea,Southampton,0.0,1.0,A,2015-2016,9133
9134,Arsenal,Leicester,2.0,1.0,H,2015-2016,9134
9135,Aston Villa,Liverpool,0.0,6.0,A,2015-2016,9135
9136,Man City,Tottenham,1.0,2.0,A,2015-2016,9136
9137,Leicester,Norwich,1.0,0.0,H,2015-2016,9137
9138,Southampton,Chelsea,1.0,2.0,A,2015-2016,9138
9139,Stoke,Aston Villa,2.0,1.0,H,2015-2016,9139
9140,Watford,Bournemouth,0.0,0.0,D,2015-2016,9140
9141,West Brom,Crystal Palace,3.0,2.0,H,2015-2016,9141
9142,West Ham,Sunderland,1.0,0.0,H,2015-2016,9142
9143,Tottenham,Swansea,2.0,1.0,H,2015-2016,9143
9144,Man United,Arsenal,3.0,2.0,H,2015-2016,9144
9145,Aston Villa,Everton,1.0,3.0,A,2015-2016,9145
9146,Bournemouth,Southampton,2.0,0.0,H,2015-2016,9146
9147,Leicester,West Brom,2.0,2.0,D,2015-2016,9147
9148,Norwich,Chelsea,1.0,2.0,A,2015-2016,9148
9149,Sunderland,Crystal Palace,2.0,2.0,D,2015-2016,9149
9150,Arsenal,Swansea,1.0,2.0,A,2015-2016,9150
9151,Liverpool,Man City,3.0,0.0,H,2015-2016,9151
9152,Man United,Watford,1.0,0.0,H,2015-2016,9152
9153,Stoke,Newcastle,1.0,0.0,H,2015-2016,9153
9154,West Ham,Tottenham,1.0,0.0,H,2015-2016,9154
9155,Chelsea,Stoke,1.0,1.0,D,2015-2016,9155
9156,Everton,West Ham,2.0,3.0,A,2015-2016,9156
9157,Man City,Aston Villa,4.0,0.0,H,2015-2016,9157
9158,Newcastle,Bournemouth,1.0,3.0,A,2015-2016,9158
9159,Southampton,Sunderland,1.0,1.0,D,2015-2016,9159
9160,Swansea,Norwich,1.0,0.0,H,2015-2016,9160
9161,Tottenham,Arsenal,2.0,2.0,D,2015-2016,9161
9162,Watford,Leicester,0.0,1.0,A,2015-2016,9162
9163,Crystal Palace,Liverpool,1.0,2.0,A,2015-2016,9163
9164,West Brom,Man United,1.0,0.0,H,2015-2016,9164
9165,Bournemouth,Swansea,3.0,2.0,H,2015-2016,9165
9166,Norwich,Man City,0.0,0.0,D,2015-2016,9166
9167,Stoke,Southampton,1.0,2.0,A,2015-2016,9167
9168,Aston Villa,Tottenham,0.0,2.0,A,2015-2016,9168
9169,Leicester,Newcastle,1.0,0.0,H,2015-2016,9169
9170,Chelsea,West Ham,2.0,2.0,D,2015-2016,9170
9171,Crystal Palace,Leicester,0.0,1.0,A,2015-2016,9171
9172,Everton,Arsenal,0.0,2.0,A,2015-2016,9172
9173,Swansea,Aston Villa,1.0,0.0,H,2015-2016,9173
9174,Watford,Stoke,1.0,2.0,A,2015-2016,9174
9175,West Brom,Norwich,0.0,1.0,A,2015-2016,9175
9176,Man City,Man United,0.0,1.0,A,2015-2016,9176
9177,Newcastle,Sunderland,1.0,1.0,D,2015-2016,9177
9178,Southampton,Liverpool,3.0,2.0,H,2015-2016,9178
9179,Tottenham,Bournemouth,3.0,0.0,H,2015-2016,9179
9180,Arsenal,Watford,4.0,0.0,H,2015-2016,9180
9181,Aston Villa,Chelsea,0.0,4.0,A,2015-2016,9181
9182,Bournemouth,Man City,0.0,4.0,A,2015-2016,9182
9183,Liverpool,Tottenham,1.0,1.0,D,2015-2016,9183
9184,Norwich,Newcastle,3.0,2.0,H,2015-2016,9184
9185,Stoke,Swansea,2.0,2.0,D,2015-2016,9185
9186,Sunderland,West Brom,0.0,0.0,D,2015-2016,9186
9187,West Ham,Crystal Palace,2.0,2.0,D,2015-2016,9187
9188,Leicester,Southampton,1.0,0.0,H,2015-2016,9188
9189,Man United,Everton,1.0,0.0,H,2015-2016,9189
9190,Aston Villa,Bournemouth,1.0,2.0,A,2015-2016,9190
9191,Crystal Palace,Norwich,1.0,0.0,H,2015-2016,9191
9192,Man City,West Brom,2.0,1.0,H,2015-2016,9192
9193,Southampton,Newcastle,3.0,1.0,H,2015-2016,9193
9194,Swansea,Chelsea,1.0,0.0,H,2015-2016,9194
9195,Watford,Everton,1.0,1.0,D,2015-2016,9195
9196,West Ham,Arsenal,3.0,3.0,D,2015-2016,9196
9197,Liverpool,Stoke,4.0,1.0,H,2015-2016,9197
9198,Sunderland,Leicester,0.0,2.0,A,2015-2016,9198
9199,Tottenham,Man United,3.0,0.0,H,2015-2016,9199
9200,Crystal Palace,Everton,0.0,0.0,D,2015-2016,9200
9201,Chelsea,Man City,0.0,3.0,A,2015-2016,9201
9202,Everton,Southampton,1.0,1.0,D,2015-2016,9202
9203,Man United,Aston Villa,1.0,0.0,H,2015-2016,9203
9204,Newcastle,Swansea,3.0,0.0,H,2015-2016,9204
9205,Norwich,Sunderland,0.0,3.0,A,2015-2016,9205
9206,West Brom,Watford,0.0,1.0,A,2015-2016,9206
9207,Arsenal,Crystal Palace,1.0,1.0,D,2015-2016,9207
9208,Bournemouth,Liverpool,1.0,2.0,A,2015-2016,9208
9209,Leicester,West Ham,2.0,2.0,D,2015-2016,9209
9210,Stoke,Tottenham,0.0,4.0,A,2015-2016,9210
9211,Newcastle,Man City,1.0,1.0,D,2015-2016,9211
9212,Liverpool,Everton,4.0,0.0,H,2015-2016,9212
9213,Man United,Crystal Palace,2.0,0.0,H,2015-2016,9213
9214,West Ham,Watford,3.0,1.0,H,2015-2016,9214
9215,Arsenal,West Brom,2.0,0.0,H,2015-2016,9215
9216,Aston Villa,Southampton,2.0,4.0,A,2015-2016,9216
9217,Bournemouth,Chelsea,1.0,4.0,A,2015-2016,9217
9218,Liverpool,Newcastle,2.0,2.0,D,2015-2016,9218
9219,Man City,Stoke,4.0,0.0,H,2015-2016,9219
9220,Leicester,Swansea,4.0,0.0,H,2015-2016,9220
9221,Sunderland,Arsenal,0.0,0.0,D,2015-2016,9221
9222,Tottenham,West Brom,1.0,1.0,D,2015-2016,9222
9223,Arsenal,Norwich,1.0,0.0,H,2015-2016,9223
9224,Everton,Bournemouth,2.0,1.0,H,2015-2016,9224
9225,Newcastle,Crystal Palace,1.0,0.0,H,2015-2016,9225
9226,Stoke,Sunderland,1.0,1.0,D,2015-2016,9226
9227,Watford,Aston Villa,3.0,2.0,H,2015-2016,9227
9228,West Brom,West Ham,0.0,3.0,A,2015-2016,9228
9229,Man United,Leicester,1.0,1.0,D,2015-2016,9229
9230,Southampton,Man City,4.0,2.0,H,2015-2016,9230
9231,Swansea,Liverpool,3.0,1.0,H,2015-2016,9231
9232,Chelsea,Tottenham,2.0,2.0,D,2015-2016,9232
9233,Aston Villa,Newcastle,0.0,0.0,D,2015-2016,9233
9234,Bournemouth,West Brom,1.0,1.0,D,2015-2016,9234
9235,Crystal Palace,Stoke,2.0,1.0,H,2015-2016,9235
9236,Leicester,Everton,3.0,1.0,H,2015-2016,9236
9237,Norwich,Man United,0.0,1.0,A,2015-2016,9237
9238,Sunderland,Chelsea,3.0,2.0,H,2015-2016,9238
9239,West Ham,Swansea,1.0,4.0,A,2015-2016,9239
9240,Liverpool,Watford,2.0,0.0,H,2015-2016,9240
9241,Man City,Arsenal,2.0,2.0,D,2015-2016,9241
9242,Tottenham,Southampton,1.0,2.0,A,2015-2016,9242
9243,West Ham,Man United,3.0,2.0,H,2015-2016,9243
9244,Liverpool,Chelsea,1.0,1.0,D,2015-2016,9244
9245,Norwich,Watford,4.0,2.0,H,2015-2016,9245
9246,Sunderland,Everton,3.0,0.0,H,2015-2016,9246
9247,Arsenal,Aston Villa,4.0,0.0,H,2015-2016,9247
9248,Chelsea,Leicester,1.0,1.0,D,2015-2016,9248
9249,Everton,Norwich,3.0,0.0,H,2015-2016,9249
9250,Newcastle,Tottenham,5.0,1.0,H,2015-2016,9250
9251,Southampton,Crystal Palace,4.0,1.0,H,2015-2016,9251
9252,Stoke,West Ham,2.0,1.0,H,2015-2016,9252
9253,Swansea,Man City,1.0,1.0,D,2015-2016,9253
9254,Watford,Sunderland,2.0,2.0,D,2015-2016,9254
9255,West Brom,Liverpool,1.0,1.0,D,2015-2016,9255
9256,Man United,Bournemouth,3.0,1.0,H,2015-2016,9256
9257,Burnley,Swansea,0.0,1.0,A,2016-2017,9257
9258,Crystal Palace,West Brom,0.0,1.0,A,2016-2017,9258
9259,Everton,Tottenham,1.0,1.0,D,2016-2017,9259
9260,Hull,Leicester,2.0,1.0,H,2016-2017,9260
9261,Man City,Sunderland,2.0,1.0,H,2016-2017,9261
9262,Middlesbrough,Stoke,1.0,1.0,D,2016-2017,9262
9263,Southampton,Watford,1.0,1.0,D,2016-2017,9263
9264,Arsenal,Liverpool,3.0,4.0,A,2016-2017,9264
9265,Bournemouth,Man United,1.0,3.0,A,2016-2017,9265
9266,Chelsea,West Ham,2.0,1.0,H,2016-2017,9266
9267,Man United,Southampton,2.0,0.0,H,2016-2017,9267
9268,Burnley,Liverpool,2.0,0.0,H,2016-2017,9268
9269,Leicester,Arsenal,0.0,0.0,D,2016-2017,9269
9270,Stoke,Man City,1.0,4.0,A,2016-2017,9270
9271,Swansea,Hull,0.0,2.0,A,2016-2017,9271
9272,Tottenham,Crystal Palace,1.0,0.0,H,2016-2017,9272
9273,Watford,Chelsea,1.0,2.0,A,2016-2017,9273
9274,West Brom,Everton,1.0,2.0,A,2016-2017,9274
9275,Sunderland,Middlesbrough,1.0,2.0,A,2016-2017,9275
9276,West Ham,Bournemouth,1.0,0.0,H,2016-2017,9276
9277,Chelsea,Burnley,3.0,0.0,H,2016-2017,9277
9278,Crystal Palace,Bournemouth,1.0,1.0,D,2016-2017,9278
9279,Everton,Stoke,1.0,0.0,H,2016-2017,9279
9280,Hull,Man United,0.0,1.0,A,2016-2017,9280
9281,Leicester,Swansea,2.0,1.0,H,2016-2017,9281
9282,Southampton,Sunderland,1.0,1.0,D,2016-2017,9282
9283,Tottenham,Liverpool,1.0,1.0,D,2016-2017,9283
9284,Watford,Arsenal,1.0,3.0,A,2016-2017,9284
9285,Man City,West Ham,3.0,1.0,H,2016-2017,9285
9286,West Brom,Middlesbrough,0.0,0.0,D,2016-2017,9286
9287,Arsenal,Southampton,2.0,1.0,H,2016-2017,9287
9288,Bournemouth,West Brom,1.0,0.0,H,2016-2017,9288
9289,Burnley,Hull,1.0,1.0,D,2016-2017,9289
9290,Liverpool,Leicester,4.0,1.0,H,2016-2017,9290
9291,Man United,Man City,1.0,2.0,A,2016-2017,9291
9292,Middlesbrough,Crystal Palace,1.0,2.0,A,2016-2017,9292
9293,Stoke,Tottenham,0.0,4.0,A,2016-2017,9293
9294,West Ham,Watford,2.0,4.0,A,2016-2017,9294
9295,Swansea,Chelsea,2.0,2.0,D,2016-2017,9295
9296,Sunderland,Everton,0.0,3.0,A,2016-2017,9296
9297,Chelsea,Liverpool,1.0,2.0,A,2016-2017,9297
9298,Everton,Middlesbrough,3.0,1.0,H,2016-2017,9298
9299,Hull,Arsenal,1.0,4.0,A,2016-2017,9299
9300,Leicester,Burnley,3.0,0.0,H,2016-2017,9300
9301,Man City,Bournemouth,4.0,0.0,H,2016-2017,9301
9302,West Brom,West Ham,4.0,2.0,H,2016-2017,9302
9303,Crystal Palace,Stoke,4.0,1.0,H,2016-2017,9303
9304,Southampton,Swansea,1.0,0.0,H,2016-2017,9304
9305,Tottenham,Sunderland,1.0,0.0,H,2016-2017,9305
9306,Watford,Man United,3.0,1.0,H,2016-2017,9306
9307,Arsenal,Chelsea,3.0,0.0,H,2016-2017,9307
9308,Bournemouth,Everton,1.0,0.0,H,2016-2017,9308
9309,Liverpool,Hull,5.0,1.0,H,2016-2017,9309
9310,Man United,Leicester,4.0,1.0,H,2016-2017,9310
9311,Middlesbrough,Tottenham,1.0,2.0,A,2016-2017,9311
9312,Stoke,West Brom,1.0,1.0,D,2016-2017,9312
9313,Sunderland,Crystal Palace,2.0,3.0,A,2016-2017,9313
9314,Swansea,Man City,1.0,3.0,A,2016-2017,9314
9315,West Ham,Southampton,0.0,3.0,A,2016-2017,9315
9316,Burnley,Watford,2.0,0.0,H,2016-2017,9316
9317,Everton,Crystal Palace,1.0,1.0,D,2016-2017,9317
9318,Hull,Chelsea,0.0,2.0,A,2016-2017,9318
9319,Sunderland,West Brom,1.0,1.0,D,2016-2017,9319
9320,Swansea,Liverpool,1.0,2.0,A,2016-2017,9320
9321,Watford,Bournemouth,2.0,2.0,D,2016-2017,9321
9322,West Ham,Middlesbrough,1.0,1.0,D,2016-2017,9322
9323,Burnley,Arsenal,0.0,1.0,A,2016-2017,9323
9324,Leicester,Southampton,0.0,0.0,D,2016-2017,9324
9325,Man United,Stoke,1.0,1.0,D,2016-2017,9325
9326,Tottenham,Man City,2.0,0.0,H,2016-2017,9326
9327,Arsenal,Swansea,3.0,2.0,H,2016-2017,9327
9328,Bournemouth,Hull,6.0,1.0,H,2016-2017,9328
9329,Chelsea,Leicester,3.0,0.0,H,2016-2017,9329
9330,Crystal Palace,West Ham,0.0,1.0,A,2016-2017,9330
9331,Man City,Everton,1.0,1.0,D,2016-2017,9331
9332,Stoke,Sunderland,2.0,0.0,H,2016-2017,9332
9333,West Brom,Tottenham,1.0,1.0,D,2016-2017,9333
9334,Middlesbrough,Watford,0.0,1.0,A,2016-2017,9334
9335,Southampton,Burnley,3.0,1.0,H,2016-2017,9335
9336,Liverpool,Man United,0.0,0.0,D,2016-2017,9336
9337,Arsenal,Middlesbrough,0.0,0.0,D,2016-2017,9337
9338,Bournemouth,Tottenham,0.0,0.0,D,2016-2017,9338
9339,Burnley,Everton,2.0,1.0,H,2016-2017,9339
9340,Hull,Stoke,0.0,2.0,A,2016-2017,9340
9341,Leicester,Crystal Palace,3.0,1.0,H,2016-2017,9341
9342,Liverpool,West Brom,2.0,1.0,H,2016-2017,9342
9343,Swansea,Watford,0.0,0.0,D,2016-2017,9343
9344,West Ham,Sunderland,1.0,0.0,H,2016-2017,9344
9345,Chelsea,Man United,4.0,0.0,H,2016-2017,9345
9346,Man City,Southampton,1.0,1.0,D,2016-2017,9346
9347,Crystal Palace,Liverpool,2.0,4.0,A,2016-2017,9347
9348,Man United,Burnley,0.0,0.0,D,2016-2017,9348
9349,Middlesbrough,Bournemouth,2.0,0.0,H,2016-2017,9349
9350,Sunderland,Arsenal,1.0,4.0,A,2016-2017,9350
9351,Tottenham,Leicester,1.0,1.0,D,2016-2017,9351
9352,Watford,Hull,1.0,0.0,H,2016-2017,9352
9353,West Brom,Man City,0.0,4.0,A,2016-2017,9353
9354,Everton,West Ham,2.0,0.0,H,2016-2017,9354
9355,Southampton,Chelsea,0.0,2.0,A,2016-2017,9355
9356,Stoke,Swansea,3.0,1.0,H,2016-2017,9356
9357,Bournemouth,Sunderland,1.0,2.0,A,2016-2017,9357
9358,Burnley,Crystal Palace,3.0,2.0,H,2016-2017,9358
9359,Chelsea,Everton,5.0,0.0,H,2016-2017,9359
9360,Man City,Middlesbrough,1.0,1.0,D,2016-2017,9360
9361,West Ham,Stoke,1.0,1.0,D,2016-2017,9361
9362,Arsenal,Tottenham,1.0,1.0,D,2016-2017,9362
9363,Hull,Southampton,2.0,1.0,H,2016-2017,9363
9364,Leicester,West Brom,1.0,2.0,A,2016-2017,9364
9365,Liverpool,Watford,6.0,1.0,H,2016-2017,9365
9366,Swansea,Man United,1.0,3.0,A,2016-2017,9366
9367,Crystal Palace,Man City,1.0,2.0,A,2016-2017,9367
9368,Everton,Swansea,1.0,1.0,D,2016-2017,9368
9369,Man United,Arsenal,1.0,1.0,D,2016-2017,9369
9370,Southampton,Liverpool,0.0,0.0,D,2016-2017,9370
9371,Stoke,Bournemouth,0.0,1.0,A,2016-2017,9371
9372,Sunderland,Hull,3.0,0.0,H,2016-2017,9372
9373,Tottenham,West Ham,3.0,2.0,H,2016-2017,9373
9374,Watford,Leicester,2.0,1.0,H,2016-2017,9374
9375,Middlesbrough,Chelsea,0.0,1.0,A,2016-2017,9375
9376,West Brom,Burnley,4.0,0.0,H,2016-2017,9376
9377,Burnley,Man City,1.0,2.0,A,2016-2017,9377
9378,Chelsea,Tottenham,2.0,1.0,H,2016-2017,9378
9379,Hull,West Brom,1.0,1.0,D,2016-2017,9379
9380,Leicester,Middlesbrough,2.0,2.0,D,2016-2017,9380
9381,Liverpool,Sunderland,2.0,0.0,H,2016-2017,9381
9382,Swansea,Crystal Palace,5.0,4.0,H,2016-2017,9382
9383,Arsenal,Bournemouth,3.0,1.0,H,2016-2017,9383
9384,Man United,West Ham,1.0,1.0,D,2016-2017,9384
9385,Southampton,Everton,1.0,0.0,H,2016-2017,9385
9386,Watford,Stoke,0.0,1.0,A,2016-2017,9386
9387,Crystal Palace,Southampton,3.0,0.0,H,2016-2017,9387
9388,Man City,Chelsea,1.0,3.0,A,2016-2017,9388
9389,Stoke,Burnley,2.0,0.0,H,2016-2017,9389
9390,Sunderland,Leicester,2.0,1.0,H,2016-2017,9390
9391,Tottenham,Swansea,5.0,0.0,H,2016-2017,9391
9392,West Brom,Watford,3.0,1.0,H,2016-2017,9392
9393,West Ham,Arsenal,1.0,5.0,A,2016-2017,9393
9394,Bournemouth,Liverpool,4.0,3.0,H,2016-2017,9394
9395,Everton,Man United,1.0,1.0,D,2016-2017,9395
9396,Middlesbrough,Hull,1.0,0.0,H,2016-2017,9396
9397,Arsenal,Stoke,3.0,1.0,H,2016-2017,9397
9398,Burnley,Bournemouth,3.0,2.0,H,2016-2017,9398
9399,Hull,Crystal Palace,3.0,3.0,D,2016-2017,9399
9400,Leicester,Man City,4.0,2.0,H,2016-2017,9400
9401,Swansea,Sunderland,3.0,0.0,H,2016-2017,9401
9402,Watford,Everton,3.0,2.0,H,2016-2017,9402
9403,Chelsea,West Brom,1.0,0.0,H,2016-2017,9403
9404,Liverpool,West Ham,2.0,2.0,D,2016-2017,9404
9405,Man United,Tottenham,1.0,0.0,H,2016-2017,9405
9406,Southampton,Middlesbrough,1.0,0.0,H,2016-2017,9406
9407,Bournemouth,Leicester,1.0,0.0,H,2016-2017,9407
9408,Everton,Arsenal,2.0,1.0,H,2016-2017,9408
9409,Crystal Palace,Man United,1.0,2.0,A,2016-2017,9409
9410,Man City,Watford,2.0,0.0,H,2016-2017,9410
9411,Middlesbrough,Liverpool,0.0,3.0,A,2016-2017,9411
9412,Stoke,Southampton,0.0,0.0,D,2016-2017,9412
9413,Sunderland,Chelsea,0.0,1.0,A,2016-2017,9413
9414,Tottenham,Hull,3.0,0.0,H,2016-2017,9414
9415,West Brom,Swansea,3.0,1.0,H,2016-2017,9415
9416,West Ham,Burnley,1.0,0.0,H,2016-2017,9416
9417,Crystal Palace,Chelsea,0.0,1.0,A,2016-2017,9417
9418,Middlesbrough,Swansea,3.0,0.0,H,2016-2017,9418
9419,Stoke,Leicester,2.0,2.0,D,2016-2017,9419
9420,Sunderland,Watford,1.0,0.0,H,2016-2017,9420
9421,West Brom,Man United,0.0,2.0,A,2016-2017,9421
9422,West Ham,Hull,1.0,0.0,H,2016-2017,9422
9423,Bournemouth,Southampton,1.0,3.0,A,2016-2017,9423
9424,Man City,Arsenal,2.0,1.0,H,2016-2017,9424
9425,Tottenham,Burnley,2.0,1.0,H,2016-2017,9425
9426,Everton,Liverpool,0.0,1.0,A,2016-2017,9426
9427,Arsenal,West Brom,1.0,0.0,H,2016-2017,9427
9428,Burnley,Middlesbrough,1.0,0.0,H,2016-2017,9428
9429,Chelsea,Bournemouth,3.0,0.0,H,2016-2017,9429
9430,Hull,Man City,0.0,3.0,A,2016-2017,9430
9431,Leicester,Everton,0.0,2.0,A,2016-2017,9431
9432,Man United,Sunderland,3.0,1.0,H,2016-2017,9432
9433,Swansea,West Ham,1.0,4.0,A,2016-2017,9433
9434,Watford,Crystal Palace,1.0,1.0,D,2016-2017,9434
9435,Liverpool,Stoke,4.0,1.0,H,2016-2017,9435
9436,Southampton,Tottenham,1.0,4.0,A,2016-2017,9436
9437,Hull,Everton,2.0,2.0,D,2016-2017,9437
9438,Burnley,Sunderland,4.0,1.0,H,2016-2017,9438
9439,Chelsea,Stoke,4.0,2.0,H,2016-2017,9439
9440,Leicester,West Ham,1.0,0.0,H,2016-2017,9440
9441,Liverpool,Man City,1.0,0.0,H,2016-2017,9441
9442,Man United,Middlesbrough,2.0,1.0,H,2016-2017,9442
9443,Southampton,West Brom,1.0,2.0,A,2016-2017,9443
9444,Swansea,Bournemouth,0.0,3.0,A,2016-2017,9444
9445,Arsenal,Crystal Palace,2.0,0.0,H,2016-2017,9445
9446,Watford,Tottenham,1.0,4.0,A,2016-2017,9446
9447,Everton,Southampton,3.0,0.0,H,2016-2017,9447
9448,Man City,Burnley,2.0,1.0,H,2016-2017,9448
9449,Middlesbrough,Leicester,0.0,0.0,D,2016-2017,9449
9450,Sunderland,Liverpool,2.0,2.0,D,2016-2017,9450
9451,West Brom,Hull,3.0,1.0,H,2016-2017,9451
9452,West Ham,Man United,0.0,2.0,A,2016-2017,9452
9453,Bournemouth,Arsenal,3.0,3.0,D,2016-2017,9453
9454,Crystal Palace,Swansea,1.0,2.0,A,2016-2017,9454
9455,Stoke,Watford,2.0,0.0,H,2016-2017,9455
9456,Tottenham,Chelsea,2.0,0.0,H,2016-2017,9456
9457,Burnley,Southampton,1.0,0.0,H,2016-2017,9457
9458,Hull,Bournemouth,3.0,1.0,H,2016-2017,9458
9459,Leicester,Chelsea,0.0,3.0,A,2016-2017,9459
9460,Sunderland,Stoke,1.0,3.0,A,2016-2017,9460
9461,Swansea,Arsenal,0.0,4.0,A,2016-2017,9461
9462,Tottenham,West Brom,4.0,0.0,H,2016-2017,9462
9463,Watford,Middlesbrough,0.0,0.0,D,2016-2017,9463
9464,West Ham,Crystal Palace,3.0,0.0,H,2016-2017,9464
9465,Everton,Man City,4.0,0.0,H,2016-2017,9465
9466,Man United,Liverpool,1.0,1.0,D,2016-2017,9466
9467,Bournemouth,Watford,2.0,2.0,D,2016-2017,9467
9468,Crystal Palace,Everton,0.0,1.0,A,2016-2017,9468
9469,Liverpool,Swansea,2.0,3.0,A,2016-2017,9469
9470,Man City,Tottenham,2.0,2.0,D,2016-2017,9470
9471,Middlesbrough,West Ham,1.0,3.0,A,2016-2017,9471
9472,Stoke,Man United,1.0,1.0,D,2016-2017,9472
9473,West Brom,Sunderland,2.0,0.0,H,2016-2017,9473
9474,Arsenal,Burnley,2.0,1.0,H,2016-2017,9474
9475,Chelsea,Hull,2.0,0.0,H,2016-2017,9475
9476,Southampton,Leicester,3.0,0.0,H,2016-2017,9476
9477,Arsenal,Watford,1.0,2.0,A,2016-2017,9477
9478,Bournemouth,Crystal Palace,0.0,2.0,A,2016-2017,9478
9479,Burnley,Leicester,1.0,0.0,H,2016-2017,9479
9480,Liverpool,Chelsea,1.0,1.0,D,2016-2017,9480
9481,Middlesbrough,West Brom,1.0,1.0,D,2016-2017,9481
9482,Sunderland,Tottenham,0.0,0.0,D,2016-2017,9482
9483,Swansea,Southampton,2.0,1.0,H,2016-2017,9483
9484,Man United,Hull,0.0,0.0,D,2016-2017,9484
9485,Stoke,Everton,1.0,1.0,D,2016-2017,9485
9486,West Ham,Man City,0.0,4.0,A,2016-2017,9486
9487,Chelsea,Arsenal,3.0,1.0,H,2016-2017,9487
9488,Crystal Palace,Sunderland,0.0,4.0,A,2016-2017,9488
9489,Everton,Bournemouth,6.0,3.0,H,2016-2017,9489
9490,Hull,Liverpool,2.0,0.0,H,2016-2017,9490
9491,Southampton,West Ham,1.0,3.0,A,2016-2017,9491
9492,Tottenham,Middlesbrough,1.0,0.0,H,2016-2017,9492
9493,Watford,Burnley,2.0,1.0,H,2016-2017,9493
9494,West Brom,Stoke,1.0,0.0,H,2016-2017,9494
9495,Leicester,Man United,0.0,3.0,A,2016-2017,9495
9496,Man City,Swansea,2.0,1.0,H,2016-2017,9496
9497,Arsenal,Hull,2.0,0.0,H,2016-2017,9497
9498,Liverpool,Tottenham,2.0,0.0,H,2016-2017,9498
9499,Man United,Watford,2.0,0.0,H,2016-2017,9499
9500,Middlesbrough,Everton,0.0,0.0,D,2016-2017,9500
9501,Stoke,Crystal Palace,1.0,0.0,H,2016-2017,9501
9502,Sunderland,Southampton,0.0,4.0,A,2016-2017,9502
9503,West Ham,West Brom,2.0,2.0,D,2016-2017,9503
9504,Burnley,Chelsea,1.0,1.0,D,2016-2017,9504
9505,Swansea,Leicester,2.0,0.0,H,2016-2017,9505
9506,Bournemouth,Man City,0.0,2.0,A,2016-2017,9506
9507,Chelsea,Swansea,3.0,1.0,H,2016-2017,9507
9508,Crystal Palace,Middlesbrough,1.0,0.0,H,2016-2017,9508
9509,Everton,Sunderland,2.0,0.0,H,2016-2017,9509
9510,Hull,Burnley,1.0,1.0,D,2016-2017,9510
9511,Watford,West Ham,1.0,1.0,D,2016-2017,9511
9512,West Brom,Bournemouth,2.0,1.0,H,2016-2017,9512
9513,Tottenham,Stoke,4.0,0.0,H,2016-2017,9513
9514,Leicester,Liverpool,3.0,1.0,H,2016-2017,9514
9515,Leicester,Hull,3.0,1.0,H,2016-2017,9515
9516,Liverpool,Arsenal,3.0,1.0,H,2016-2017,9516
9517,Man United,Bournemouth,1.0,1.0,D,2016-2017,9517
9518,Stoke,Middlesbrough,2.0,0.0,H,2016-2017,9518
9519,Swansea,Burnley,3.0,2.0,H,2016-2017,9519
9520,Watford,Southampton,3.0,4.0,A,2016-2017,9520
9521,West Brom,Crystal Palace,0.0,2.0,A,2016-2017,9521
9522,Sunderland,Man City,0.0,2.0,A,2016-2017,9522
9523,Tottenham,Everton,3.0,2.0,H,2016-2017,9523
9524,West Ham,Chelsea,1.0,2.0,A,2016-2017,9524
9525,Man City,Stoke,0.0,0.0,D,2016-2017,9525
9526,Bournemouth,West Ham,3.0,2.0,H,2016-2017,9526
9527,Everton,West Brom,3.0,0.0,H,2016-2017,9527
9528,Hull,Swansea,2.0,1.0,H,2016-2017,9528
9529,Liverpool,Burnley,2.0,1.0,H,2016-2017,9529
9530,Bournemouth,Swansea,2.0,0.0,H,2016-2017,9530
9531,Crystal Palace,Watford,1.0,0.0,H,2016-2017,9531
9532,Everton,Hull,4.0,0.0,H,2016-2017,9532
9533,Stoke,Chelsea,1.0,2.0,A,2016-2017,9533
9534,Sunderland,Burnley,0.0,0.0,D,2016-2017,9534
9535,West Brom,Arsenal,3.0,1.0,H,2016-2017,9535
9536,West Ham,Leicester,2.0,3.0,A,2016-2017,9536
9537,Man City,Liverpool,1.0,1.0,D,2016-2017,9537
9538,Middlesbrough,Man United,1.0,3.0,A,2016-2017,9538
9539,Tottenham,Southampton,2.0,1.0,H,2016-2017,9539
9540,Burnley,Tottenham,0.0,2.0,A,2016-2017,9540
9541,Chelsea,Crystal Palace,1.0,2.0,A,2016-2017,9541
9542,Hull,West Ham,2.0,1.0,H,2016-2017,9542
9543,Leicester,Stoke,2.0,0.0,H,2016-2017,9543
9544,Liverpool,Everton,3.0,1.0,H,2016-2017,9544
9545,Man United,West Brom,0.0,0.0,D,2016-2017,9545
9546,Southampton,Bournemouth,0.0,0.0,D,2016-2017,9546
9547,Watford,Sunderland,1.0,0.0,H,2016-2017,9547
9548,Arsenal,Man City,2.0,2.0,D,2016-2017,9548
9549,Swansea,Middlesbrough,0.0,0.0,D,2016-2017,9549
9550,Burnley,Stoke,1.0,0.0,H,2016-2017,9550
9551,Leicester,Sunderland,2.0,0.0,H,2016-2017,9551
9552,Man United,Everton,1.0,1.0,D,2016-2017,9552
9553,Watford,West Brom,2.0,0.0,H,2016-2017,9553
9554,Arsenal,West Ham,3.0,0.0,H,2016-2017,9554
9555,Chelsea,Man City,2.0,1.0,H,2016-2017,9555
9556,Hull,Middlesbrough,4.0,2.0,H,2016-2017,9556
9557,Liverpool,Bournemouth,2.0,2.0,D,2016-2017,9557
9558,Southampton,Crystal Palace,3.0,1.0,H,2016-2017,9558
9559,Swansea,Tottenham,1.0,3.0,A,2016-2017,9559
9560,Bournemouth,Chelsea,1.0,3.0,A,2016-2017,9560
9561,Man City,Hull,3.0,1.0,H,2016-2017,9561
9562,Middlesbrough,Burnley,0.0,0.0,D,2016-2017,9562
9563,Stoke,Liverpool,1.0,2.0,A,2016-2017,9563
9564,Tottenham,Watford,4.0,0.0,H,2016-2017,9564
9565,West Brom,Southampton,0.0,1.0,A,2016-2017,9565
9566,West Ham,Swansea,1.0,0.0,H,2016-2017,9566
9567,Everton,Leicester,4.0,2.0,H,2016-2017,9567
9568,Sunderland,Man United,0.0,3.0,A,2016-2017,9568
9569,Crystal Palace,Arsenal,3.0,0.0,H,2016-2017,9569
9570,Crystal Palace,Leicester,2.0,2.0,D,2016-2017,9570
9571,Everton,Burnley,3.0,1.0,H,2016-2017,9571
9572,Southampton,Man City,0.0,3.0,A,2016-2017,9572
9573,Stoke,Hull,3.0,1.0,H,2016-2017,9573
9574,Sunderland,West Ham,2.0,2.0,D,2016-2017,9574
9575,Tottenham,Bournemouth,4.0,0.0,H,2016-2017,9575
9576,Watford,Swansea,1.0,0.0,H,2016-2017,9576
9577,Man United,Chelsea,2.0,0.0,H,2016-2017,9577
9578,West Brom,Liverpool,0.0,1.0,A,2016-2017,9578
9579,Middlesbrough,Arsenal,1.0,2.0,A,2016-2017,9579
9580,Bournemouth,Middlesbrough,4.0,0.0,H,2016-2017,9580
9581,Hull,Watford,2.0,0.0,H,2016-2017,9581
9582,Swansea,Stoke,2.0,0.0,H,2016-2017,9582
9583,West Ham,Everton,0.0,0.0,D,2016-2017,9583
9584,Burnley,Man United,0.0,2.0,A,2016-2017,9584
9585,Liverpool,Crystal Palace,1.0,2.0,A,2016-2017,9585
9586,Chelsea,Southampton,4.0,2.0,H,2016-2017,9586
9587,Arsenal,Leicester,1.0,0.0,H,2016-2017,9587
9588,Crystal Palace,Tottenham,0.0,1.0,A,2016-2017,9588
9589,Middlesbrough,Sunderland,1.0,0.0,H,2016-2017,9589
9590,Man City,Man United,0.0,0.0,D,2016-2017,9590
9591,Crystal Palace,Burnley,0.0,2.0,A,2016-2017,9591
9592,Southampton,Hull,0.0,0.0,D,2016-2017,9592
9593,Stoke,West Ham,0.0,0.0,D,2016-2017,9593
9594,Sunderland,Bournemouth,0.0,1.0,A,2016-2017,9594
9595,West Brom,Leicester,0.0,1.0,A,2016-2017,9595
9596,Everton,Chelsea,0.0,3.0,A,2016-2017,9596
9597,Man United,Swansea,1.0,1.0,D,2016-2017,9597
9598,Middlesbrough,Man City,2.0,2.0,D,2016-2017,9598
9599,Tottenham,Arsenal,2.0,0.0,H,2016-2017,9599
9600,Watford,Liverpool,0.0,1.0,A,2016-2017,9600
9601,West Ham,Tottenham,1.0,0.0,H,2016-2017,9601
9602,Bournemouth,Stoke,2.0,2.0,D,2016-2017,9602
9603,Burnley,West Brom,2.0,2.0,D,2016-2017,9603
9604,Hull,Sunderland,0.0,2.0,A,2016-2017,9604
9605,Leicester,Watford,3.0,0.0,H,2016-2017,9605
9606,Man City,Crystal Palace,5.0,0.0,H,2016-2017,9606
9607,Swansea,Everton,1.0,0.0,H,2016-2017,9607
9608,Arsenal,Man United,2.0,0.0,H,2016-2017,9608
9609,Liverpool,Southampton,0.0,0.0,D,2016-2017,9609
9610,Chelsea,Middlesbrough,3.0,0.0,H,2016-2017,9610
9611,Southampton,Arsenal,0.0,2.0,A,2016-2017,9611
9612,Everton,Watford,1.0,0.0,H,2016-2017,9612
9613,West Brom,Chelsea,0.0,1.0,A,2016-2017,9613
9614,Bournemouth,Burnley,2.0,1.0,H,2016-2017,9614
9615,Man City,Leicester,2.0,1.0,H,2016-2017,9615
9616,Middlesbrough,Southampton,1.0,2.0,A,2016-2017,9616
9617,Stoke,Arsenal,1.0,4.0,A,2016-2017,9617
9618,Sunderland,Swansea,0.0,2.0,A,2016-2017,9618
9619,Crystal Palace,Hull,4.0,0.0,H,2016-2017,9619
9620,Tottenham,Man United,2.0,1.0,H,2016-2017,9620
9621,West Ham,Liverpool,0.0,4.0,A,2016-2017,9621
9622,Chelsea,Watford,4.0,3.0,H,2016-2017,9622
9623,Arsenal,Sunderland,2.0,0.0,H,2016-2017,9623
9624,Man City,West Brom,3.0,1.0,H,2016-2017,9624
9625,Southampton,Man United,0.0,0.0,D,2016-2017,9625
9626,Leicester,Tottenham,1.0,6.0,A,2016-2017,9626
9627,Arsenal,Everton,3.0,1.0,H,2016-2017,9627
9628,Burnley,West Ham,1.0,2.0,A,2016-2017,9628
9629,Chelsea,Sunderland,5.0,1.0,H,2016-2017,9629
9630,Hull,Tottenham,1.0,7.0,A,2016-2017,9630
9631,Leicester,Bournemouth,1.0,1.0,D,2016-2017,9631
9632,Liverpool,Middlesbrough,3.0,0.0,H,2016-2017,9632
9633,Man United,Crystal Palace,2.0,0.0,H,2016-2017,9633
9634,Southampton,Stoke,0.0,1.0,A,2016-2017,9634
9635,Swansea,West Brom,2.0,1.0,H,2016-2017,9635
9636,Watford,Man City,0.0,5.0,A,2016-2017,9636
9637,Arsenal,Leicester,4.0,3.0,H,2017-2018,9637
9638,Brighton,Man City,0.0,2.0,A,2017-2018,9638
9639,Chelsea,Burnley,2.0,3.0,A,2017-2018,9639
9640,Crystal Palace,Huddersfield,0.0,3.0,A,2017-2018,9640
9641,Everton,Stoke,1.0,0.0,H,2017-2018,9641
9642,Southampton,Swansea,0.0,0.0,D,2017-2018,9642
9643,Watford,Liverpool,3.0,3.0,D,2017-2018,9643
9644,West Brom,Bournemouth,1.0,0.0,H,2017-2018,9644
9645,Man United,West Ham,4.0,0.0,H,2017-2018,9645
9646,Newcastle,Tottenham,0.0,2.0,A,2017-2018,9646
9647,Bournemouth,Watford,0.0,2.0,A,2017-2018,9647
9648,Burnley,West Brom,0.0,1.0,A,2017-2018,9648
9649,Leicester,Brighton,2.0,0.0,H,2017-2018,9649
9650,Liverpool,Crystal Palace,1.0,0.0,H,2017-2018,9650
9651,Southampton,West Ham,3.0,2.0,H,2017-2018,9651
9652,Stoke,Arsenal,1.0,0.0,H,2017-2018,9652
9653,Swansea,Man United,0.0,4.0,A,2017-2018,9653
9654,Huddersfield,Newcastle,1.0,0.0,H,2017-2018,9654
9655,Tottenham,Chelsea,1.0,2.0,A,2017-2018,9655
9656,Man City,Everton,1.0,1.0,D,2017-2018,9656
9657,Bournemouth,Man City,1.0,2.0,A,2017-2018,9657
9658,Crystal Palace,Swansea,0.0,2.0,A,2017-2018,9658
9659,Huddersfield,Southampton,0.0,0.0,D,2017-2018,9659
9660,Man United,Leicester,2.0,0.0,H,2017-2018,9660
9661,Newcastle,West Ham,3.0,0.0,H,2017-2018,9661
9662,Watford,Brighton,0.0,0.0,D,2017-2018,9662
9663,Chelsea,Everton,2.0,0.0,H,2017-2018,9663
9664,Liverpool,Arsenal,4.0,0.0,H,2017-2018,9664
9665,Tottenham,Burnley,1.0,1.0,D,2017-2018,9665
9666,West Brom,Stoke,1.0,1.0,D,2017-2018,9666
9667,Arsenal,Bournemouth,3.0,0.0,H,2017-2018,9667
9668,Brighton,West Brom,3.0,1.0,H,2017-2018,9668
9669,Everton,Tottenham,0.0,3.0,A,2017-2018,9669
9670,Leicester,Chelsea,1.0,2.0,A,2017-2018,9670
9671,Man City,Liverpool,5.0,0.0,H,2017-2018,9671
9672,Southampton,Watford,0.0,2.0,A,2017-2018,9672
9673,Stoke,Man United,2.0,2.0,D,2017-2018,9673
9674,Burnley,Crystal Palace,1.0,0.0,H,2017-2018,9674
9675,Swansea,Newcastle,0.0,1.0,A,2017-2018,9675
9676,West Ham,Huddersfield,2.0,0.0,H,2017-2018,9676
9677,Bournemouth,Brighton,2.0,1.0,H,2017-2018,9677
9678,Crystal Palace,Southampton,0.0,1.0,A,2017-2018,9678
9679,Huddersfield,Leicester,1.0,1.0,D,2017-2018,9679
9680,Liverpool,Burnley,1.0,1.0,D,2017-2018,9680
9681,Newcastle,Stoke,2.0,1.0,H,2017-2018,9681
9682,Tottenham,Swansea,0.0,0.0,D,2017-2018,9682
9683,Watford,Man City,0.0,6.0,A,2017-2018,9683
9684,West Brom,West Ham,0.0,0.0,D,2017-2018,9684
9685,Chelsea,Arsenal,0.0,0.0,D,2017-2018,9685
9686,Man United,Everton,4.0,0.0,H,2017-2018,9686
9687,Burnley,Huddersfield,0.0,0.0,D,2017-2018,9687
9688,Everton,Bournemouth,2.0,1.0,H,2017-2018,9688
9689,Leicester,Liverpool,2.0,3.0,A,2017-2018,9689
9690,Man City,Crystal Palace,5.0,0.0,H,2017-2018,9690
9691,Southampton,Man United,0.0,1.0,A,2017-2018,9691
9692,Stoke,Chelsea,0.0,4.0,A,2017-2018,9692
9693,Swansea,Watford,1.0,2.0,A,2017-2018,9693
9694,West Ham,Tottenham,2.0,3.0,A,2017-2018,9694
9695,Brighton,Newcastle,1.0,0.0,H,2017-2018,9695
9696,Arsenal,West Brom,2.0,0.0,H,2017-2018,9696
9697,Bournemouth,Leicester,0.0,0.0,D,2017-2018,9697
9698,Chelsea,Man City,0.0,1.0,A,2017-2018,9698
9699,Huddersfield,Tottenham,0.0,4.0,A,2017-2018,9699
9700,Man United,Crystal Palace,4.0,0.0,H,2017-2018,9700
9701,Stoke,Southampton,2.0,1.0,H,2017-2018,9701
9702,West Brom,Watford,2.0,2.0,D,2017-2018,9702
9703,West Ham,Swansea,1.0,0.0,H,2017-2018,9703
9704,Arsenal,Brighton,2.0,0.0,H,2017-2018,9704
9705,Everton,Burnley,0.0,1.0,A,2017-2018,9705
9706,Newcastle,Liverpool,1.0,1.0,D,2017-2018,9706
9707,Burnley,West Ham,1.0,1.0,D,2017-2018,9707
9708,Crystal Palace,Chelsea,2.0,1.0,H,2017-2018,9708
9709,Liverpool,Man United,0.0,0.0,D,2017-2018,9709
9710,Man City,Stoke,7.0,2.0,H,2017-2018,9710
9711,Swansea,Huddersfield,2.0,0.0,H,2017-2018,9711
9712,Tottenham,Bournemouth,1.0,0.0,H,2017-2018,9712
9713,Watford,Arsenal,2.0,1.0,H,2017-2018,9713
9714,Brighton,Everton,1.0,1.0,D,2017-2018,9714
9715,Southampton,Newcastle,2.0,2.0,D,2017-2018,9715
9716,Leicester,West Brom,1.0,1.0,D,2017-2018,9716
9717,West Ham,Brighton,0.0,3.0,A,2017-2018,9717
9718,Chelsea,Watford,4.0,2.0,H,2017-2018,9718
9719,Huddersfield,Man United,2.0,1.0,H,2017-2018,9719
9720,Man City,Burnley,3.0,0.0,H,2017-2018,9720
9721,Newcastle,Crystal Palace,1.0,0.0,H,2017-2018,9721
9722,Southampton,West Brom,1.0,0.0,H,2017-2018,9722
9723,Stoke,Bournemouth,1.0,2.0,A,2017-2018,9723
9724,Swansea,Leicester,1.0,2.0,A,2017-2018,9724
9725,Everton,Arsenal,2.0,5.0,A,2017-2018,9725
9726,Tottenham,Liverpool,4.0,1.0,H,2017-2018,9726
9727,Arsenal,Swansea,2.0,1.0,H,2017-2018,9727
9728,Bournemouth,Chelsea,0.0,1.0,A,2017-2018,9728
9729,Crystal Palace,West Ham,2.0,2.0,D,2017-2018,9729
9730,Liverpool,Huddersfield,3.0,0.0,H,2017-2018,9730
9731,Man United,Tottenham,1.0,0.0,H,2017-2018,9731
9732,Watford,Stoke,0.0,1.0,A,2017-2018,9732
9733,West Brom,Man City,2.0,3.0,A,2017-2018,9733
9734,Brighton,Southampton,1.0,1.0,D,2017-2018,9734
9735,Leicester,Everton,2.0,0.0,H,2017-2018,9735
9736,Burnley,Newcastle,1.0,0.0,H,2017-2018,9736
9737,Huddersfield,West Brom,1.0,0.0,H,2017-2018,9737
9738,Newcastle,Bournemouth,0.0,1.0,A,2017-2018,9738
9739,Southampton,Burnley,0.0,1.0,A,2017-2018,9739
9740,Stoke,Leicester,2.0,2.0,D,2017-2018,9740
9741,Swansea,Brighton,0.0,1.0,A,2017-2018,9741
9742,West Ham,Liverpool,1.0,4.0,A,2017-2018,9742
9743,Chelsea,Man United,1.0,0.0,H,2017-2018,9743
9744,Everton,Watford,3.0,2.0,H,2017-2018,9744
9745,Man City,Arsenal,3.0,1.0,H,2017-2018,9745
9746,Tottenham,Crystal Palace,1.0,0.0,H,2017-2018,9746
9747,Arsenal,Tottenham,2.0,0.0,H,2017-2018,9747
9748,Bournemouth,Huddersfield,4.0,0.0,H,2017-2018,9748
9749,Burnley,Swansea,2.0,0.0,H,2017-2018,9749
9750,Crystal Palace,Everton,2.0,2.0,D,2017-2018,9750
9751,Leicester,Man City,0.0,2.0,A,2017-2018,9751
9752,Liverpool,Southampton,3.0,0.0,H,2017-2018,9752
9753,Man United,Newcastle,4.0,1.0,H,2017-2018,9753
9754,West Brom,Chelsea,0.0,4.0,A,2017-2018,9754
9755,Watford,West Ham,2.0,0.0,H,2017-2018,9755
9756,Brighton,Stoke,2.0,2.0,D,2017-2018,9756
9757,West Ham,Leicester,1.0,1.0,D,2017-2018,9757
9758,Crystal Palace,Stoke,2.0,1.0,H,2017-2018,9758
9759,Liverpool,Chelsea,1.0,1.0,D,2017-2018,9759
9760,Man United,Brighton,1.0,0.0,H,2017-2018,9760
9761,Newcastle,Watford,0.0,3.0,A,2017-2018,9761
9762,Swansea,Bournemouth,0.0,0.0,D,2017-2018,9762
9763,Tottenham,West Brom,1.0,1.0,D,2017-2018,9763
9764,Burnley,Arsenal,0.0,1.0,A,2017-2018,9764
9765,Huddersfield,Man City,1.0,2.0,A,2017-2018,9765
9766,Southampton,Everton,4.0,1.0,H,2017-2018,9766
9767,Brighton,Crystal Palace,0.0,0.0,D,2017-2018,9767
9768,Leicester,Tottenham,2.0,1.0,H,2017-2018,9768
9769,Watford,Man United,2.0,4.0,A,2017-2018,9769
9770,West Brom,Newcastle,2.0,2.0,D,2017-2018,9770
9771,Arsenal,Huddersfield,5.0,0.0,H,2017-2018,9771
9772,Bournemouth,Burnley,1.0,2.0,A,2017-2018,9772
9773,Chelsea,Swansea,1.0,0.0,H,2017-2018,9773
9774,Everton,West Ham,4.0,0.0,H,2017-2018,9774
9775,Man City,Southampton,2.0,1.0,H,2017-2018,9775
9776,Stoke,Liverpool,0.0,3.0,A,2017-2018,9776
9777,Arsenal,Man United,1.0,3.0,A,2017-2018,9777
9778,Brighton,Liverpool,1.0,5.0,A,2017-2018,9778
9779,Chelsea,Newcastle,3.0,1.0,H,2017-2018,9779
9780,Everton,Huddersfield,2.0,0.0,H,2017-2018,9780
9781,Leicester,Burnley,1.0,0.0,H,2017-2018,9781
9782,Stoke,Swansea,2.0,1.0,H,2017-2018,9782
9783,Watford,Tottenham,1.0,1.0,D,2017-2018,9783
9784,West Brom,Crystal Palace,0.0,0.0,D,2017-2018,9784
9785,Bournemouth,Southampton,1.0,1.0,D,2017-2018,9785
9786,Man City,West Ham,2.0,1.0,H,2017-2018,9786
9787,Burnley,Watford,1.0,0.0,H,2017-2018,9787
9788,Crystal Palace,Bournemouth,2.0,2.0,D,2017-2018,9788
9789,Huddersfield,Brighton,2.0,0.0,H,2017-2018,9789
9790,Newcastle,Leicester,2.0,3.0,A,2017-2018,9790
9791,Swansea,West Brom,1.0,0.0,H,2017-2018,9791
9792,Tottenham,Stoke,5.0,1.0,H,2017-2018,9792
9793,West Ham,Chelsea,1.0,0.0,H,2017-2018,9793
9794,Liverpool,Everton,1.0,1.0,D,2017-2018,9794
9795,Man United,Man City,1.0,2.0,A,2017-2018,9795
9796,Southampton,Arsenal,1.0,1.0,D,2017-2018,9796
9797,Burnley,Stoke,1.0,0.0,H,2017-2018,9797
9798,Crystal Palace,Watford,2.0,1.0,H,2017-2018,9798
9799,Huddersfield,Chelsea,1.0,3.0,A,2017-2018,9799
9800,Liverpool,West Brom,0.0,0.0,D,2017-2018,9800
9801,Man United,Bournemouth,1.0,0.0,H,2017-2018,9801
9802,Newcastle,Everton,0.0,1.0,A,2017-2018,9802
9803,Southampton,Leicester,1.0,4.0,A,2017-2018,9803
9804,Swansea,Man City,0.0,4.0,A,2017-2018,9804
9805,Tottenham,Brighton,2.0,0.0,H,2017-2018,9805
9806,West Ham,Arsenal,0.0,0.0,D,2017-2018,9806
9807,Arsenal,Newcastle,1.0,0.0,H,2017-2018,9807
9808,Brighton,Burnley,0.0,0.0,D,2017-2018,9808
9809,Chelsea,Southampton,1.0,0.0,H,2017-2018,9809
9810,Leicester,Crystal Palace,0.0,3.0,A,2017-2018,9810
9811,Man City,Tottenham,4.0,1.0,H,2017-2018,9811
9812,Stoke,West Ham,0.0,3.0,A,2017-2018,9812
9813,Watford,Huddersfield,1.0,4.0,A,2017-2018,9813
9814,Bournemouth,Liverpool,0.0,4.0,A,2017-2018,9814
9815,West Brom,Man United,1.0,2.0,A,2017-2018,9815
9816,Everton,Swansea,3.0,1.0,H,2017-2018,9816
9817,Arsenal,Liverpool,3.0,3.0,D,2017-2018,9817
9818,Brighton,Watford,1.0,0.0,H,2017-2018,9818
9819,Burnley,Tottenham,0.0,3.0,A,2017-2018,9819
9820,Everton,Chelsea,0.0,0.0,D,2017-2018,9820
9821,Leicester,Man United,2.0,2.0,D,2017-2018,9821
9822,Man City,Bournemouth,4.0,0.0,H,2017-2018,9822
9823,Southampton,Huddersfield,1.0,1.0,D,2017-2018,9823
9824,Stoke,West Brom,3.0,1.0,H,2017-2018,9824
9825,Swansea,Crystal Palace,1.0,1.0,D,2017-2018,9825
9826,West Ham,Newcastle,2.0,3.0,A,2017-2018,9826
9827,Bournemouth,West Ham,3.0,3.0,D,2017-2018,9827
9828,Chelsea,Brighton,2.0,0.0,H,2017-2018,9828
9829,Huddersfield,Stoke,1.0,1.0,D,2017-2018,9829
9830,Liverpool,Swansea,5.0,0.0,H,2017-2018,9830
9831,Man United,Burnley,2.0,2.0,D,2017-2018,9831
9832,Tottenham,Southampton,5.0,2.0,H,2017-2018,9832
9833,Watford,Leicester,2.0,1.0,H,2017-2018,9833
9834,West Brom,Everton,0.0,0.0,D,2017-2018,9834
9835,Newcastle,Man City,0.0,1.0,A,2017-2018,9835
9836,Crystal Palace,Arsenal,2.0,3.0,A,2017-2018,9836
9837,Bournemouth,Everton,2.0,1.0,H,2017-2018,9837
9838,Chelsea,Stoke,5.0,0.0,H,2017-2018,9838
9839,Huddersfield,Burnley,0.0,0.0,D,2017-2018,9839
9840,Liverpool,Leicester,2.0,1.0,H,2017-2018,9840
9841,Man United,Southampton,0.0,0.0,D,2017-2018,9841
9842,Newcastle,Brighton,0.0,0.0,D,2017-2018,9842
9843,Watford,Swansea,1.0,2.0,A,2017-2018,9843
9844,Crystal Palace,Man City,0.0,0.0,D,2017-2018,9844
9845,West Brom,Arsenal,1.0,1.0,D,2017-2018,9845
9846,Brighton,Bournemouth,2.0,2.0,D,2017-2018,9846
9847,Burnley,Liverpool,1.0,2.0,A,2017-2018,9847
9848,Everton,Man United,0.0,2.0,A,2017-2018,9848
9849,Leicester,Huddersfield,3.0,0.0,H,2017-2018,9849
9850,Stoke,Newcastle,0.0,1.0,A,2017-2018,9850
9851,Man City,Watford,3.0,1.0,H,2017-2018,9851
9852,Southampton,Crystal Palace,1.0,2.0,A,2017-2018,9852
9853,Swansea,Tottenham,0.0,2.0,A,2017-2018,9853
9854,West Ham,West Brom,2.0,1.0,H,2017-2018,9854
9855,Arsenal,Chelsea,2.0,2.0,D,2017-2018,9855
9856,Tottenham,West Ham,1.0,1.0,D,2017-2018,9856
9857,Chelsea,Leicester,0.0,0.0,D,2017-2018,9857
9858,Crystal Palace,Burnley,1.0,0.0,H,2017-2018,9858
9859,Huddersfield,West Ham,1.0,4.0,A,2017-2018,9859
9860,Newcastle,Swansea,1.0,1.0,D,2017-2018,9860
9861,Tottenham,Everton,4.0,0.0,H,2017-2018,9861
9862,Watford,Southampton,2.0,2.0,D,2017-2018,9862
9863,West Brom,Brighton,2.0,0.0,H,2017-2018,9863
9864,Bournemouth,Arsenal,2.0,1.0,H,2017-2018,9864
9865,Liverpool,Man City,4.0,3.0,H,2017-2018,9865
9866,Man United,Stoke,3.0,0.0,H,2017-2018,9866
9867,Arsenal,Crystal Palace,4.0,1.0,H,2017-2018,9867
9868,Brighton,Chelsea,0.0,4.0,A,2017-2018,9868
9869,Burnley,Man United,0.0,1.0,A,2017-2018,9869
9870,Everton,West Brom,1.0,1.0,D,2017-2018,9870
9871,Leicester,Watford,2.0,0.0,H,2017-2018,9871
9872,Man City,Newcastle,3.0,1.0,H,2017-2018,9872
9873,Stoke,Huddersfield,2.0,0.0,H,2017-2018,9873
9874,West Ham,Bournemouth,1.0,1.0,D,2017-2018,9874
9875,Southampton,Tottenham,1.0,1.0,D,2017-2018,9875
9876,Swansea,Liverpool,1.0,0.0,H,2017-2018,9876
9877,Huddersfield,Liverpool,0.0,3.0,A,2017-2018,9877
9878,Swansea,Arsenal,3.0,1.0,H,2017-2018,9878
9879,West Ham,Crystal Palace,1.0,1.0,D,2017-2018,9879
9880,Chelsea,Bournemouth,0.0,3.0,A,2017-2018,9880
9881,Everton,Leicester,2.0,1.0,H,2017-2018,9881
9882,Man City,West Brom,3.0,0.0,H,2017-2018,9882
9883,Newcastle,Burnley,1.0,1.0,D,2017-2018,9883
9884,Southampton,Brighton,1.0,1.0,D,2017-2018,9884
9885,Stoke,Watford,0.0,0.0,D,2017-2018,9885
9886,Tottenham,Man United,2.0,0.0,H,2017-2018,9886
9887,Arsenal,Everton,5.0,1.0,H,2017-2018,9887
9888,Bournemouth,Stoke,2.0,1.0,H,2017-2018,9888
9889,Brighton,West Ham,3.0,1.0,H,2017-2018,9889
9890,Burnley,Man City,1.0,1.0,D,2017-2018,9890
9891,Leicester,Swansea,1.0,1.0,D,2017-2018,9891
9892,Man United,Huddersfield,2.0,0.0,H,2017-2018,9892
9893,West Brom,Southampton,2.0,3.0,A,2017-2018,9893
9894,Crystal Palace,Newcastle,1.0,1.0,D,2017-2018,9894
9895,Liverpool,Tottenham,2.0,2.0,D,2017-2018,9895
9896,Watford,Chelsea,4.0,1.0,H,2017-2018,9896
9897,Everton,Crystal Palace,3.0,1.0,H,2017-2018,9897
9898,Man City,Leicester,5.0,1.0,H,2017-2018,9898
9899,Stoke,Brighton,1.0,1.0,D,2017-2018,9899
9900,Swansea,Burnley,1.0,0.0,H,2017-2018,9900
9901,Tottenham,Arsenal,1.0,0.0,H,2017-2018,9901
9902,West Ham,Watford,2.0,0.0,H,2017-2018,9902
9903,Huddersfield,Bournemouth,4.0,1.0,H,2017-2018,9903
9904,Newcastle,Man United,1.0,0.0,H,2017-2018,9904
9905,Southampton,Liverpool,0.0,2.0,A,2017-2018,9905
9906,Chelsea,West Brom,3.0,0.0,H,2017-2018,9906
9907,Bournemouth,Newcastle,2.0,2.0,D,2017-2018,9907
9908,Brighton,Swansea,4.0,1.0,H,2017-2018,9908
9909,Burnley,Southampton,1.0,1.0,D,2017-2018,9909
9910,Leicester,Stoke,1.0,1.0,D,2017-2018,9910
9911,Liverpool,West Ham,4.0,1.0,H,2017-2018,9911
9912,Watford,Everton,1.0,0.0,H,2017-2018,9912
9913,West Brom,Huddersfield,1.0,2.0,A,2017-2018,9913
9914,Crystal Palace,Tottenham,0.0,1.0,A,2017-2018,9914
9915,Man United,Chelsea,2.0,1.0,H,2017-2018,9915
9916,Arsenal,Man City,0.0,3.0,A,2017-2018,9916
9917,Burnley,Everton,2.0,1.0,H,2017-2018,9917
9918,Leicester,Bournemouth,1.0,1.0,D,2017-2018,9918
9919,Liverpool,Newcastle,2.0,0.0,H,2017-2018,9919
9920,Southampton,Stoke,0.0,0.0,D,2017-2018,9920
9921,Swansea,West Ham,4.0,1.0,H,2017-2018,9921
9922,Tottenham,Huddersfield,2.0,0.0,H,2017-2018,9922
9923,Watford,West Brom,1.0,0.0,H,2017-2018,9923
9924,Brighton,Arsenal,2.0,1.0,H,2017-2018,9924
9925,Man City,Chelsea,1.0,0.0,H,2017-2018,9925
9926,Crystal Palace,Man United,2.0,3.0,A,2017-2018,9926
9927,Chelsea,Crystal Palace,2.0,1.0,H,2017-2018,9927
9928,Everton,Brighton,2.0,0.0,H,2017-2018,9928
9929,Huddersfield,Swansea,0.0,0.0,D,2017-2018,9929
9930,Man United,Liverpool,2.0,1.0,H,2017-2018,9930
9931,Newcastle,Southampton,3.0,0.0,H,2017-2018,9931
9932,West Brom,Leicester,1.0,4.0,A,2017-2018,9932
9933,West Ham,Burnley,0.0,3.0,A,2017-2018,9933
9934,Arsenal,Watford,3.0,0.0,H,2017-2018,9934
9935,Bournemouth,Tottenham,1.0,4.0,A,2017-2018,9935
9936,Stoke,Man City,0.0,2.0,A,2017-2018,9936
9937,Bournemouth,West Brom,2.0,1.0,H,2017-2018,9937
9938,Huddersfield,Crystal Palace,0.0,2.0,A,2017-2018,9938
9939,Liverpool,Watford,5.0,0.0,H,2017-2018,9939
9940,Stoke,Everton,1.0,2.0,A,2017-2018,9940
9941,Brighton,Leicester,0.0,2.0,A,2017-2018,9941
9942,Crystal Palace,Liverpool,1.0,2.0,A,2017-2018,9942
9943,Everton,Man City,1.0,3.0,A,2017-2018,9943
9944,Man United,Swansea,2.0,0.0,H,2017-2018,9944
9945,Newcastle,Huddersfield,1.0,0.0,H,2017-2018,9945
9946,Watford,Bournemouth,2.0,2.0,D,2017-2018,9946
9947,West Brom,Burnley,1.0,2.0,A,2017-2018,9947
9948,West Ham,Southampton,3.0,0.0,H,2017-2018,9948
9949,Arsenal,Stoke,3.0,0.0,H,2017-2018,9949
9950,Chelsea,Tottenham,1.0,3.0,A,2017-2018,9950
9951,Bournemouth,Crystal Palace,2.0,2.0,D,2017-2018,9951
9952,Brighton,Huddersfield,1.0,1.0,D,2017-2018,9952
9953,Everton,Liverpool,0.0,0.0,D,2017-2018,9953
9954,Leicester,Newcastle,1.0,2.0,A,2017-2018,9954
9955,Man City,Man United,2.0,3.0,A,2017-2018,9955
9956,Stoke,Tottenham,1.0,2.0,A,2017-2018,9956
9957,Watford,Burnley,1.0,2.0,A,2017-2018,9957
9958,West Brom,Swansea,1.0,1.0,D,2017-2018,9958
9959,Arsenal,Southampton,3.0,2.0,H,2017-2018,9959
9960,Chelsea,West Ham,1.0,1.0,D,2017-2018,9960
9961,Burnley,Leicester,2.0,1.0,H,2017-2018,9961
9962,Crystal Palace,Brighton,3.0,2.0,H,2017-2018,9962
9963,Huddersfield,Watford,1.0,0.0,H,2017-2018,9963
9964,Liverpool,Bournemouth,3.0,0.0,H,2017-2018,9964
9965,Southampton,Chelsea,2.0,3.0,A,2017-2018,9965
9966,Swansea,Everton,1.0,1.0,D,2017-2018,9966
9967,Tottenham,Man City,1.0,3.0,A,2017-2018,9967
9968,Man United,West Brom,0.0,1.0,A,2017-2018,9968
9969,Newcastle,Arsenal,2.0,1.0,H,2017-2018,9969
9970,West Ham,Stoke,1.0,1.0,D,2017-2018,9970
9971,Brighton,Tottenham,1.0,1.0,D,2017-2018,9971
9972,Bournemouth,Man United,0.0,2.0,A,2017-2018,9972
9973,Burnley,Chelsea,1.0,2.0,A,2017-2018,9973
9974,Leicester,Southampton,0.0,0.0,D,2017-2018,9974
9975,Watford,Crystal Palace,0.0,0.0,D,2017-2018,9975
9976,West Brom,Liverpool,2.0,2.0,D,2017-2018,9976
9977,Arsenal,West Ham,4.0,1.0,H,2017-2018,9977
9978,Man City,Swansea,5.0,0.0,H,2017-2018,9978
9979,Stoke,Burnley,1.0,1.0,D,2017-2018,9979
9980,Everton,Newcastle,1.0,0.0,H,2017-2018,9980
9981,Burnley,Brighton,0.0,0.0,D,2017-2018,9981
9982,Crystal Palace,Leicester,5.0,0.0,H,2017-2018,9982
9983,Huddersfield,Everton,0.0,2.0,A,2017-2018,9983
9984,Liverpool,Stoke,0.0,0.0,D,2017-2018,9984
9985,Newcastle,West Brom,0.0,1.0,A,2017-2018,9985
9986,Southampton,Bournemouth,2.0,1.0,H,2017-2018,9986
9987,Swansea,Chelsea,0.0,1.0,A,2017-2018,9987
9988,Man United,Arsenal,2.0,1.0,H,2017-2018,9988
9989,West Ham,Man City,1.0,4.0,A,2017-2018,9989
9990,Tottenham,Watford,2.0,0.0,H,2017-2018,9990
9991,Brighton,Man United,1.0,0.0,H,2017-2018,9991
9992,Bournemouth,Swansea,1.0,0.0,H,2017-2018,9992
9993,Everton,Southampton,1.0,1.0,D,2017-2018,9993
9994,Leicester,West Ham,0.0,2.0,A,2017-2018,9994
9995,Stoke,Crystal Palace,1.0,2.0,A,2017-2018,9995
9996,Watford,Newcastle,2.0,1.0,H,2017-2018,9996
9997,West Brom,Tottenham,1.0,0.0,H,2017-2018,9997
9998,Arsenal,Burnley,5.0,0.0,H,2017-2018,9998
9999,Chelsea,Liverpool,1.0,0.0,H,2017-2018,9999
10000,Man City,Huddersfield,0.0,0.0,D,2017-2018,10000
10001,Swansea,Southampton,0.0,1.0,A,2017-2018,10001
10002,Chelsea,Huddersfield,1.0,1.0,D,2017-2018,10002
10003,Leicester,Arsenal,3.0,1.0,H,2017-2018,10003
10004,Man City,Brighton,3.0,1.0,H,2017-2018,10004
10005,Tottenham,Newcastle,1.0,0.0,H,2017-2018,10005
10006,West Ham,Man United,0.0,0.0,D,2017-2018,10006
10007,Burnley,Bournemouth,1.0,2.0,A,2017-2018,10007
10008,Crystal Palace,West Brom,2.0,0.0,H,2017-2018,10008
10009,Huddersfield,Arsenal,0.0,1.0,A,2017-2018,10009
10010,Liverpool,Brighton,4.0,0.0,H,2017-2018,10010
10011,Man United,Watford,1.0,0.0,H,2017-2018,10011
10012,Newcastle,Chelsea,3.0,0.0,H,2017-2018,10012
10013,Southampton,Man City,0.0,1.0,A,2017-2018,10013
10014,Swansea,Stoke,1.0,2.0,A,2017-2018,10014
10015,Tottenham,Leicester,5.0,4.0,H,2017-2018,10015
10016,West Ham,Everton,3.0,1.0,H,2017-2018,10016
10017,Man United,Leicester,2.0,1.0,H,2018-2019,10017
10018,Bournemouth,Cardiff,2.0,0.0,H,2018-2019,10018
10019,Fulham,Crystal Palace,0.0,2.0,A,2018-2019,10019
10020,Huddersfield,Chelsea,0.0,3.0,A,2018-2019,10020
10021,Newcastle,Tottenham,1.0,2.0,A,2018-2019,10021
10022,Watford,Brighton,2.0,0.0,H,2018-2019,10022
10023,Wolves,Everton,2.0,2.0,D,2018-2019,10023
10024,Arsenal,Man City,0.0,2.0,A,2018-2019,10024
10025,Liverpool,West Ham,4.0,0.0,H,2018-2019,10025
10026,Southampton,Burnley,0.0,0.0,D,2018-2019,10026
10027,Cardiff,Newcastle,0.0,0.0,D,2018-2019,10027
10028,Chelsea,Arsenal,3.0,2.0,H,2018-2019,10028
10029,Everton,Southampton,2.0,1.0,H,2018-2019,10029
10030,Leicester,Wolves,2.0,0.0,H,2018-2019,10030
10031,Tottenham,Fulham,3.0,1.0,H,2018-2019,10031
10032,West Ham,Bournemouth,1.0,2.0,A,2018-2019,10032
10033,Brighton,Man United,3.0,2.0,H,2018-2019,10033
10034,Burnley,Watford,1.0,3.0,A,2018-2019,10034
10035,Man City,Huddersfield,6.0,1.0,H,2018-2019,10035
10036,Crystal Palace,Liverpool,0.0,2.0,A,2018-2019,10036
10037,Arsenal,West Ham,3.0,1.0,H,2018-2019,10037
10038,Bournemouth,Everton,2.0,2.0,D,2018-2019,10038
10039,Huddersfield,Cardiff,0.0,0.0,D,2018-2019,10039
10040,Liverpool,Brighton,1.0,0.0,H,2018-2019,10040
10041,Southampton,Leicester,1.0,2.0,A,2018-2019,10041
10042,Wolves,Man City,1.0,1.0,D,2018-2019,10042
10043,Fulham,Burnley,4.0,2.0,H,2018-2019,10043
10044,Newcastle,Chelsea,1.0,2.0,A,2018-2019,10044
10045,Watford,Crystal Palace,2.0,1.0,H,2018-2019,10045
10046,Man United,Tottenham,0.0,3.0,A,2018-2019,10046
10047,Brighton,Fulham,2.0,2.0,D,2018-2019,10047
10048,Chelsea,Bournemouth,2.0,0.0,H,2018-2019,10048
10049,Crystal Palace,Southampton,0.0,2.0,A,2018-2019,10049
10050,Everton,Huddersfield,1.0,1.0,D,2018-2019,10050
10051,Leicester,Liverpool,1.0,2.0,A,2018-2019,10051
10052,Man City,Newcastle,2.0,1.0,H,2018-2019,10052
10053,West Ham,Wolves,0.0,1.0,A,2018-2019,10053
10054,Burnley,Man United,0.0,2.0,A,2018-2019,10054
10055,Cardiff,Arsenal,2.0,3.0,A,2018-2019,10055
10056,Watford,Tottenham,2.0,1.0,H,2018-2019,10056
10057,Bournemouth,Leicester,4.0,2.0,H,2018-2019,10057
10058,Chelsea,Cardiff,4.0,1.0,H,2018-2019,10058
10059,Huddersfield,Crystal Palace,0.0,1.0,A,2018-2019,10059
10060,Man City,Fulham,3.0,0.0,H,2018-2019,10060
10061,Newcastle,Arsenal,1.0,2.0,A,2018-2019,10061
10062,Tottenham,Liverpool,1.0,2.0,A,2018-2019,10062
10063,Watford,Man United,1.0,2.0,A,2018-2019,10063
10064,Everton,West Ham,1.0,3.0,A,2018-2019,10064
10065,Wolves,Burnley,1.0,0.0,H,2018-2019,10065
10066,Southampton,Brighton,2.0,2.0,D,2018-2019,10066
10067,Brighton,Tottenham,1.0,2.0,A,2018-2019,10067
10068,Burnley,Bournemouth,4.0,0.0,H,2018-2019,10068
10069,Cardiff,Man City,0.0,5.0,A,2018-2019,10069
10070,Crystal Palace,Newcastle,0.0,0.0,D,2018-2019,10070
10071,Fulham,Watford,1.0,1.0,D,2018-2019,10071
10072,Leicester,Huddersfield,3.0,1.0,H,2018-2019,10072
10073,Liverpool,Southampton,3.0,0.0,H,2018-2019,10073
10074,Man United,Wolves,1.0,1.0,D,2018-2019,10074
10075,Arsenal,Everton,2.0,0.0,H,2018-2019,10075
10076,West Ham,Chelsea,0.0,0.0,D,2018-2019,10076
10077,Arsenal,Watford,2.0,0.0,H,2018-2019,10077
10078,Chelsea,Liverpool,1.0,1.0,D,2018-2019,10078
10079,Everton,Fulham,3.0,0.0,H,2018-2019,10079
10080,Huddersfield,Tottenham,0.0,2.0,A,2018-2019,10080
10081,Man City,Brighton,2.0,0.0,H,2018-2019,10081
10082,Newcastle,Leicester,0.0,2.0,A,2018-2019,10082
10083,West Ham,Man United,3.0,1.0,H,2018-2019,10083
10084,Wolves,Southampton,2.0,0.0,H,2018-2019,10084
10085,Cardiff,Burnley,1.0,2.0,A,2018-2019,10085
10086,Bournemouth,Crystal Palace,2.0,1.0,H,2018-2019,10086
10087,Brighton,West Ham,1.0,0.0,H,2018-2019,10087
10088,Burnley,Huddersfield,1.0,1.0,D,2018-2019,10088
10089,Crystal Palace,Wolves,0.0,1.0,A,2018-2019,10089
10090,Leicester,Everton,1.0,2.0,A,2018-2019,10090
10091,Man United,Newcastle,3.0,2.0,H,2018-2019,10091
10092,Tottenham,Cardiff,1.0,0.0,H,2018-2019,10092
10093,Watford,Bournemouth,0.0,4.0,A,2018-2019,10093
10094,Fulham,Arsenal,1.0,5.0,A,2018-2019,10094
10095,Liverpool,Man City,0.0,0.0,D,2018-2019,10095
10096,Southampton,Chelsea,0.0,3.0,A,2018-2019,10096
10097,Bournemouth,Southampton,0.0,0.0,D,2018-2019,10097
10098,Cardiff,Fulham,4.0,2.0,H,2018-2019,10098
10099,Chelsea,Man United,2.0,2.0,D,2018-2019,10099
10100,Huddersfield,Liverpool,0.0,1.0,A,2018-2019,10100
10101,Man City,Burnley,5.0,0.0,H,2018-2019,10101
10102,Newcastle,Brighton,0.0,1.0,A,2018-2019,10102
10103,West Ham,Tottenham,0.0,1.0,A,2018-2019,10103
10104,Wolves,Watford,0.0,2.0,A,2018-2019,10104
10105,Everton,Crystal Palace,2.0,0.0,H,2018-2019,10105
10106,Arsenal,Leicester,3.0,1.0,H,2018-2019,10106
10107,Brighton,Wolves,1.0,0.0,H,2018-2019,10107
10108,Fulham,Bournemouth,0.0,3.0,A,2018-2019,10108
10109,Leicester,West Ham,1.0,1.0,D,2018-2019,10109
10110,Liverpool,Cardiff,4.0,1.0,H,2018-2019,10110
10111,Southampton,Newcastle,0.0,0.0,D,2018-2019,10111
10112,Watford,Huddersfield,3.0,0.0,H,2018-2019,10112
10113,Burnley,Chelsea,0.0,4.0,A,2018-2019,10113
10114,Crystal Palace,Arsenal,2.0,2.0,D,2018-2019,10114
10115,Man United,Everton,2.0,1.0,H,2018-2019,10115
10116,Tottenham,Man City,0.0,1.0,A,2018-2019,10116
10117,Arsenal,Liverpool,1.0,1.0,D,2018-2019,10117
10118,Bournemouth,Man United,1.0,2.0,A,2018-2019,10118
10119,Cardiff,Leicester,0.0,1.0,A,2018-2019,10119
10120,Everton,Brighton,3.0,1.0,H,2018-2019,10120
10121,Newcastle,Watford,1.0,0.0,H,2018-2019,10121
10122,West Ham,Burnley,4.0,2.0,H,2018-2019,10122
10123,Wolves,Tottenham,2.0,3.0,A,2018-2019,10123
10124,Chelsea,Crystal Palace,3.0,1.0,H,2018-2019,10124
10125,Man City,Southampton,6.0,1.0,H,2018-2019,10125
10126,Huddersfield,Fulham,1.0,0.0,H,2018-2019,10126
10127,Cardiff,Brighton,2.0,1.0,H,2018-2019,10127
10128,Crystal Palace,Tottenham,0.0,1.0,A,2018-2019,10128
10129,Huddersfield,West Ham,1.0,1.0,D,2018-2019,10129
10130,Leicester,Burnley,0.0,0.0,D,2018-2019,10130
10131,Newcastle,Bournemouth,2.0,1.0,H,2018-2019,10131
10132,Southampton,Watford,1.0,1.0,D,2018-2019,10132
10133,Arsenal,Wolves,1.0,1.0,D,2018-2019,10133
10134,Chelsea,Everton,0.0,0.0,D,2018-2019,10134
10135,Liverpool,Fulham,2.0,0.0,H,2018-2019,10135
10136,Man City,Man United,3.0,1.0,H,2018-2019,10136
10137,Brighton,Leicester,1.0,1.0,D,2018-2019,10137
10138,Everton,Cardiff,1.0,0.0,H,2018-2019,10138
10139,Fulham,Southampton,3.0,2.0,H,2018-2019,10139
10140,Man United,Crystal Palace,0.0,0.0,D,2018-2019,10140
10141,Tottenham,Chelsea,3.0,1.0,H,2018-2019,10141
10142,Watford,Liverpool,0.0,3.0,A,2018-2019,10142
10143,West Ham,Man City,0.0,4.0,A,2018-2019,10143
10144,Bournemouth,Arsenal,1.0,2.0,A,2018-2019,10144
10145,Wolves,Huddersfield,0.0,2.0,A,2018-2019,10145
10146,Burnley,Newcastle,1.0,2.0,A,2018-2019,10146
10147,Cardiff,Wolves,2.0,1.0,H,2018-2019,10147
10148,Crystal Palace,Burnley,2.0,0.0,H,2018-2019,10148
10149,Huddersfield,Brighton,1.0,2.0,A,2018-2019,10149
10150,Leicester,Watford,2.0,0.0,H,2018-2019,10150
10151,Man City,Bournemouth,3.0,1.0,H,2018-2019,10151
10152,Newcastle,West Ham,0.0,3.0,A,2018-2019,10152
10153,Southampton,Man United,2.0,2.0,D,2018-2019,10153
10154,Arsenal,Tottenham,4.0,2.0,H,2018-2019,10154
10155,Chelsea,Fulham,2.0,0.0,H,2018-2019,10155
10156,Liverpool,Everton,1.0,0.0,H,2018-2019,10156
10157,Bournemouth,Huddersfield,2.0,1.0,H,2018-2019,10157
10158,Brighton,Crystal Palace,3.0,1.0,H,2018-2019,10158
10159,Watford,Man City,1.0,2.0,A,2018-2019,10159
10160,West Ham,Cardiff,3.0,1.0,H,2018-2019,10160
10161,Burnley,Liverpool,1.0,3.0,A,2018-2019,10161
10162,Everton,Newcastle,1.0,1.0,D,2018-2019,10162
10163,Fulham,Leicester,1.0,1.0,D,2018-2019,10163
10164,Man United,Arsenal,2.0,2.0,D,2018-2019,10164
10165,Tottenham,Southampton,3.0,1.0,H,2018-2019,10165
10166,Wolves,Chelsea,2.0,1.0,H,2018-2019,10166
10167,Arsenal,Huddersfield,1.0,0.0,H,2018-2019,10167
10168,Bournemouth,Liverpool,0.0,4.0,A,2018-2019,10168
10169,Burnley,Brighton,1.0,0.0,H,2018-2019,10169
10170,Cardiff,Southampton,1.0,0.0,H,2018-2019,10170
10171,Chelsea,Man City,2.0,0.0,H,2018-2019,10171
10172,Leicester,Tottenham,0.0,2.0,A,2018-2019,10172
10173,Man United,Fulham,4.0,1.0,H,2018-2019,10173
10174,West Ham,Crystal Palace,3.0,2.0,H,2018-2019,10174
10175,Newcastle,Wolves,1.0,2.0,A,2018-2019,10175
10176,Everton,Watford,2.0,2.0,D,2018-2019,10176
10177,Crystal Palace,Leicester,1.0,0.0,H,2018-2019,10177
10178,Fulham,West Ham,0.0,2.0,A,2018-2019,10178
10179,Huddersfield,Newcastle,0.0,1.0,A,2018-2019,10179
10180,Man City,Everton,3.0,1.0,H,2018-2019,10180
10181,Tottenham,Burnley,1.0,0.0,H,2018-2019,10181
10182,Watford,Cardiff,3.0,2.0,H,2018-2019,10182
10183,Wolves,Bournemouth,2.0,0.0,H,2018-2019,10183
10184,Brighton,Chelsea,1.0,2.0,A,2018-2019,10184
10185,Liverpool,Man United,3.0,1.0,H,2018-2019,10185
10186,Southampton,Arsenal,3.0,2.0,H,2018-2019,10186
10187,Wolves,Liverpool,0.0,2.0,A,2018-2019,10187
10188,Arsenal,Burnley,3.0,1.0,H,2018-2019,10188
10189,Bournemouth,Brighton,2.0,0.0,H,2018-2019,10189
10190,Cardiff,Man United,1.0,5.0,A,2018-2019,10190
10191,Chelsea,Leicester,0.0,1.0,A,2018-2019,10191
10192,Huddersfield,Southampton,1.0,3.0,A,2018-2019,10192
10193,Man City,Crystal Palace,2.0,3.0,A,2018-2019,10193
10194,Newcastle,Fulham,0.0,0.0,D,2018-2019,10194
10195,West Ham,Watford,0.0,2.0,A,2018-2019,10195
10196,Everton,Tottenham,2.0,6.0,A,2018-2019,10196
10197,Brighton,Arsenal,1.0,1.0,D,2018-2019,10197
10198,Burnley,Everton,1.0,5.0,A,2018-2019,10198
10199,Crystal Palace,Cardiff,0.0,0.0,D,2018-2019,10199
10200,Fulham,Wolves,1.0,1.0,D,2018-2019,10200
10201,Leicester,Man City,2.0,1.0,H,2018-2019,10201
10202,Liverpool,Newcastle,4.0,0.0,H,2018-2019,10202
10203,Man United,Huddersfield,3.0,1.0,H,2018-2019,10203
10204,Tottenham,Bournemouth,5.0,0.0,H,2018-2019,10204
10205,Watford,Chelsea,1.0,2.0,A,2018-2019,10205
10206,Southampton,West Ham,1.0,2.0,A,2018-2019,10206
10207,Brighton,Everton,1.0,0.0,H,2018-2019,10207
10208,Fulham,Huddersfield,1.0,0.0,H,2018-2019,10208
10209,Leicester,Cardiff,0.0,1.0,A,2018-2019,10209
10210,Liverpool,Arsenal,5.0,1.0,H,2018-2019,10210
10211,Tottenham,Wolves,1.0,3.0,A,2018-2019,10211
10212,Watford,Newcastle,1.0,1.0,D,2018-2019,10212
10213,Burnley,West Ham,2.0,0.0,H,2018-2019,10213
10214,Crystal Palace,Chelsea,0.0,1.0,A,2018-2019,10214
10215,Man United,Bournemouth,4.0,1.0,H,2018-2019,10215
10216,Southampton,Man City,1.0,3.0,A,2018-2019,10216
10217,Arsenal,Fulham,4.0,1.0,H,2018-2019,10217
10218,Cardiff,Tottenham,0.0,3.0,A,2018-2019,10218
10219,Everton,Leicester,0.0,1.0,A,2018-2019,10219
10220,Bournemouth,Watford,3.0,3.0,D,2018-2019,10220
10221,Chelsea,Southampton,0.0,0.0,D,2018-2019,10221
10222,Huddersfield,Burnley,1.0,2.0,A,2018-2019,10222
10223,Newcastle,Man United,0.0,2.0,A,2018-2019,10223
10224,West Ham,Brighton,2.0,2.0,D,2018-2019,10224
10225,Wolves,Crystal Palace,0.0,2.0,A,2018-2019,10225
10226,Man City,Liverpool,2.0,1.0,H,2018-2019,10226
10227,Brighton,Liverpool,0.0,1.0,A,2018-2019,10227
10228,Burnley,Fulham,2.0,1.0,H,2018-2019,10228
10229,Cardiff,Huddersfield,0.0,0.0,D,2018-2019,10229
10230,Chelsea,Newcastle,2.0,1.0,H,2018-2019,10230
10231,Crystal Palace,Watford,1.0,2.0,A,2018-2019,10231
10232,Leicester,Southampton,1.0,2.0,A,2018-2019,10232
10233,West Ham,Arsenal,1.0,0.0,H,2018-2019,10233
10234,Everton,Bournemouth,2.0,0.0,H,2018-2019,10234
10235,Tottenham,Man United,0.0,1.0,A,2018-2019,10235
10236,Man City,Wolves,3.0,0.0,H,2018-2019,10236
10237,Arsenal,Chelsea,2.0,0.0,H,2018-2019,10237
10238,Bournemouth,West Ham,2.0,0.0,H,2018-2019,10238
10239,Liverpool,Crystal Palace,4.0,3.0,H,2018-2019,10239
10240,Man United,Brighton,2.0,1.0,H,2018-2019,10240
10241,Newcastle,Cardiff,3.0,0.0,H,2018-2019,10241
10242,Southampton,Everton,2.0,1.0,H,2018-2019,10242
10243,Watford,Burnley,0.0,0.0,D,2018-2019,10243
10244,Wolves,Leicester,4.0,3.0,H,2018-2019,10244
10245,Fulham,Tottenham,1.0,2.0,A,2018-2019,10245
10246,Huddersfield,Man City,0.0,3.0,A,2018-2019,10246
10247,Arsenal,Cardiff,2.0,1.0,H,2018-2019,10247
10248,Fulham,Brighton,4.0,2.0,H,2018-2019,10248
10249,Huddersfield,Everton,0.0,1.0,A,2018-2019,10249
10250,Man United,Burnley,2.0,2.0,D,2018-2019,10250
10251,Newcastle,Man City,2.0,1.0,H,2018-2019,10251
10252,Wolves,West Ham,3.0,0.0,H,2018-2019,10252
10253,Bournemouth,Chelsea,4.0,0.0,H,2018-2019,10253
10254,Liverpool,Leicester,1.0,1.0,D,2018-2019,10254
10255,Southampton,Crystal Palace,1.0,1.0,D,2018-2019,10255
10256,Tottenham,Watford,2.0,1.0,H,2018-2019,10256
10257,Brighton,Watford,0.0,0.0,D,2018-2019,10257
10258,Burnley,Southampton,1.0,1.0,D,2018-2019,10258
10259,Cardiff,Bournemouth,2.0,0.0,H,2018-2019,10259
10260,Chelsea,Huddersfield,5.0,0.0,H,2018-2019,10260
10261,Crystal Palace,Fulham,2.0,0.0,H,2018-2019,10261
10262,Everton,Wolves,1.0,3.0,A,2018-2019,10262
10263,Tottenham,Newcastle,1.0,0.0,H,2018-2019,10263
10264,Leicester,Man United,0.0,1.0,A,2018-2019,10264
10265,Man City,Arsenal,3.0,1.0,H,2018-2019,10265
10266,West Ham,Liverpool,1.0,1.0,D,2018-2019,10266
10267,Everton,Man City,0.0,2.0,A,2018-2019,10267
10268,Brighton,Burnley,1.0,3.0,A,2018-2019,10268
10269,Crystal Palace,West Ham,1.0,1.0,D,2018-2019,10269
10270,Fulham,Man United,0.0,3.0,A,2018-2019,10270
10271,Huddersfield,Arsenal,1.0,2.0,A,2018-2019,10271
10272,Liverpool,Bournemouth,3.0,0.0,H,2018-2019,10272
10273,Southampton,Cardiff,1.0,2.0,A,2018-2019,10273
10274,Watford,Everton,1.0,0.0,H,2018-2019,10274
10275,Man City,Chelsea,6.0,0.0,H,2018-2019,10275
10276,Tottenham,Leicester,3.0,1.0,H,2018-2019,10276
10277,Wolves,Newcastle,1.0,1.0,D,2018-2019,10277
10278,Cardiff,Watford,1.0,5.0,A,2018-2019,10278
10279,West Ham,Fulham,3.0,1.0,H,2018-2019,10279
10280,Bournemouth,Wolves,1.0,1.0,D,2018-2019,10280
10281,Burnley,Tottenham,2.0,1.0,H,2018-2019,10281
10282,Leicester,Crystal Palace,1.0,4.0,A,2018-2019,10282
10283,Newcastle,Huddersfield,2.0,0.0,H,2018-2019,10283
10284,Arsenal,Southampton,2.0,0.0,H,2018-2019,10284
10285,Man United,Liverpool,0.0,0.0,D,2018-2019,10285
10286,Cardiff,Everton,0.0,3.0,A,2018-2019,10286
10287,Huddersfield,Wolves,1.0,0.0,H,2018-2019,10287
10288,Leicester,Brighton,2.0,1.0,H,2018-2019,10288
10289,Newcastle,Burnley,2.0,0.0,H,2018-2019,10289
10290,Arsenal,Bournemouth,5.0,1.0,H,2018-2019,10290
10291,Chelsea,Tottenham,2.0,0.0,H,2018-2019,10291
10292,Crystal Palace,Man United,1.0,3.0,A,2018-2019,10292
10293,Liverpool,Watford,5.0,0.0,H,2018-2019,10293
10294,Man City,West Ham,1.0,0.0,H,2018-2019,10294
10295,Southampton,Fulham,2.0,0.0,H,2018-2019,10295
10296,Bournemouth,Man City,0.0,1.0,A,2018-2019,10296
10297,Brighton,Huddersfield,1.0,0.0,H,2018-2019,10297
10298,Burnley,Crystal Palace,1.0,3.0,A,2018-2019,10298
10299,Man United,Southampton,3.0,2.0,H,2018-2019,10299
10300,Tottenham,Arsenal,1.0,1.0,D,2018-2019,10300
10301,West Ham,Newcastle,2.0,0.0,H,2018-2019,10301
10302,Wolves,Cardiff,2.0,0.0,H,2018-2019,10302
10303,Everton,Liverpool,0.0,0.0,D,2018-2019,10303
10304,Fulham,Chelsea,1.0,2.0,A,2018-2019,10304
10305,Watford,Leicester,2.0,1.0,H,2018-2019,10305
10306,Cardiff,West Ham,2.0,0.0,H,2018-2019,10306
10307,Crystal Palace,Brighton,1.0,2.0,A,2018-2019,10307
10308,Huddersfield,Bournemouth,0.0,2.0,A,2018-2019,10308
10309,Leicester,Fulham,3.0,1.0,H,2018-2019,10309
10310,Man City,Watford,3.0,1.0,H,2018-2019,10310
10311,Newcastle,Everton,3.0,2.0,H,2018-2019,10311
10312,Southampton,Tottenham,2.0,1.0,H,2018-2019,10312
10313,Arsenal,Man United,2.0,0.0,H,2018-2019,10313
10314,Chelsea,Wolves,1.0,1.0,D,2018-2019,10314
10315,Liverpool,Burnley,4.0,2.0,H,2018-2019,10315
10316,Bournemouth,Newcastle,2.0,2.0,D,2018-2019,10316
10317,Burnley,Leicester,1.0,2.0,A,2018-2019,10317
10318,West Ham,Huddersfield,4.0,3.0,H,2018-2019,10318
10319,Everton,Chelsea,2.0,0.0,H,2018-2019,10319
10320,Fulham,Liverpool,1.0,2.0,A,2018-2019,10320
10321,Brighton,Southampton,0.0,1.0,A,2018-2019,10321
10322,Burnley,Wolves,2.0,0.0,H,2018-2019,10322
10323,Crystal Palace,Huddersfield,2.0,0.0,H,2018-2019,10323
10324,Fulham,Man City,0.0,2.0,A,2018-2019,10324
10325,Leicester,Bournemouth,2.0,0.0,H,2018-2019,10325
10326,Man United,Watford,2.0,1.0,H,2018-2019,10326
10327,West Ham,Everton,0.0,2.0,A,2018-2019,10327
10328,Cardiff,Chelsea,1.0,2.0,A,2018-2019,10328
10329,Liverpool,Tottenham,2.0,1.0,H,2018-2019,10329
10330,Arsenal,Newcastle,2.0,0.0,H,2018-2019,10330
10331,Watford,Fulham,4.0,1.0,H,2018-2019,10331
10332,Wolves,Man United,2.0,1.0,H,2018-2019,10332
10333,Chelsea,Brighton,3.0,0.0,H,2018-2019,10333
10334,Man City,Cardiff,2.0,0.0,H,2018-2019,10334
10335,Tottenham,Crystal Palace,2.0,0.0,H,2018-2019,10335
10336,Southampton,Liverpool,1.0,3.0,A,2018-2019,10336
10337,Bournemouth,Burnley,1.0,3.0,A,2018-2019,10337
10338,Huddersfield,Leicester,1.0,4.0,A,2018-2019,10338
10339,Newcastle,Crystal Palace,0.0,1.0,A,2018-2019,10339
10340,Everton,Arsenal,1.0,0.0,H,2018-2019,10340
10341,Chelsea,West Ham,2.0,0.0,H,2018-2019,10341
10342,Leicester,Newcastle,0.0,1.0,A,2018-2019,10342
10343,Brighton,Bournemouth,0.0,5.0,A,2018-2019,10343
10344,Burnley,Cardiff,2.0,0.0,H,2018-2019,10344
10345,Fulham,Everton,2.0,0.0,H,2018-2019,10345
10346,Man United,West Ham,2.0,1.0,H,2018-2019,10346
10347,Southampton,Wolves,3.0,1.0,H,2018-2019,10347
10348,Tottenham,Huddersfield,4.0,0.0,H,2018-2019,10348
10349,Crystal Palace,Man City,1.0,3.0,A,2018-2019,10349
10350,Liverpool,Chelsea,2.0,0.0,H,2018-2019,10350
10351,Watford,Arsenal,0.0,1.0,A,2018-2019,10351
10352,Brighton,Cardiff,0.0,2.0,A,2018-2019,10352
10353,Bournemouth,Fulham,0.0,1.0,A,2018-2019,10353
10354,Huddersfield,Watford,1.0,2.0,A,2018-2019,10354
10355,Man City,Tottenham,1.0,0.0,H,2018-2019,10355
10356,Newcastle,Southampton,3.0,1.0,H,2018-2019,10356
10357,West Ham,Leicester,2.0,2.0,D,2018-2019,10357
10358,Wolves,Brighton,0.0,0.0,D,2018-2019,10358
10359,Arsenal,Crystal Palace,2.0,3.0,A,2018-2019,10359
10360,Cardiff,Liverpool,0.0,2.0,A,2018-2019,10360
10361,Everton,Man United,4.0,0.0,H,2018-2019,10361
10362,Chelsea,Burnley,2.0,2.0,D,2018-2019,10362
10363,Tottenham,Brighton,1.0,0.0,H,2018-2019,10363
10364,Watford,Southampton,1.0,1.0,D,2018-2019,10364
10365,Man United,Man City,0.0,2.0,A,2018-2019,10365
10366,Wolves,Arsenal,3.0,1.0,H,2018-2019,10366
10367,Liverpool,Huddersfield,5.0,0.0,H,2018-2019,10367
10368,Brighton,Newcastle,1.0,1.0,D,2018-2019,10368
10369,Crystal Palace,Everton,0.0,0.0,D,2018-2019,10369
10370,Fulham,Cardiff,1.0,0.0,H,2018-2019,10370
10371,Southampton,Bournemouth,3.0,3.0,D,2018-2019,10371
10372,Tottenham,West Ham,0.0,1.0,A,2018-2019,10372
10373,Watford,Wolves,1.0,2.0,A,2018-2019,10373
10374,Burnley,Man City,0.0,1.0,A,2018-2019,10374
10375,Leicester,Arsenal,3.0,0.0,H,2018-2019,10375
10376,Man United,Chelsea,1.0,1.0,D,2018-2019,10376
10377,Everton,Burnley,2.0,0.0,H,2018-2019,10377
10378,Bournemouth,Tottenham,1.0,0.0,H,2018-2019,10378
10379,Cardiff,Crystal Palace,2.0,3.0,A,2018-2019,10379
10380,Newcastle,Liverpool,2.0,3.0,A,2018-2019,10380
10381,West Ham,Southampton,3.0,0.0,H,2018-2019,10381
10382,Wolves,Fulham,1.0,0.0,H,2018-2019,10382
10383,Arsenal,Brighton,1.0,1.0,D,2018-2019,10383
10384,Chelsea,Watford,3.0,0.0,H,2018-2019,10384
10385,Huddersfield,Man United,1.0,1.0,D,2018-2019,10385
10386,Man City,Leicester,1.0,0.0,H,2018-2019,10386
10387,Brighton,Man City,1.0,4.0,A,2018-2019,10387
10388,Burnley,Arsenal,1.0,3.0,A,2018-2019,10388
10389,Crystal Palace,Bournemouth,5.0,3.0,H,2018-2019,10389
10390,Fulham,Newcastle,0.0,4.0,A,2018-2019,10390
10391,Leicester,Chelsea,0.0,0.0,D,2018-2019,10391
10392,Liverpool,Wolves,2.0,0.0,H,2018-2019,10392
10393,Man United,Cardiff,0.0,2.0,A,2018-2019,10393
10394,Southampton,Huddersfield,1.0,1.0,D,2018-2019,10394
10395,Tottenham,Everton,2.0,2.0,D,2018-2019,10395
10396,Watford,West Ham,1.0,4.0,A,2018-2019,10396
10397,Liverpool,Norwich,4.0,1.0,H,2019-2020,10397
10398,West Ham,Man City,0.0,5.0,A,2019-2020,10398
10399,Bournemouth,Sheffield United,1.0,1.0,D,2019-2020,10399
10400,Burnley,Southampton,3.0,0.0,H,2019-2020,10400
10401,Crystal Palace,Everton,0.0,0.0,D,2019-2020,10401
10402,Watford,Brighton,0.0,3.0,A,2019-2020,10402
10403,Tottenham,Aston Villa,3.0,1.0,H,2019-2020,10403
10404,Leicester,Wolves,0.0,0.0,D,2019-2020,10404
10405,Newcastle,Arsenal,0.0,1.0,A,2019-2020,10405
10406,Man United,Chelsea,4.0,0.0,H,2019-2020,10406
10407,Arsenal,Burnley,2.0,1.0,H,2019-2020,10407
10408,Aston Villa,Bournemouth,1.0,2.0,A,2019-2020,10408
10409,Brighton,West Ham,1.0,1.0,D,2019-2020,10409
10410,Everton,Watford,1.0,0.0,H,2019-2020,10410
10411,Norwich,Newcastle,3.0,1.0,H,2019-2020,10411
10412,Southampton,Liverpool,1.0,2.0,A,2019-2020,10412
10413,Man City,Tottenham,2.0,2.0,D,2019-2020,10413
10414,Sheffield United,Crystal Palace,1.0,0.0,H,2019-2020,10414
10415,Chelsea,Leicester,1.0,1.0,D,2019-2020,10415
10416,Wolves,Man United,1.0,1.0,D,2019-2020,10416
10417,Aston Villa,Everton,2.0,0.0,H,2019-2020,10417
10418,Norwich,Chelsea,2.0,3.0,A,2019-2020,10418
10419,Brighton,Southampton,0.0,2.0,A,2019-2020,10419
10420,Man United,Crystal Palace,1.0,2.0,A,2019-2020,10420
10421,Sheffield United,Leicester,1.0,2.0,A,2019-2020,10421
10422,Watford,West Ham,1.0,3.0,A,2019-2020,10422
10423,Liverpool,Arsenal,3.0,1.0,H,2019-2020,10423
10424,Bournemouth,Man City,1.0,3.0,A,2019-2020,10424
10425,Tottenham,Newcastle,0.0,1.0,A,2019-2020,10425
10426,Wolves,Burnley,1.0,1.0,D,2019-2020,10426
10427,Southampton,Man United,1.0,1.0,D,2019-2020,10427
10428,Chelsea,Sheffield United,2.0,2.0,D,2019-2020,10428
10429,Crystal Palace,Aston Villa,1.0,0.0,H,2019-2020,10429
10430,Leicester,Bournemouth,3.0,1.0,H,2019-2020,10430
10431,Man City,Brighton,4.0,0.0,H,2019-2020,10431
10432,Newcastle,Watford,1.0,1.0,D,2019-2020,10432
10433,West Ham,Norwich,2.0,0.0,H,2019-2020,10433
10434,Burnley,Liverpool,0.0,3.0,A,2019-2020,10434
10435,Everton,Wolves,3.0,2.0,H,2019-2020,10435
10436,Arsenal,Tottenham,2.0,2.0,D,2019-2020,10436
10437,Liverpool,Newcastle,3.0,1.0,H,2019-2020,10437
10438,Brighton,Burnley,1.0,1.0,D,2019-2020,10438
10439,Man United,Leicester,1.0,0.0,H,2019-2020,10439
10440,Sheffield United,Southampton,0.0,1.0,A,2019-2020,10440
10441,Tottenham,Crystal Palace,4.0,0.0,H,2019-2020,10441
10442,Wolves,Chelsea,2.0,5.0,A,2019-2020,10442
10443,Norwich,Man City,3.0,2.0,H,2019-2020,10443
10444,Bournemouth,Everton,3.0,1.0,H,2019-2020,10444
10445,Watford,Arsenal,2.0,2.0,D,2019-2020,10445
10446,Aston Villa,West Ham,0.0,0.0,D,2019-2020,10446
10447,Southampton,Bournemouth,1.0,3.0,A,2019-2020,10447
10448,Leicester,Tottenham,2.0,1.0,H,2019-2020,10448
10449,Burnley,Norwich,2.0,0.0,H,2019-2020,10449
10450,Everton,Sheffield United,0.0,2.0,A,2019-2020,10450
10451,Man City,Watford,8.0,0.0,H,2019-2020,10451
10452,Newcastle,Brighton,0.0,0.0,D,2019-2020,10452
10453,Crystal Palace,Wolves,1.0,1.0,D,2019-2020,10453
10454,West Ham,Man United,2.0,0.0,H,2019-2020,10454
10455,Arsenal,Aston Villa,3.0,2.0,H,2019-2020,10455
10456,Chelsea,Liverpool,1.0,2.0,A,2019-2020,10456
10457,Sheffield United,Liverpool,0.0,1.0,A,2019-2020,10457
10458,Aston Villa,Burnley,2.0,2.0,D,2019-2020,10458
10459,Bournemouth,West Ham,2.0,2.0,D,2019-2020,10459
10460,Chelsea,Brighton,2.0,0.0,H,2019-2020,10460
10461,Crystal Palace,Norwich,2.0,0.0,H,2019-2020,10461
10462,Tottenham,Southampton,2.0,1.0,H,2019-2020,10462
10463,Wolves,Watford,2.0,0.0,H,2019-2020,10463
10464,Everton,Man City,1.0,3.0,A,2019-2020,10464
10465,Leicester,Newcastle,5.0,0.0,H,2019-2020,10465
10466,Man United,Arsenal,1.0,1.0,D,2019-2020,10466
10467,Brighton,Tottenham,3.0,0.0,H,2019-2020,10467
10468,Burnley,Everton,1.0,0.0,H,2019-2020,10468
10469,Liverpool,Leicester,2.0,1.0,H,2019-2020,10469
10470,Norwich,Aston Villa,1.0,5.0,A,2019-2020,10470
10471,Watford,Sheffield United,0.0,0.0,D,2019-2020,10471
10472,West Ham,Crystal Palace,1.0,2.0,A,2019-2020,10472
10473,Arsenal,Bournemouth,1.0,0.0,H,2019-2020,10473
10474,Man City,Wolves,0.0,2.0,A,2019-2020,10474
10475,Southampton,Chelsea,1.0,4.0,A,2019-2020,10475
10476,Newcastle,Man United,1.0,0.0,H,2019-2020,10476
10477,Everton,West Ham,2.0,0.0,H,2019-2020,10477
10478,Aston Villa,Brighton,2.0,1.0,H,2019-2020,10478
10479,Bournemouth,Norwich,0.0,0.0,D,2019-2020,10479
10480,Chelsea,Newcastle,1.0,0.0,H,2019-2020,10480
10481,Leicester,Burnley,2.0,1.0,H,2019-2020,10481
10482,Tottenham,Watford,1.0,1.0,D,2019-2020,10482
10483,Wolves,Southampton,1.0,1.0,D,2019-2020,10483
10484,Crystal Palace,Man City,0.0,2.0,A,2019-2020,10484
10485,Man United,Liverpool,1.0,1.0,D,2019-2020,10485
10486,Sheffield United,Arsenal,1.0,0.0,H,2019-2020,10486
10487,Southampton,Leicester,0.0,9.0,A,2019-2020,10487
10488,Man City,Aston Villa,3.0,0.0,H,2019-2020,10488
10489,Brighton,Everton,3.0,2.0,H,2019-2020,10489
10490,Watford,Bournemouth,0.0,0.0,D,2019-2020,10490
10491,West Ham,Sheffield United,1.0,1.0,D,2019-2020,10491
10492,Burnley,Chelsea,2.0,4.0,A,2019-2020,10492
10493,Newcastle,Wolves,1.0,1.0,D,2019-2020,10493
10494,Arsenal,Crystal Palace,2.0,2.0,D,2019-2020,10494
10495,Liverpool,Tottenham,2.0,1.0,H,2019-2020,10495
10496,Norwich,Man United,1.0,3.0,A,2019-2020,10496
10497,Bournemouth,Man United,1.0,0.0,H,2019-2020,10497
10498,Arsenal,Wolves,1.0,1.0,D,2019-2020,10498
10499,Aston Villa,Liverpool,1.0,2.0,A,2019-2020,10499
10500,Brighton,Norwich,2.0,0.0,H,2019-2020,10500
10501,Man City,Southampton,2.0,1.0,H,2019-2020,10501
10502,Sheffield United,Burnley,3.0,0.0,H,2019-2020,10502
10503,West Ham,Newcastle,2.0,3.0,A,2019-2020,10503
10504,Watford,Chelsea,1.0,2.0,A,2019-2020,10504
10505,Crystal Palace,Leicester,0.0,2.0,A,2019-2020,10505
10506,Everton,Tottenham,1.0,1.0,D,2019-2020,10506
10507,Norwich,Watford,0.0,2.0,A,2019-2020,10507
10508,Chelsea,Crystal Palace,2.0,0.0,H,2019-2020,10508
10509,Burnley,West Ham,3.0,0.0,H,2019-2020,10509
10510,Newcastle,Bournemouth,2.0,1.0,H,2019-2020,10510
10511,Southampton,Everton,1.0,2.0,A,2019-2020,10511
10512,Tottenham,Sheffield United,1.0,1.0,D,2019-2020,10512
10513,Leicester,Arsenal,2.0,0.0,H,2019-2020,10513
10514,Man United,Brighton,3.0,1.0,H,2019-2020,10514
10515,Wolves,Aston Villa,2.0,1.0,H,2019-2020,10515
10516,Liverpool,Man City,3.0,1.0,H,2019-2020,10516
10517,West Ham,Tottenham,2.0,3.0,A,2019-2020,10517
10518,Arsenal,Southampton,2.0,2.0,D,2019-2020,10518
10519,Bournemouth,Wolves,1.0,2.0,A,2019-2020,10519
10520,Brighton,Leicester,0.0,2.0,A,2019-2020,10520
10521,Crystal Palace,Liverpool,1.0,2.0,A,2019-2020,10521
10522,Everton,Norwich,0.0,2.0,A,2019-2020,10522
10523,Watford,Burnley,0.0,3.0,A,2019-2020,10523
10524,Man City,Chelsea,2.0,1.0,H,2019-2020,10524
10525,Sheffield United,Man United,3.0,3.0,D,2019-2020,10525
10526,Aston Villa,Newcastle,2.0,0.0,H,2019-2020,10526
10527,Newcastle,Man City,2.0,2.0,D,2019-2020,10527
10528,Burnley,Crystal Palace,0.0,2.0,A,2019-2020,10528
10529,Chelsea,West Ham,0.0,1.0,A,2019-2020,10529
10530,Liverpool,Brighton,2.0,1.0,H,2019-2020,10530
10531,Tottenham,Bournemouth,3.0,2.0,H,2019-2020,10531
10532,Southampton,Watford,2.0,1.0,H,2019-2020,10532
10533,Norwich,Arsenal,2.0,2.0,D,2019-2020,10533
10534,Wolves,Sheffield United,1.0,1.0,D,2019-2020,10534
10535,Leicester,Everton,2.0,1.0,H,2019-2020,10535
10536,Man United,Aston Villa,2.0,2.0,D,2019-2020,10536
10537,Crystal Palace,Bournemouth,1.0,0.0,H,2019-2020,10537
10538,Burnley,Man City,1.0,4.0,A,2019-2020,10538
10539,Chelsea,Aston Villa,2.0,1.0,H,2019-2020,10539
10540,Leicester,Watford,2.0,0.0,H,2019-2020,10540
10541,Man United,Tottenham,2.0,1.0,H,2019-2020,10541
10542,Southampton,Norwich,2.0,1.0,H,2019-2020,10542
10543,Wolves,West Ham,2.0,0.0,H,2019-2020,10543
10544,Liverpool,Everton,5.0,2.0,H,2019-2020,10544
10545,Sheffield United,Newcastle,0.0,2.0,A,2019-2020,10545
10546,Arsenal,Brighton,1.0,2.0,A,2019-2020,10546
10547,Everton,Chelsea,3.0,1.0,H,2019-2020,10547
10548,Bournemouth,Liverpool,0.0,3.0,A,2019-2020,10548
10549,Tottenham,Burnley,5.0,0.0,H,2019-2020,10549
10550,Watford,Crystal Palace,0.0,0.0,D,2019-2020,10550
10551,Man City,Man United,1.0,2.0,A,2019-2020,10551
10552,Aston Villa,Leicester,1.0,4.0,A,2019-2020,10552
10553,Newcastle,Southampton,2.0,1.0,H,2019-2020,10553
10554,Norwich,Sheffield United,1.0,2.0,A,2019-2020,10554
10555,Brighton,Wolves,2.0,2.0,D,2019-2020,10555
10556,West Ham,Arsenal,1.0,3.0,A,2019-2020,10556
10557,Liverpool,Watford,2.0,0.0,H,2019-2020,10557
10558,Burnley,Newcastle,1.0,0.0,H,2019-2020,10558
10559,Chelsea,Bournemouth,0.0,1.0,A,2019-2020,10559
10560,Leicester,Norwich,1.0,1.0,D,2019-2020,10560
10561,Sheffield United,Aston Villa,2.0,0.0,H,2019-2020,10561
10562,Southampton,West Ham,0.0,1.0,A,2019-2020,10562
10563,Man United,Everton,1.0,1.0,D,2019-2020,10563
10564,Wolves,Tottenham,1.0,2.0,A,2019-2020,10564
10565,Arsenal,Man City,0.0,3.0,A,2019-2020,10565
10566,Crystal Palace,Brighton,1.0,1.0,D,2019-2020,10566
10567,Everton,Arsenal,0.0,0.0,D,2019-2020,10567
10568,Aston Villa,Southampton,1.0,3.0,A,2019-2020,10568
10569,Bournemouth,Burnley,0.0,1.0,A,2019-2020,10569
10570,Brighton,Sheffield United,0.0,1.0,A,2019-2020,10570
10571,Newcastle,Crystal Palace,1.0,0.0,H,2019-2020,10571
10572,Norwich,Wolves,1.0,2.0,A,2019-2020,10572
10573,Man City,Leicester,3.0,1.0,H,2019-2020,10573
10574,Watford,Man United,2.0,0.0,H,2019-2020,10574
10575,Tottenham,Chelsea,0.0,2.0,A,2019-2020,10575
10576,Tottenham,Brighton,2.0,1.0,H,2019-2020,10576
10577,Aston Villa,Norwich,1.0,0.0,H,2019-2020,10577
10578,Bournemouth,Arsenal,1.0,1.0,D,2019-2020,10578
10579,Chelsea,Southampton,0.0,2.0,A,2019-2020,10579
10580,Crystal Palace,West Ham,2.0,1.0,H,2019-2020,10580
10581,Everton,Burnley,1.0,0.0,H,2019-2020,10581
10582,Sheffield United,Watford,1.0,1.0,D,2019-2020,10582
10583,Man United,Newcastle,4.0,1.0,H,2019-2020,10583
10584,Leicester,Liverpool,0.0,4.0,A,2019-2020,10584
10585,Wolves,Man City,3.0,2.0,H,2019-2020,10585
10586,Brighton,Bournemouth,2.0,0.0,H,2019-2020,10586
10587,Newcastle,Everton,1.0,2.0,A,2019-2020,10587
10588,Southampton,Crystal Palace,1.0,1.0,D,2019-2020,10588
10589,Watford,Aston Villa,3.0,0.0,H,2019-2020,10589
10590,Norwich,Tottenham,2.0,2.0,D,2019-2020,10590
10591,West Ham,Leicester,1.0,2.0,A,2019-2020,10591
10592,Burnley,Man United,0.0,2.0,A,2019-2020,10592
10593,Arsenal,Chelsea,1.0,2.0,A,2019-2020,10593
10594,Liverpool,Wolves,1.0,0.0,H,2019-2020,10594
10595,Man City,Sheffield United,2.0,0.0,H,2019-2020,10595
10596,Brighton,Chelsea,1.0,1.0,D,2019-2020,10596
10597,Burnley,Aston Villa,1.0,2.0,A,2019-2020,10597
10598,Newcastle,Leicester,0.0,3.0,A,2019-2020,10598
10599,Southampton,Tottenham,1.0,0.0,H,2019-2020,10599
10600,Watford,Wolves,2.0,1.0,H,2019-2020,10600
10601,Man City,Everton,2.0,1.0,H,2019-2020,10601
10602,Norwich,Crystal Palace,1.0,1.0,D,2019-2020,10602
10603,West Ham,Bournemouth,4.0,0.0,H,2019-2020,10603
10604,Arsenal,Man United,2.0,0.0,H,2019-2020,10604
10605,Liverpool,Sheffield United,2.0,0.0,H,2019-2020,10605
10606,Sheffield United,West Ham,1.0,0.0,H,2019-2020,10606
10607,Crystal Palace,Arsenal,1.0,1.0,D,2019-2020,10607
10608,Chelsea,Burnley,3.0,0.0,H,2019-2020,10608
10609,Everton,Brighton,1.0,0.0,H,2019-2020,10609
10610,Leicester,Southampton,1.0,2.0,A,2019-2020,10610
10611,Man United,Norwich,4.0,0.0,H,2019-2020,10611
10612,Wolves,Newcastle,1.0,1.0,D,2019-2020,10612
10613,Tottenham,Liverpool,0.0,1.0,A,2019-2020,10613
10614,Bournemouth,Watford,0.0,3.0,A,2019-2020,10614
10615,Aston Villa,Man City,1.0,6.0,A,2019-2020,10615
10616,Watford,Tottenham,0.0,0.0,D,2019-2020,10616
10617,Arsenal,Sheffield United,1.0,1.0,D,2019-2020,10617
10618,Brighton,Aston Villa,1.0,1.0,D,2019-2020,10618
10619,Man City,Crystal Palace,2.0,2.0,D,2019-2020,10619
10620,Norwich,Bournemouth,1.0,0.0,H,2019-2020,10620
10621,Southampton,Wolves,2.0,3.0,A,2019-2020,10621
10622,West Ham,Everton,1.0,1.0,D,2019-2020,10622
10623,Newcastle,Chelsea,1.0,0.0,H,2019-2020,10623
10624,Burnley,Leicester,2.0,1.0,H,2019-2020,10624
10625,Liverpool,Man United,2.0,0.0,H,2019-2020,10625
10626,Aston Villa,Watford,2.0,1.0,H,2019-2020,10626
10627,Bournemouth,Brighton,3.0,1.0,H,2019-2020,10627
10628,Crystal Palace,Southampton,0.0,2.0,A,2019-2020,10628
10629,Everton,Newcastle,2.0,2.0,D,2019-2020,10629
10630,Sheffield United,Man City,0.0,1.0,A,2019-2020,10630
10631,Chelsea,Arsenal,2.0,2.0,D,2019-2020,10631
10632,Leicester,West Ham,4.0,1.0,H,2019-2020,10632
10633,Tottenham,Norwich,2.0,1.0,H,2019-2020,10633
10634,Man United,Burnley,0.0,2.0,A,2019-2020,10634
10635,Wolves,Liverpool,1.0,2.0,A,2019-2020,10635
10636,West Ham,Liverpool,0.0,2.0,A,2019-2020,10636
10637,Leicester,Chelsea,2.0,2.0,D,2019-2020,10637
10638,Bournemouth,Aston Villa,2.0,1.0,H,2019-2020,10638
10639,Crystal Palace,Sheffield United,0.0,1.0,A,2019-2020,10639
10640,Liverpool,Southampton,4.0,0.0,H,2019-2020,10640
10641,Newcastle,Norwich,0.0,0.0,D,2019-2020,10641
10642,Watford,Everton,2.0,3.0,A,2019-2020,10642
10643,West Ham,Brighton,3.0,3.0,D,2019-2020,10643
10644,Man United,Wolves,0.0,0.0,D,2019-2020,10644
10645,Burnley,Arsenal,0.0,0.0,D,2019-2020,10645
10646,Tottenham,Man City,2.0,0.0,H,2019-2020,10646
10647,Everton,Crystal Palace,3.0,1.0,H,2019-2020,10647
10648,Brighton,Watford,1.0,1.0,D,2019-2020,10648
10649,Sheffield United,Bournemouth,2.0,1.0,H,2019-2020,10649
10650,Wolves,Leicester,0.0,0.0,D,2019-2020,10650
10651,Southampton,Burnley,1.0,2.0,A,2019-2020,10651
10652,Norwich,Liverpool,0.0,1.0,A,2019-2020,10652
10653,Aston Villa,Tottenham,2.0,3.0,A,2019-2020,10653
10654,Arsenal,Newcastle,4.0,0.0,H,2019-2020,10654
10655,Chelsea,Man United,0.0,2.0,A,2019-2020,10655
10656,Man City,West Ham,2.0,0.0,H,2019-2020,10656
10657,Chelsea,Tottenham,2.0,1.0,H,2019-2020,10657
10658,Burnley,Bournemouth,3.0,0.0,H,2019-2020,10658
10659,Crystal Palace,Newcastle,1.0,0.0,H,2019-2020,10659
10660,Sheffield United,Brighton,1.0,1.0,D,2019-2020,10660
10661,Southampton,Aston Villa,2.0,0.0,H,2019-2020,10661
10662,Leicester,Man City,0.0,1.0,A,2019-2020,10662
10663,Man United,Watford,3.0,0.0,H,2019-2020,10663
10664,Wolves,Norwich,3.0,0.0,H,2019-2020,10664
10665,Arsenal,Everton,3.0,2.0,H,2019-2020,10665
10666,Liverpool,West Ham,3.0,2.0,H,2019-2020,10666
10667,Norwich,Leicester,1.0,0.0,H,2019-2020,10667
10668,Brighton,Crystal Palace,0.0,1.0,A,2019-2020,10668
10669,Bournemouth,Chelsea,2.0,2.0,D,2019-2020,10669
10670,Newcastle,Burnley,0.0,0.0,D,2019-2020,10670
10671,West Ham,Southampton,3.0,1.0,H,2019-2020,10671
10672,Watford,Liverpool,3.0,0.0,H,2019-2020,10672
10673,Everton,Man United,1.0,1.0,D,2019-2020,10673
10674,Tottenham,Wolves,2.0,3.0,A,2019-2020,10674
10675,Liverpool,Bournemouth,2.0,1.0,H,2019-2020,10675
10676,Arsenal,West Ham,1.0,0.0,H,2019-2020,10676
10677,Crystal Palace,Watford,1.0,0.0,H,2019-2020,10677
10678,Sheffield United,Norwich,1.0,0.0,H,2019-2020,10678
10679,Southampton,Newcastle,0.0,1.0,A,2019-2020,10679
10680,Wolves,Brighton,0.0,0.0,D,2019-2020,10680
10681,Burnley,Tottenham,1.0,1.0,D,2019-2020,10681
10682,Chelsea,Everton,4.0,0.0,H,2019-2020,10682
10683,Man United,Man City,2.0,0.0,H,2019-2020,10683
10684,Leicester,Aston Villa,4.0,0.0,H,2019-2020,10684
10685,Aston Villa,Sheffield United,0.0,0.0,D,2019-2020,10685
10686,Man City,Arsenal,3.0,0.0,H,2019-2020,10686
10687,Norwich,Southampton,0.0,3.0,A,2019-2020,10687
10688,Tottenham,Man United,1.0,1.0,D,2019-2020,10688
10689,Watford,Leicester,1.0,1.0,D,2019-2020,10689
10690,Brighton,Arsenal,2.0,1.0,H,2019-2020,10690
10691,West Ham,Wolves,0.0,2.0,A,2019-2020,10691
10692,Bournemouth,Crystal Palace,0.0,2.0,A,2019-2020,10692
10693,Newcastle,Sheffield United,3.0,0.0,H,2019-2020,10693
10694,Aston Villa,Chelsea,1.0,2.0,A,2019-2020,10694
10695,Everton,Liverpool,0.0,0.0,D,2019-2020,10695
10696,Man City,Burnley,5.0,0.0,H,2019-2020,10696
10697,Leicester,Brighton,0.0,0.0,D,2019-2020,10697
10698,Tottenham,West Ham,2.0,0.0,H,2019-2020,10698
10699,Man United,Sheffield United,3.0,0.0,H,2019-2020,10699
10700,Newcastle,Aston Villa,1.0,1.0,D,2019-2020,10700
10701,Norwich,Everton,0.0,1.0,A,2019-2020,10701
10702,Wolves,Bournemouth,1.0,0.0,H,2019-2020,10702
10703,Liverpool,Crystal Palace,4.0,0.0,H,2019-2020,10703
10704,Burnley,Watford,1.0,0.0,H,2019-2020,10704
10705,Southampton,Arsenal,0.0,2.0,A,2019-2020,10705
10706,Chelsea,Man City,2.0,1.0,H,2019-2020,10706
10707,Aston Villa,Wolves,0.0,1.0,A,2019-2020,10707
10708,Watford,Southampton,1.0,3.0,A,2019-2020,10708
10709,Crystal Palace,Burnley,0.0,1.0,A,2019-2020,10709
10710,Brighton,Man United,0.0,3.0,A,2019-2020,10710
10711,Arsenal,Norwich,4.0,0.0,H,2019-2020,10711
10712,Bournemouth,Newcastle,1.0,4.0,A,2019-2020,10712
10713,Everton,Leicester,2.0,1.0,H,2019-2020,10713
10714,West Ham,Chelsea,3.0,2.0,H,2019-2020,10714
10715,Sheffield United,Tottenham,3.0,1.0,H,2019-2020,10715
10716,Man City,Liverpool,4.0,0.0,H,2019-2020,10716
10717,Norwich,Brighton,0.0,1.0,A,2019-2020,10717
10718,Leicester,Crystal Palace,3.0,0.0,H,2019-2020,10718
10719,Man United,Bournemouth,5.0,2.0,H,2019-2020,10719
10720,Wolves,Arsenal,0.0,2.0,A,2019-2020,10720
10721,Chelsea,Watford,3.0,0.0,H,2019-2020,10721
10722,Burnley,Sheffield United,1.0,1.0,D,2019-2020,10722
10723,Newcastle,West Ham,2.0,2.0,D,2019-2020,10723
10724,Liverpool,Aston Villa,2.0,0.0,H,2019-2020,10724
10725,Southampton,Man City,1.0,0.0,H,2019-2020,10725
10726,Tottenham,Everton,1.0,0.0,H,2019-2020,10726
10727,Crystal Palace,Chelsea,2.0,3.0,A,2019-2020,10727
10728,Watford,Norwich,2.0,1.0,H,2019-2020,10728
10729,Arsenal,Leicester,1.0,1.0,D,2019-2020,10729
10730,Man City,Newcastle,5.0,0.0,H,2019-2020,10730
10731,Sheffield United,Wolves,1.0,0.0,H,2019-2020,10731
10732,West Ham,Burnley,0.0,1.0,A,2019-2020,10732
10733,Brighton,Liverpool,1.0,3.0,A,2019-2020,10733
10734,Bournemouth,Tottenham,0.0,0.0,D,2019-2020,10734
10735,Everton,Southampton,1.0,1.0,D,2019-2020,10735
10736,Aston Villa,Man United,0.0,3.0,A,2019-2020,10736
10737,Norwich,West Ham,0.0,4.0,A,2019-2020,10737
10738,Watford,Newcastle,2.0,1.0,H,2019-2020,10738
10739,Liverpool,Burnley,1.0,1.0,D,2019-2020,10739
10740,Sheffield United,Chelsea,3.0,0.0,H,2019-2020,10740
10741,Brighton,Man City,0.0,5.0,A,2019-2020,10741
10742,Wolves,Everton,3.0,0.0,H,2019-2020,10742
10743,Aston Villa,Crystal Palace,2.0,0.0,H,2019-2020,10743
10744,Tottenham,Arsenal,2.0,1.0,H,2019-2020,10744
10745,Bournemouth,Leicester,4.0,1.0,H,2019-2020,10745
10746,Man United,Southampton,2.0,2.0,D,2019-2020,10746
10747,Chelsea,Norwich,1.0,0.0,H,2019-2020,10747
10748,Burnley,Wolves,1.0,1.0,D,2019-2020,10748
10749,Man City,Bournemouth,2.0,1.0,H,2019-2020,10749
10750,Newcastle,Tottenham,1.0,3.0,A,2019-2020,10750
10751,Arsenal,Liverpool,2.0,1.0,H,2019-2020,10751
10752,Everton,Aston Villa,1.0,1.0,D,2019-2020,10752
10753,Leicester,Sheffield United,2.0,0.0,H,2019-2020,10753
10754,Crystal Palace,Man United,0.0,2.0,A,2019-2020,10754
10755,Southampton,Brighton,1.0,1.0,D,2019-2020,10755
10756,West Ham,Watford,3.0,1.0,H,2019-2020,10756
10757,Norwich,Burnley,0.0,2.0,A,2019-2020,10757
10758,Bournemouth,Southampton,0.0,2.0,A,2019-2020,10758
10759,Tottenham,Leicester,3.0,0.0,H,2019-2020,10759
10760,Brighton,Newcastle,0.0,0.0,D,2019-2020,10760
10761,Sheffield United,Everton,0.0,1.0,A,2019-2020,10761
10762,Wolves,Crystal Palace,2.0,0.0,H,2019-2020,10762
10763,Watford,Man City,0.0,4.0,A,2019-2020,10763
10764,Aston Villa,Arsenal,1.0,0.0,H,2019-2020,10764
10765,Man United,West Ham,1.0,1.0,D,2019-2020,10765
10766,Liverpool,Chelsea,5.0,3.0,H,2019-2020,10766
10767,Arsenal,Watford,3.0,2.0,H,2019-2020,10767
10768,Burnley,Brighton,1.0,2.0,A,2019-2020,10768
10769,Chelsea,Wolves,2.0,0.0,H,2019-2020,10769
10770,Crystal Palace,Tottenham,1.0,1.0,D,2019-2020,10770
10771,Everton,Bournemouth,1.0,3.0,A,2019-2020,10771
10772,Leicester,Man United,0.0,2.0,A,2019-2020,10772
10773,Man City,Norwich,5.0,0.0,H,2019-2020,10773
10774,Newcastle,Liverpool,1.0,3.0,A,2019-2020,10774
10775,Southampton,Sheffield United,3.0,1.0,H,2019-2020,10775
10776,West Ham,Aston Villa,1.0,1.0,D,2019-2020,10776
10777,Fulham,Arsenal,0.0,3.0,A,2020-2021,10777
10778,Crystal Palace,Southampton,1.0,0.0,H,2020-2021,10778
10779,Liverpool,Leeds,4.0,3.0,H,2020-2021,10779
10780,West Ham,Newcastle,0.0,2.0,A,2020-2021,10780
10781,West Brom,Leicester,0.0,3.0,A,2020-2021,10781
10782,Tottenham,Everton,0.0,1.0,A,2020-2021,10782
10783,Brighton,Chelsea,1.0,3.0,A,2020-2021,10783
10784,Sheffield United,Wolves,0.0,2.0,A,2020-2021,10784
10785,Everton,West Brom,5.0,2.0,H,2020-2021,10785
10786,Leeds,Fulham,4.0,3.0,H,2020-2021,10786
10787,Man United,Crystal Palace,1.0,3.0,A,2020-2021,10787
10788,Arsenal,West Ham,2.0,1.0,H,2020-2021,10788
10789,Southampton,Tottenham,2.0,5.0,A,2020-2021,10789
10790,Newcastle,Brighton,0.0,3.0,A,2020-2021,10790
10791,Chelsea,Liverpool,0.0,2.0,A,2020-2021,10791
10792,Leicester,Burnley,4.0,2.0,H,2020-2021,10792
10793,Aston Villa,Sheffield United,1.0,0.0,H,2020-2021,10793
10794,Wolves,Man City,1.0,3.0,A,2020-2021,10794
10795,Brighton,Man United,2.0,3.0,A,2020-2021,10795
10796,Crystal Palace,Everton,1.0,2.0,A,2020-2021,10796
10797,West Brom,Chelsea,3.0,3.0,D,2020-2021,10797
10798,Burnley,Southampton,0.0,1.0,A,2020-2021,10798
10799,Sheffield United,Leeds,0.0,1.0,A,2020-2021,10799
10800,Tottenham,Newcastle,1.0,1.0,D,2020-2021,10800
10801,Man City,Leicester,2.0,5.0,A,2020-2021,10801
10802,West Ham,Wolves,4.0,0.0,H,2020-2021,10802
10803,Fulham,Aston Villa,0.0,3.0,A,2020-2021,10803
10804,Liverpool,Arsenal,3.0,1.0,H,2020-2021,10804
10805,Chelsea,Crystal Palace,4.0,0.0,H,2020-2021,10805
10806,Everton,Brighton,4.0,2.0,H,2020-2021,10806
10807,Leeds,Man City,1.0,1.0,D,2020-2021,10807
10808,Newcastle,Burnley,3.0,1.0,H,2020-2021,10808
10809,Leicester,West Ham,0.0,3.0,A,2020-2021,10809
10810,Southampton,West Brom,2.0,0.0,H,2020-2021,10810
10811,Arsenal,Sheffield United,2.0,1.0,H,2020-2021,10811
10812,Wolves,Fulham,1.0,0.0,H,2020-2021,10812
10813,Man United,Tottenham,1.0,6.0,A,2020-2021,10813
10814,Aston Villa,Liverpool,7.0,2.0,H,2020-2021,10814
10815,Everton,Liverpool,2.0,2.0,D,2020-2021,10815
10816,Chelsea,Southampton,3.0,3.0,D,2020-2021,10816
10817,Man City,Arsenal,1.0,0.0,H,2020-2021,10817
10818,Newcastle,Man United,1.0,4.0,A,2020-2021,10818
10819,Sheffield United,Fulham,1.0,1.0,D,2020-2021,10819
10820,Crystal Palace,Brighton,1.0,1.0,D,2020-2021,10820
10821,Tottenham,West Ham,3.0,3.0,D,2020-2021,10821
10822,Leicester,Aston Villa,0.0,1.0,A,2020-2021,10822
10823,West Brom,Burnley,0.0,0.0,D,2020-2021,10823
10824,Leeds,Wolves,0.0,1.0,A,2020-2021,10824
10825,Aston Villa,Leeds,0.0,3.0,A,2020-2021,10825
10826,West Ham,Man City,1.0,1.0,D,2020-2021,10826
10827,Fulham,Crystal Palace,1.0,2.0,A,2020-2021,10827
10828,Man United,Chelsea,0.0,0.0,D,2020-2021,10828
10829,Liverpool,Sheffield United,2.0,1.0,H,2020-2021,10829
10830,Southampton,Everton,2.0,0.0,H,2020-2021,10830
10831,Wolves,Newcastle,1.0,1.0,D,2020-2021,10831
10832,Arsenal,Leicester,0.0,1.0,A,2020-2021,10832
10833,Brighton,West Brom,1.0,1.0,D,2020-2021,10833
10834,Burnley,Tottenham,0.0,1.0,A,2020-2021,10834
10835,Wolves,Crystal Palace,2.0,0.0,H,2020-2021,10835
10836,Sheffield United,Man City,0.0,1.0,A,2020-2021,10836
10837,Burnley,Chelsea,0.0,3.0,A,2020-2021,10837
10838,Liverpool,West Ham,2.0,1.0,H,2020-2021,10838
10839,Aston Villa,Southampton,3.0,4.0,A,2020-2021,10839
10840,Newcastle,Everton,2.0,1.0,H,2020-2021,10840
10841,Man United,Arsenal,0.0,1.0,A,2020-2021,10841
10842,Tottenham,Brighton,2.0,1.0,H,2020-2021,10842
10843,Fulham,West Brom,2.0,0.0,H,2020-2021,10843
10844,Leeds,Leicester,1.0,4.0,A,2020-2021,10844
10845,Brighton,Burnley,0.0,0.0,D,2020-2021,10845
10846,Southampton,Newcastle,2.0,0.0,H,2020-2021,10846
10847,Everton,Man United,1.0,3.0,A,2020-2021,10847
10848,Crystal Palace,Leeds,4.0,1.0,H,2020-2021,10848
10849,Chelsea,Sheffield United,4.0,1.0,H,2020-2021,10849
10850,West Ham,Fulham,1.0,0.0,H,2020-2021,10850
10851,West Brom,Tottenham,0.0,1.0,A,2020-2021,10851
10852,Leicester,Wolves,1.0,0.0,H,2020-2021,10852
10853,Man City,Liverpool,1.0,1.0,D,2020-2021,10853
10854,Arsenal,Aston Villa,0.0,3.0,A,2020-2021,10854
10855,Newcastle,Chelsea,0.0,2.0,A,2020-2021,10855
10856,Aston Villa,Brighton,1.0,2.0,A,2020-2021,10856
10857,Tottenham,Man City,2.0,0.0,H,2020-2021,10857
10858,Man United,West Brom,1.0,0.0,H,2020-2021,10858
10859,Fulham,Everton,2.0,3.0,A,2020-2021,10859
10860,Sheffield United,West Ham,0.0,1.0,A,2020-2021,10860
10861,Leeds,Arsenal,0.0,0.0,D,2020-2021,10861
10862,Liverpool,Leicester,3.0,0.0,H,2020-2021,10862
10863,Burnley,Crystal Palace,1.0,0.0,H,2020-2021,10863
10864,Wolves,Southampton,1.0,1.0,D,2020-2021,10864
10865,Crystal Palace,Newcastle,0.0,2.0,A,2020-2021,10865
10866,Brighton,Liverpool,1.0,1.0,D,2020-2021,10866
10867,Man City,Burnley,5.0,0.0,H,2020-2021,10867
10868,Everton,Leeds,0.0,1.0,A,2020-2021,10868
10869,West Brom,Sheffield United,1.0,0.0,H,2020-2021,10869
10870,Southampton,Man United,2.0,3.0,A,2020-2021,10870
10871,Chelsea,Tottenham,0.0,0.0,D,2020-2021,10871
10872,Arsenal,Wolves,1.0,2.0,A,2020-2021,10872
10873,Leicester,Fulham,1.0,2.0,A,2020-2021,10873
10874,West Ham,Aston Villa,2.0,1.0,H,2020-2021,10874
10875,Burnley,Everton,1.0,1.0,D,2020-2021,10875
10876,Man City,Fulham,2.0,0.0,H,2020-2021,10876
10877,West Ham,Man United,1.0,3.0,A,2020-2021,10877
10878,Chelsea,Leeds,3.0,1.0,H,2020-2021,10878
10879,West Brom,Crystal Palace,1.0,5.0,A,2020-2021,10879
10880,Sheffield United,Leicester,1.0,2.0,A,2020-2021,10880
10881,Tottenham,Arsenal,2.0,0.0,H,2020-2021,10881
10882,Liverpool,Wolves,4.0,0.0,H,2020-2021,10882
10883,Brighton,Southampton,1.0,2.0,A,2020-2021,10883
10884,Leeds,West Ham,1.0,2.0,A,2020-2021,10884
10885,Wolves,Aston Villa,0.0,1.0,A,2020-2021,10885
10886,Newcastle,West Brom,2.0,1.0,H,2020-2021,10886
10887,Man United,Man City,0.0,0.0,D,2020-2021,10887
10888,Everton,Chelsea,1.0,0.0,H,2020-2021,10888
10889,Southampton,Sheffield United,3.0,0.0,H,2020-2021,10889
10890,Crystal Palace,Tottenham,1.0,1.0,D,2020-2021,10890
10891,Fulham,Liverpool,1.0,1.0,D,2020-2021,10891
10892,Arsenal,Burnley,0.0,1.0,A,2020-2021,10892
10893,Leicester,Brighton,3.0,0.0,H,2020-2021,10893
10894,Wolves,Chelsea,2.0,1.0,H,2020-2021,10894
10895,Man City,West Brom,1.0,1.0,D,2020-2021,10895
10896,Arsenal,Southampton,1.0,1.0,D,2020-2021,10896
10897,Leeds,Newcastle,5.0,2.0,H,2020-2021,10897
10898,Leicester,Everton,0.0,2.0,A,2020-2021,10898
10899,Fulham,Brighton,0.0,0.0,D,2020-2021,10899
10900,Liverpool,Tottenham,2.0,1.0,H,2020-2021,10900
10901,West Ham,Crystal Palace,1.0,1.0,D,2020-2021,10901
10902,Aston Villa,Burnley,0.0,0.0,D,2020-2021,10902
10903,Sheffield United,Man United,2.0,3.0,A,2020-2021,10903
10904,Crystal Palace,Liverpool,0.0,7.0,A,2020-2021,10904
10905,Southampton,Man City,0.0,1.0,A,2020-2021,10905
10906,Everton,Arsenal,2.0,1.0,H,2020-2021,10906
10907,Newcastle,Fulham,1.0,1.0,D,2020-2021,10907
10908,Brighton,Sheffield United,1.0,1.0,D,2020-2021,10908
10909,Tottenham,Leicester,0.0,2.0,A,2020-2021,10909
10910,Man United,Leeds,6.0,2.0,H,2020-2021,10910
10911,West Brom,Aston Villa,0.0,3.0,A,2020-2021,10911
10912,Burnley,Wolves,2.0,1.0,H,2020-2021,10912
10913,Chelsea,West Ham,3.0,0.0,H,2020-2021,10913
10914,Leicester,Man United,2.0,2.0,D,2020-2021,10914
10915,Aston Villa,Crystal Palace,3.0,0.0,H,2020-2021,10915
10916,Fulham,Southampton,0.0,0.0,D,2020-2021,10916
10917,Arsenal,Chelsea,3.0,1.0,H,2020-2021,10917
10918,Man City,Newcastle,2.0,0.0,H,2020-2021,10918
10919,Sheffield United,Everton,0.0,1.0,A,2020-2021,10919
10920,Leeds,Burnley,1.0,0.0,H,2020-2021,10920
10921,West Ham,Brighton,2.0,2.0,D,2020-2021,10921
10922,Liverpool,West Brom,1.0,1.0,D,2020-2021,10922
10923,Wolves,Tottenham,1.0,1.0,D,2020-2021,10923
10924,Crystal Palace,Leicester,1.0,1.0,D,2020-2021,10924
10925,Chelsea,Aston Villa,1.0,1.0,D,2020-2021,10925
10926,Brighton,Arsenal,0.0,1.0,A,2020-2021,10926
10927,Burnley,Sheffield United,1.0,0.0,H,2020-2021,10927
10928,Southampton,West Ham,0.0,0.0,D,2020-2021,10928
10929,West Brom,Leeds,0.0,5.0,A,2020-2021,10929
10930,Man United,Wolves,1.0,0.0,H,2020-2021,10930
10931,Newcastle,Liverpool,0.0,0.0,D,2020-2021,10931
10932,Everton,West Ham,0.0,1.0,A,2020-2021,10932
10933,Man United,Aston Villa,2.0,1.0,H,2020-2021,10933
10934,Tottenham,Leeds,3.0,0.0,H,2020-2021,10934
10935,Crystal Palace,Sheffield United,2.0,0.0,H,2020-2021,10935
10936,Brighton,Wolves,3.0,3.0,D,2020-2021,10936
10937,West Brom,Arsenal,0.0,4.0,A,2020-2021,10937
10938,Newcastle,Leicester,1.0,2.0,A,2020-2021,10938
10939,Chelsea,Man City,1.0,3.0,A,2020-2021,10939
10940,Southampton,Liverpool,1.0,0.0,H,2020-2021,10940
10941,Sheffield United,Newcastle,1.0,0.0,H,2020-2021,10941
10942,Burnley,Man United,0.0,1.0,A,2020-2021,10942
10943,Wolves,Everton,1.0,2.0,A,2020-2021,10943
10944,Man City,Brighton,1.0,0.0,H,2020-2021,10944
10945,Tottenham,Fulham,1.0,1.0,D,2020-2021,10945
10946,Arsenal,Crystal Palace,0.0,0.0,D,2020-2021,10946
10947,Wolves,West Brom,2.0,3.0,A,2020-2021,10947
10948,Leeds,Brighton,0.0,1.0,A,2020-2021,10948
10949,West Ham,Burnley,1.0,0.0,H,2020-2021,10949
10950,Fulham,Chelsea,0.0,1.0,A,2020-2021,10950
10951,Leicester,Southampton,2.0,0.0,H,2020-2021,10951
10952,Sheffield United,Tottenham,1.0,3.0,A,2020-2021,10952
10953,Liverpool,Man United,0.0,0.0,D,2020-2021,10953
10954,Man City,Crystal Palace,4.0,0.0,H,2020-2021,10954
10955,Arsenal,Newcastle,3.0,0.0,H,2020-2021,10955
10956,West Ham,West Brom,2.0,1.0,H,2020-2021,10956
10957,Leicester,Chelsea,2.0,0.0,H,2020-2021,10957
10958,Man City,Aston Villa,2.0,0.0,H,2020-2021,10958
10959,Fulham,Man United,1.0,2.0,A,2020-2021,10959
10960,Liverpool,Burnley,0.0,1.0,A,2020-2021,10960
10961,Aston Villa,Newcastle,2.0,0.0,H,2020-2021,10961
10962,Crystal Palace,West Ham,2.0,3.0,A,2020-2021,10962
10963,Newcastle,Leeds,1.0,2.0,A,2020-2021,10963
10964,Southampton,Arsenal,1.0,3.0,A,2020-2021,10964
10965,West Brom,Man City,0.0,5.0,A,2020-2021,10965
10966,Burnley,Aston Villa,3.0,2.0,H,2020-2021,10966
10967,Chelsea,Wolves,0.0,0.0,D,2020-2021,10967
10968,Brighton,Fulham,0.0,0.0,D,2020-2021,10968
10969,Everton,Leicester,1.0,1.0,D,2020-2021,10969
10970,Man United,Sheffield United,1.0,2.0,A,2020-2021,10970
10971,Tottenham,Liverpool,1.0,3.0,A,2020-2021,10971
10972,Everton,Newcastle,0.0,2.0,A,2020-2021,10972
10973,Crystal Palace,Wolves,1.0,0.0,H,2020-2021,10973
10974,Man City,Sheffield United,1.0,0.0,H,2020-2021,10974
10975,West Brom,Fulham,2.0,2.0,D,2020-2021,10975
10976,Arsenal,Man United,0.0,0.0,D,2020-2021,10976
10977,Southampton,Aston Villa,0.0,1.0,A,2020-2021,10977
10978,Chelsea,Burnley,2.0,0.0,H,2020-2021,10978
10979,Leicester,Leeds,1.0,3.0,A,2020-2021,10979
10980,West Ham,Liverpool,1.0,3.0,A,2020-2021,10980
10981,Brighton,Tottenham,1.0,0.0,H,2020-2021,10981
10982,Sheffield United,West Brom,2.0,1.0,H,2020-2021,10982
10983,Wolves,Arsenal,2.0,1.0,H,2020-2021,10983
10984,Man United,Southampton,9.0,0.0,H,2020-2021,10984
10985,Newcastle,Crystal Palace,1.0,2.0,A,2020-2021,10985
10986,Burnley,Man City,0.0,2.0,A,2020-2021,10986
10987,Fulham,Leicester,0.0,2.0,A,2020-2021,10987
10988,Leeds,Everton,1.0,2.0,A,2020-2021,10988
10989,Aston Villa,West Ham,1.0,3.0,A,2020-2021,10989
10990,Liverpool,Brighton,0.0,1.0,A,2020-2021,10990
10991,Tottenham,Chelsea,0.0,1.0,A,2020-2021,10991
10992,Aston Villa,Arsenal,1.0,0.0,H,2020-2021,10992
10993,Burnley,Brighton,1.0,1.0,D,2020-2021,10993
10994,Newcastle,Southampton,3.0,2.0,H,2020-2021,10994
10995,Fulham,West Ham,0.0,0.0,D,2020-2021,10995
10996,Man United,Everton,3.0,3.0,D,2020-2021,10996
10997,Tottenham,West Brom,2.0,0.0,H,2020-2021,10997
10998,Wolves,Leicester,0.0,0.0,D,2020-2021,10998
10999,Liverpool,Man City,1.0,4.0,A,2020-2021,10999
11000,Sheffield United,Chelsea,1.0,2.0,A,2020-2021,11000
11001,Leeds,Crystal Palace,2.0,0.0,H,2020-2021,11001
11002,Leicester,Liverpool,3.0,1.0,H,2020-2021,11002
11003,Crystal Palace,Burnley,0.0,3.0,A,2020-2021,11003
11004,Man City,Tottenham,3.0,0.0,H,2020-2021,11004
11005,Brighton,Aston Villa,0.0,0.0,D,2020-2021,11005
11006,Southampton,Wolves,1.0,2.0,A,2020-2021,11006
11007,West Brom,Man United,1.0,1.0,D,2020-2021,11007
11008,Arsenal,Leeds,4.0,2.0,H,2020-2021,11008
11009,Everton,Fulham,0.0,2.0,A,2020-2021,11009
11010,West Ham,Sheffield United,3.0,0.0,H,2020-2021,11010
11011,Chelsea,Newcastle,2.0,0.0,H,2020-2021,11011
11012,Burnley,Fulham,1.0,1.0,D,2020-2021,11012
11013,Everton,Man City,1.0,3.0,A,2020-2021,11013
11014,Wolves,Leeds,1.0,0.0,H,2020-2021,11014
11015,Southampton,Chelsea,1.0,1.0,D,2020-2021,11015
11016,Burnley,West Brom,0.0,0.0,D,2020-2021,11016
11017,Liverpool,Everton,0.0,2.0,A,2020-2021,11017
11018,Fulham,Sheffield United,1.0,0.0,H,2020-2021,11018
11019,West Ham,Tottenham,2.0,1.0,H,2020-2021,11019
11020,Aston Villa,Leicester,1.0,2.0,A,2020-2021,11020
11021,Arsenal,Man City,0.0,1.0,A,2020-2021,11021
11022,Man United,Newcastle,3.0,1.0,H,2020-2021,11022
11023,Brighton,Crystal Palace,1.0,2.0,A,2020-2021,11023
11024,Leeds,Southampton,3.0,0.0,H,2020-2021,11024
11025,Man City,West Ham,2.0,1.0,H,2020-2021,11025
11026,West Brom,Brighton,1.0,0.0,H,2020-2021,11026
11027,Leeds,Aston Villa,0.0,1.0,A,2020-2021,11027
11028,Newcastle,Wolves,1.0,1.0,D,2020-2021,11028
11029,Crystal Palace,Fulham,0.0,0.0,D,2020-2021,11029
11030,Leicester,Arsenal,1.0,3.0,A,2020-2021,11030
11031,Tottenham,Burnley,4.0,0.0,H,2020-2021,11031
11032,Chelsea,Man United,0.0,0.0,D,2020-2021,11032
11033,Sheffield United,Liverpool,0.0,2.0,A,2020-2021,11033
11034,Everton,Southampton,1.0,0.0,H,2020-2021,11034
11035,Man City,Wolves,4.0,1.0,H,2020-2021,11035
11036,Burnley,Leicester,1.0,1.0,D,2020-2021,11036
11037,Sheffield United,Aston Villa,1.0,0.0,H,2020-2021,11037
11038,Crystal Palace,Man United,0.0,0.0,D,2020-2021,11038
11039,Fulham,Tottenham,0.0,1.0,A,2020-2021,11039
11040,West Brom,Everton,0.0,1.0,A,2020-2021,11040
11041,Liverpool,Chelsea,0.0,1.0,A,2020-2021,11041
11042,Burnley,Arsenal,1.0,1.0,D,2020-2021,11042
11043,Sheffield United,Southampton,0.0,2.0,A,2020-2021,11043
11044,Aston Villa,Wolves,0.0,0.0,D,2020-2021,11044
11045,Brighton,Leicester,1.0,2.0,A,2020-2021,11045
11046,West Brom,Newcastle,0.0,0.0,D,2020-2021,11046
11047,Liverpool,Fulham,0.0,1.0,A,2020-2021,11047
11048,Man City,Man United,0.0,2.0,A,2020-2021,11048
11049,Tottenham,Crystal Palace,4.0,1.0,H,2020-2021,11049
11050,Chelsea,Everton,2.0,0.0,H,2020-2021,11050
11051,West Ham,Leeds,2.0,0.0,H,2020-2021,11051
11052,Man City,Southampton,5.0,2.0,H,2020-2021,11052
11053,Newcastle,Aston Villa,1.0,1.0,D,2020-2021,11053
11054,Leeds,Chelsea,0.0,0.0,D,2020-2021,11054
11055,Crystal Palace,West Brom,1.0,0.0,H,2020-2021,11055
11056,Everton,Burnley,1.0,2.0,A,2020-2021,11056
11057,Fulham,Man City,0.0,3.0,A,2020-2021,11057
11058,Southampton,Brighton,1.0,2.0,A,2020-2021,11058
11059,Leicester,Sheffield United,5.0,0.0,H,2020-2021,11059
11060,Arsenal,Tottenham,2.0,1.0,H,2020-2021,11060
11061,Man United,West Ham,1.0,0.0,H,2020-2021,11061
11062,Wolves,Liverpool,0.0,1.0,A,2020-2021,11062
11063,Fulham,Leeds,1.0,2.0,A,2020-2021,11063
11064,Brighton,Newcastle,3.0,0.0,H,2020-2021,11064
11065,West Ham,Arsenal,3.0,3.0,D,2020-2021,11065
11066,Aston Villa,Tottenham,0.0,2.0,A,2020-2021,11066
11067,Chelsea,West Brom,2.0,5.0,A,2020-2021,11067
11068,Leeds,Sheffield United,2.0,1.0,H,2020-2021,11068
11069,Leicester,Man City,0.0,2.0,A,2020-2021,11069
11070,Arsenal,Liverpool,0.0,3.0,A,2020-2021,11070
11071,Southampton,Burnley,3.0,2.0,H,2020-2021,11071
11072,Newcastle,Tottenham,2.0,2.0,D,2020-2021,11072
11073,Aston Villa,Fulham,3.0,1.0,H,2020-2021,11073
11074,Man United,Brighton,2.0,1.0,H,2020-2021,11074
11075,Everton,Crystal Palace,1.0,1.0,D,2020-2021,11075
11076,Wolves,West Ham,2.0,3.0,A,2020-2021,11076
11077,Fulham,Wolves,0.0,1.0,A,2020-2021,11077
11078,Man City,Leeds,1.0,2.0,A,2020-2021,11078
11079,Liverpool,Aston Villa,2.0,1.0,H,2020-2021,11079
11080,Crystal Palace,Chelsea,1.0,4.0,A,2020-2021,11080
11081,Burnley,Newcastle,1.0,2.0,A,2020-2021,11081
11082,West Ham,Leicester,3.0,2.0,H,2020-2021,11082
11083,Tottenham,Man United,1.0,3.0,A,2020-2021,11083
11084,Sheffield United,Arsenal,0.0,3.0,A,2020-2021,11084
11085,West Brom,Southampton,3.0,0.0,H,2020-2021,11085
11086,Brighton,Everton,0.0,0.0,D,2020-2021,11086
11087,Everton,Tottenham,2.0,2.0,D,2020-2021,11087
11088,Newcastle,West Ham,3.0,2.0,H,2020-2021,11088
11089,Wolves,Sheffield United,1.0,0.0,H,2020-2021,11089
11090,Arsenal,Fulham,1.0,1.0,D,2020-2021,11090
11091,Man United,Burnley,3.0,1.0,H,2020-2021,11091
11092,Leeds,Liverpool,1.0,1.0,D,2020-2021,11092
11093,Chelsea,Brighton,0.0,0.0,D,2020-2021,11093
11094,Tottenham,Southampton,2.0,1.0,H,2020-2021,11094
11095,Aston Villa,Man City,1.0,2.0,A,2020-2021,11095
11096,Leicester,West Brom,3.0,0.0,H,2020-2021,11096
11097,Arsenal,Everton,0.0,1.0,A,2020-2021,11097
11098,Liverpool,Newcastle,1.0,1.0,D,2020-2021,11098
11099,West Ham,Chelsea,0.0,1.0,A,2020-2021,11099
11100,Sheffield United,Brighton,1.0,0.0,H,2020-2021,11100
11101,Wolves,Burnley,0.0,4.0,A,2020-2021,11101
11102,Leeds,Man United,0.0,0.0,D,2020-2021,11102
11103,Aston Villa,West Brom,2.0,2.0,D,2020-2021,11103
11104,Leicester,Crystal Palace,2.0,1.0,H,2020-2021,11104
11105,Southampton,Leicester,1.0,1.0,D,2020-2021,11105
11106,Crystal Palace,Man City,0.0,2.0,A,2020-2021,11106
11107,Brighton,Leeds,2.0,0.0,H,2020-2021,11107
11108,Chelsea,Fulham,2.0,0.0,H,2020-2021,11108
11109,Everton,Aston Villa,1.0,2.0,A,2020-2021,11109
11110,Newcastle,Arsenal,0.0,2.0,A,2020-2021,11110
11111,Tottenham,Sheffield United,4.0,0.0,H,2020-2021,11111
11112,West Brom,Wolves,1.0,1.0,D,2020-2021,11112
11113,Burnley,West Ham,1.0,2.0,A,2020-2021,11113
11114,Leicester,Newcastle,2.0,4.0,A,2020-2021,11114
11115,Leeds,Tottenham,3.0,1.0,H,2020-2021,11115
11116,Sheffield United,Crystal Palace,0.0,2.0,A,2020-2021,11116
11117,Man City,Chelsea,1.0,2.0,A,2020-2021,11117
11118,Liverpool,Southampton,2.0,0.0,H,2020-2021,11118
11119,Wolves,Brighton,2.0,1.0,H,2020-2021,11119
11120,Aston Villa,Man United,1.0,3.0,A,2020-2021,11120
11121,West Ham,Everton,0.0,1.0,A,2020-2021,11121
11122,Arsenal,West Brom,3.0,1.0,H,2020-2021,11122
11123,Fulham,Burnley,0.0,2.0,A,2020-2021,11123
11124,Man United,Leicester,1.0,2.0,A,2020-2021,11124
11125,Southampton,Crystal Palace,3.0,1.0,H,2020-2021,11125
11126,Chelsea,Arsenal,0.0,1.0,A,2020-2021,11126
11127,Aston Villa,Everton,0.0,0.0,D,2020-2021,11127
11128,Man United,Liverpool,2.0,4.0,A,2020-2021,11128
11129,Newcastle,Man City,3.0,4.0,A,2020-2021,11129
11130,Burnley,Leeds,0.0,4.0,A,2020-2021,11130
11131,Southampton,Fulham,3.0,1.0,H,2020-2021,11131
11132,Brighton,West Ham,1.0,1.0,D,2020-2021,11132
11133,Crystal Palace,Aston Villa,3.0,2.0,H,2020-2021,11133
11134,Tottenham,Wolves,2.0,0.0,H,2020-2021,11134
11135,West Brom,Liverpool,1.0,2.0,A,2020-2021,11135
11136,Everton,Sheffield United,0.0,1.0,A,2020-2021,11136
11137,Man United,Fulham,1.0,1.0,D,2020-2021,11137
11138,Southampton,Leeds,0.0,2.0,A,2020-2021,11138
11139,Brighton,Man City,3.0,2.0,H,2020-2021,11139
11140,Chelsea,Leicester,2.0,1.0,H,2020-2021,11140
11141,Everton,Wolves,1.0,0.0,H,2020-2021,11141
11142,Newcastle,Sheffield United,1.0,0.0,H,2020-2021,11142
11143,Tottenham,Aston Villa,1.0,2.0,A,2020-2021,11143
11144,Crystal Palace,Arsenal,1.0,3.0,A,2020-2021,11144
11145,Burnley,Liverpool,0.0,3.0,A,2020-2021,11145
11146,West Brom,West Ham,1.0,3.0,A,2020-2021,11146
11147,Arsenal,Brighton,2.0,0.0,H,2020-2021,11147
11148,Aston Villa,Chelsea,2.0,1.0,H,2020-2021,11148
11149,Fulham,Newcastle,0.0,2.0,A,2020-2021,11149
11150,Leeds,West Brom,3.0,1.0,H,2020-2021,11150
11151,Leicester,Tottenham,2.0,4.0,A,2020-2021,11151
11152,Liverpool,Crystal Palace,2.0,0.0,H,2020-2021,11152
11153,Man City,Everton,5.0,0.0,H,2020-2021,11153
11154,Sheffield United,Burnley,1.0,0.0,H,2020-2021,11154
11155,West Ham,Southampton,3.0,0.0,H,2020-2021,11155
11156,Wolves,Man United,1.0,2.0,A,2020-2021,11156
11157,Brentford,Arsenal,2.0,0.0,H,2021-2022,11157
11158,Man United,Leeds,5.0,1.0,H,2021-2022,11158
11159,Burnley,Brighton,1.0,2.0,A,2021-2022,11159
11160,Chelsea,Crystal Palace,3.0,0.0,H,2021-2022,11160
11161,Everton,Southampton,3.0,1.0,H,2021-2022,11161
11162,Leicester,Wolves,1.0,0.0,H,2021-2022,11162
11163,Watford,Aston Villa,3.0,2.0,H,2021-2022,11163
11164,Norwich,Liverpool,0.0,3.0,A,2021-2022,11164
11165,Newcastle,West Ham,2.0,4.0,A,2021-2022,11165
11166,Tottenham,Man City,1.0,0.0,H,2021-2022,11166
11167,Liverpool,Burnley,2.0,0.0,H,2021-2022,11167
11168,Aston Villa,Newcastle,2.0,0.0,H,2021-2022,11168
11169,Crystal Palace,Brentford,0.0,0.0,D,2021-2022,11169
11170,Leeds,Everton,2.0,2.0,D,2021-2022,11170
11171,Man City,Norwich,5.0,0.0,H,2021-2022,11171
11172,Brighton,Watford,2.0,0.0,H,2021-2022,11172
11173,Southampton,Man United,1.0,1.0,D,2021-2022,11173
11174,Wolves,Tottenham,0.0,1.0,A,2021-2022,11174
11175,Arsenal,Chelsea,0.0,2.0,A,2021-2022,11175
11176,West Ham,Leicester,4.0,1.0,H,2021-2022,11176
11177,Man City,Arsenal,5.0,0.0,H,2021-2022,11177
11178,Aston Villa,Brentford,1.0,1.0,D,2021-2022,11178
11179,Brighton,Everton,0.0,2.0,A,2021-2022,11179
11180,Newcastle,Southampton,2.0,2.0,D,2021-2022,11180
11181,Norwich,Leicester,1.0,2.0,A,2021-2022,11181
11182,West Ham,Crystal Palace,2.0,2.0,D,2021-2022,11182
11183,Liverpool,Chelsea,1.0,1.0,D,2021-2022,11183
11184,Burnley,Leeds,1.0,1.0,D,2021-2022,11184
11185,Tottenham,Watford,1.0,0.0,H,2021-2022,11185
11186,Wolves,Man United,0.0,1.0,A,2021-2022,11186
11187,Crystal Palace,Tottenham,3.0,0.0,H,2021-2022,11187
11188,Arsenal,Norwich,1.0,0.0,H,2021-2022,11188
11189,Brentford,Brighton,0.0,1.0,A,2021-2022,11189
11190,Leicester,Man City,0.0,1.0,A,2021-2022,11190
11191,Man United,Newcastle,4.0,1.0,H,2021-2022,11191
11192,Southampton,West Ham,0.0,0.0,D,2021-2022,11192
11193,Watford,Wolves,0.0,2.0,A,2021-2022,11193
11194,Chelsea,Aston Villa,3.0,0.0,H,2021-2022,11194
11195,Leeds,Liverpool,0.0,3.0,A,2021-2022,11195
11196,Everton,Burnley,3.0,1.0,H,2021-2022,11196
11197,Newcastle,Leeds,1.0,1.0,D,2021-2022,11197
11198,Wolves,Brentford,0.0,2.0,A,2021-2022,11198
11199,Burnley,Arsenal,0.0,1.0,A,2021-2022,11199
11200,Liverpool,Crystal Palace,3.0,0.0,H,2021-2022,11200
11201,Man City,Southampton,0.0,0.0,D,2021-2022,11201
11202,Norwich,Watford,1.0,3.0,A,2021-2022,11202
11203,Aston Villa,Everton,3.0,0.0,H,2021-2022,11203
11204,Brighton,Leicester,2.0,1.0,H,2021-2022,11204
11205,West Ham,Man United,1.0,2.0,A,2021-2022,11205
11206,Tottenham,Chelsea,0.0,3.0,A,2021-2022,11206
11207,Chelsea,Man City,0.0,1.0,A,2021-2022,11207
11208,Man United,Aston Villa,0.0,1.0,A,2021-2022,11208
11209,Everton,Norwich,2.0,0.0,H,2021-2022,11209
11210,Leeds,West Ham,1.0,2.0,A,2021-2022,11210
11211,Leicester,Burnley,2.0,2.0,D,2021-2022,11211
11212,Watford,Newcastle,1.0,1.0,D,2021-2022,11212
11213,Brentford,Liverpool,3.0,3.0,D,2021-2022,11213
11214,Southampton,Wolves,0.0,1.0,A,2021-2022,11214
11215,Arsenal,Tottenham,3.0,1.0,H,2021-2022,11215
11216,Crystal Palace,Brighton,1.0,1.0,D,2021-2022,11216
11217,Man United,Everton,1.0,1.0,D,2021-2022,11217
11218,Burnley,Norwich,0.0,0.0,D,2021-2022,11218
11219,Chelsea,Southampton,3.0,1.0,H,2021-2022,11219
11220,Leeds,Watford,1.0,0.0,H,2021-2022,11220
11221,Wolves,Newcastle,2.0,1.0,H,2021-2022,11221
11222,Brighton,Arsenal,0.0,0.0,D,2021-2022,11222
11223,Crystal Palace,Leicester,2.0,2.0,D,2021-2022,11223
11224,Tottenham,Aston Villa,2.0,1.0,H,2021-2022,11224
11225,West Ham,Brentford,1.0,2.0,A,2021-2022,11225
11226,Liverpool,Man City,2.0,2.0,D,2021-2022,11226
11227,Watford,Liverpool,0.0,5.0,A,2021-2022,11227
11228,Aston Villa,Wolves,2.0,3.0,A,2021-2022,11228
11229,Leicester,Man United,4.0,2.0,H,2021-2022,11229
11230,Man City,Burnley,2.0,0.0,H,2021-2022,11230
11231,Norwich,Brighton,0.0,0.0,D,2021-2022,11231
11232,Southampton,Leeds,1.0,0.0,H,2021-2022,11232
11233,Brentford,Chelsea,0.0,1.0,A,2021-2022,11233
11234,Everton,West Ham,0.0,1.0,A,2021-2022,11234
11235,Newcastle,Tottenham,2.0,3.0,A,2021-2022,11235
11236,Arsenal,Crystal Palace,2.0,2.0,D,2021-2022,11236
11237,Arsenal,Aston Villa,3.0,1.0,H,2021-2022,11237
11238,Chelsea,Norwich,7.0,0.0,H,2021-2022,11238
11239,Crystal Palace,Newcastle,1.0,1.0,D,2021-2022,11239
11240,Everton,Watford,2.0,5.0,A,2021-2022,11240
11241,Leeds,Wolves,1.0,1.0,D,2021-2022,11241
11242,Southampton,Burnley,2.0,2.0,D,2021-2022,11242
11243,Brighton,Man City,1.0,4.0,A,2021-2022,11243
11244,Brentford,Leicester,1.0,2.0,A,2021-2022,11244
11245,West Ham,Tottenham,1.0,0.0,H,2021-2022,11245
11246,Man United,Liverpool,0.0,5.0,A,2021-2022,11246
11247,Leicester,Arsenal,0.0,2.0,A,2021-2022,11247
11248,Burnley,Brentford,3.0,1.0,H,2021-2022,11248
11249,Liverpool,Brighton,2.0,2.0,D,2021-2022,11249
11250,Man City,Crystal Palace,0.0,2.0,A,2021-2022,11250
11251,Newcastle,Chelsea,0.0,3.0,A,2021-2022,11251
11252,Watford,Southampton,0.0,1.0,A,2021-2022,11252
11253,Tottenham,Man United,0.0,3.0,A,2021-2022,11253
11254,Norwich,Leeds,1.0,2.0,A,2021-2022,11254
11255,Aston Villa,West Ham,1.0,4.0,A,2021-2022,11255
11256,Wolves,Everton,2.0,1.0,H,2021-2022,11256
11257,Southampton,Aston Villa,1.0,0.0,H,2021-2022,11257
11258,Man United,Man City,0.0,2.0,A,2021-2022,11258
11259,Brentford,Norwich,1.0,2.0,A,2021-2022,11259
11260,Chelsea,Burnley,1.0,1.0,D,2021-2022,11260
11261,Crystal Palace,Wolves,2.0,0.0,H,2021-2022,11261
11262,Brighton,Newcastle,1.0,1.0,D,2021-2022,11262
11263,Arsenal,Watford,1.0,0.0,H,2021-2022,11263
11264,Everton,Tottenham,0.0,0.0,D,2021-2022,11264
11265,Leeds,Leicester,1.0,1.0,D,2021-2022,11265
11266,West Ham,Liverpool,3.0,2.0,H,2021-2022,11266
11267,Leicester,Chelsea,0.0,3.0,A,2021-2022,11267
11268,Aston Villa,Brighton,2.0,0.0,H,2021-2022,11268
11269,Burnley,Crystal Palace,3.0,3.0,D,2021-2022,11269
11270,Newcastle,Brentford,3.0,3.0,D,2021-2022,11270
11271,Norwich,Southampton,2.0,1.0,H,2021-2022,11271
11272,Watford,Man United,4.0,1.0,H,2021-2022,11272
11273,Wolves,West Ham,1.0,0.0,H,2021-2022,11273
11274,Liverpool,Arsenal,4.0,0.0,H,2021-2022,11274
11275,Man City,Everton,3.0,0.0,H,2021-2022,11275
11276,Tottenham,Leeds,2.0,1.0,H,2021-2022,11276
11277,Arsenal,Newcastle,2.0,0.0,H,2021-2022,11277
11278,Crystal Palace,Aston Villa,1.0,2.0,A,2021-2022,11278
11279,Liverpool,Southampton,4.0,0.0,H,2021-2022,11279
11280,Norwich,Wolves,0.0,0.0,D,2021-2022,11280
11281,Brighton,Leeds,0.0,0.0,D,2021-2022,11281
11282,Brentford,Everton,1.0,0.0,H,2021-2022,11282
11283,Leicester,Watford,4.0,2.0,H,2021-2022,11283
11284,Man City,West Ham,2.0,1.0,H,2021-2022,11284
11285,Chelsea,Man United,1.0,1.0,D,2021-2022,11285
11286,Newcastle,Norwich,1.0,1.0,D,2021-2022,11286
11287,Leeds,Crystal Palace,1.0,0.0,H,2021-2022,11287
11288,Southampton,Leicester,2.0,2.0,D,2021-2022,11288
11289,Watford,Chelsea,1.0,2.0,A,2021-2022,11289
11290,West Ham,Brighton,1.0,1.0,D,2021-2022,11290
11291,Wolves,Burnley,0.0,0.0,D,2021-2022,11291
11292,Aston Villa,Man City,1.0,2.0,A,2021-2022,11292
11293,Everton,Liverpool,1.0,4.0,A,2021-2022,11293
11294,Tottenham,Brentford,2.0,0.0,H,2021-2022,11294
11295,Man United,Arsenal,3.0,2.0,H,2021-2022,11295
11296,West Ham,Chelsea,3.0,2.0,H,2021-2022,11296
11297,Newcastle,Burnley,1.0,0.0,H,2021-2022,11297
11298,Southampton,Brighton,1.0,1.0,D,2021-2022,11298
11299,Wolves,Liverpool,0.0,1.0,A,2021-2022,11299
11300,Watford,Man City,1.0,3.0,A,2021-2022,11300
11301,Leeds,Brentford,2.0,2.0,D,2021-2022,11301
11302,Man United,Crystal Palace,1.0,0.0,H,2021-2022,11302
11303,Tottenham,Norwich,3.0,0.0,H,2021-2022,11303
11304,Aston Villa,Leicester,2.0,1.0,H,2021-2022,11304
11305,Everton,Arsenal,2.0,1.0,H,2021-2022,11305
11306,Brentford,Watford,2.0,1.0,H,2021-2022,11306
11307,Man City,Wolves,1.0,0.0,H,2021-2022,11307
11308,Arsenal,Southampton,3.0,0.0,H,2021-2022,11308
11309,Chelsea,Leeds,3.0,2.0,H,2021-2022,11309
11310,Liverpool,Aston Villa,1.0,0.0,H,2021-2022,11310
11311,Norwich,Man United,0.0,1.0,A,2021-2022,11311
11312,Burnley,West Ham,0.0,0.0,D,2021-2022,11312
11313,Leicester,Newcastle,4.0,0.0,H,2021-2022,11313
11314,Crystal Palace,Everton,3.0,1.0,H,2021-2022,11314
11315,Norwich,Aston Villa,0.0,2.0,A,2021-2022,11315
11316,Man City,Leeds,7.0,0.0,H,2021-2022,11316
11317,Brighton,Wolves,0.0,1.0,A,2021-2022,11317
11318,Crystal Palace,Southampton,2.0,2.0,D,2021-2022,11318
11319,Arsenal,West Ham,2.0,0.0,H,2021-2022,11319
11320,Chelsea,Everton,1.0,1.0,D,2021-2022,11320
11321,Liverpool,Newcastle,3.0,1.0,H,2021-2022,11321
11322,Leeds,Arsenal,1.0,4.0,A,2021-2022,11322
11323,Newcastle,Man City,0.0,4.0,A,2021-2022,11323
11324,Wolves,Chelsea,0.0,0.0,D,2021-2022,11324
11325,Tottenham,Liverpool,2.0,2.0,D,2021-2022,11325
11326,Man City,Leicester,6.0,3.0,H,2021-2022,11326
11327,Norwich,Arsenal,0.0,5.0,A,2021-2022,11327
11328,Tottenham,Crystal Palace,3.0,0.0,H,2021-2022,11328
11329,West Ham,Southampton,2.0,3.0,A,2021-2022,11329
11330,Aston Villa,Chelsea,1.0,3.0,A,2021-2022,11330
11331,Brighton,Brentford,2.0,0.0,H,2021-2022,11331
11332,Newcastle,Man United,1.0,1.0,D,2021-2022,11332
11333,Crystal Palace,Norwich,3.0,0.0,H,2021-2022,11333
11334,Southampton,Tottenham,1.0,1.0,D,2021-2022,11334
11335,Watford,West Ham,1.0,4.0,A,2021-2022,11335
11336,Leicester,Liverpool,1.0,0.0,H,2021-2022,11336
11337,Chelsea,Brighton,1.0,1.0,D,2021-2022,11337
11338,Brentford,Man City,0.0,1.0,A,2021-2022,11338
11339,Man United,Burnley,3.0,1.0,H,2021-2022,11339
11340,Arsenal,Man City,1.0,2.0,A,2021-2022,11340
11341,Watford,Tottenham,0.0,1.0,A,2021-2022,11341
11342,Crystal Palace,West Ham,2.0,3.0,A,2021-2022,11342
11343,Brentford,Aston Villa,2.0,1.0,H,2021-2022,11343
11344,Everton,Brighton,2.0,3.0,A,2021-2022,11344
11345,Leeds,Burnley,3.0,1.0,H,2021-2022,11345
11346,Chelsea,Liverpool,2.0,2.0,D,2021-2022,11346
11347,Man United,Wolves,0.0,1.0,A,2021-2022,11347
11348,Southampton,Brentford,4.0,1.0,H,2021-2022,11348
11349,West Ham,Norwich,2.0,0.0,H,2021-2022,11349
11350,Brighton,Crystal Palace,1.0,1.0,D,2021-2022,11350
11351,Man City,Chelsea,1.0,0.0,H,2021-2022,11351
11352,Newcastle,Watford,1.0,1.0,D,2021-2022,11352
11353,Norwich,Everton,2.0,1.0,H,2021-2022,11353
11354,Wolves,Southampton,3.0,1.0,H,2021-2022,11354
11355,Aston Villa,Man United,2.0,2.0,D,2021-2022,11355
11356,Liverpool,Brentford,3.0,0.0,H,2021-2022,11356
11357,West Ham,Leeds,2.0,3.0,A,2021-2022,11357
11358,Brighton,Chelsea,1.0,1.0,D,2021-2022,11358
11359,Leicester,Tottenham,2.0,3.0,A,2021-2022,11359
11360,Brentford,Man United,1.0,3.0,A,2021-2022,11360
11361,Watford,Norwich,0.0,3.0,A,2021-2022,11361
11362,Everton,Aston Villa,0.0,1.0,A,2021-2022,11362
11363,Brentford,Wolves,1.0,2.0,A,2021-2022,11363
11364,Leeds,Newcastle,0.0,1.0,A,2021-2022,11364
11365,Man United,West Ham,1.0,0.0,H,2021-2022,11365
11366,Southampton,Man City,1.0,1.0,D,2021-2022,11366
11367,Arsenal,Burnley,0.0,0.0,D,2021-2022,11367
11368,Crystal Palace,Liverpool,1.0,3.0,A,2021-2022,11368
11369,Leicester,Brighton,1.0,1.0,D,2021-2022,11369
11370,Chelsea,Tottenham,2.0,0.0,H,2021-2022,11370
11371,Burnley,Watford,0.0,0.0,D,2021-2022,11371
11372,Newcastle,Everton,3.0,1.0,H,2021-2022,11372
11373,West Ham,Watford,1.0,0.0,H,2021-2022,11373
11374,Burnley,Man United,1.0,1.0,D,2021-2022,11374
11375,Man City,Brentford,2.0,0.0,H,2021-2022,11375
11376,Norwich,Crystal Palace,1.0,1.0,D,2021-2022,11376
11377,Tottenham,Southampton,2.0,3.0,A,2021-2022,11377
11378,Aston Villa,Leeds,3.0,3.0,D,2021-2022,11378
11379,Liverpool,Leicester,2.0,0.0,H,2021-2022,11379
11380,Wolves,Arsenal,0.0,1.0,A,2021-2022,11380
11381,Man United,Southampton,1.0,1.0,D,2021-2022,11381
11382,Brentford,Crystal Palace,0.0,0.0,D,2021-2022,11382
11383,Everton,Leeds,3.0,0.0,H,2021-2022,11383
11384,Watford,Brighton,0.0,2.0,A,2021-2022,11384
11385,Norwich,Man City,0.0,4.0,A,2021-2022,11385
11386,Burnley,Liverpool,0.0,1.0,A,2021-2022,11386
11387,Newcastle,Aston Villa,1.0,0.0,H,2021-2022,11387
11388,Tottenham,Wolves,0.0,2.0,A,2021-2022,11388
11389,Leicester,West Ham,2.0,2.0,D,2021-2022,11389
11390,Man United,Brighton,2.0,0.0,H,2021-2022,11390
11391,West Ham,Newcastle,1.0,1.0,D,2021-2022,11391
11392,Arsenal,Brentford,2.0,1.0,H,2021-2022,11392
11393,Aston Villa,Watford,0.0,1.0,A,2021-2022,11393
11394,Brighton,Burnley,0.0,3.0,A,2021-2022,11394
11395,Crystal Palace,Chelsea,0.0,1.0,A,2021-2022,11395
11396,Liverpool,Norwich,3.0,1.0,H,2021-2022,11396
11397,Southampton,Everton,2.0,0.0,H,2021-2022,11397
11398,Man City,Tottenham,2.0,3.0,A,2021-2022,11398
11399,Leeds,Man United,2.0,4.0,A,2021-2022,11399
11400,Wolves,Leicester,2.0,1.0,H,2021-2022,11400
11401,Burnley,Tottenham,1.0,0.0,H,2021-2022,11401
11402,Watford,Crystal Palace,1.0,4.0,A,2021-2022,11402
11403,Liverpool,Leeds,6.0,0.0,H,2021-2022,11403
11404,Arsenal,Wolves,2.0,1.0,H,2021-2022,11404
11405,Southampton,Norwich,2.0,0.0,H,2021-2022,11405
11406,Leeds,Tottenham,0.0,4.0,A,2021-2022,11406
11407,Brentford,Newcastle,0.0,2.0,A,2021-2022,11407
11408,Crystal Palace,Burnley,1.0,1.0,D,2021-2022,11408
11409,Man United,Watford,0.0,0.0,D,2021-2022,11409
11410,Brighton,Aston Villa,0.0,2.0,A,2021-2022,11410
11411,Everton,Man City,0.0,1.0,A,2021-2022,11411
11412,West Ham,Wolves,1.0,0.0,H,2021-2022,11412
11413,Burnley,Leicester,0.0,2.0,A,2021-2022,11413
11414,Leicester,Leeds,1.0,0.0,H,2021-2022,11414
11415,Aston Villa,Southampton,4.0,0.0,H,2021-2022,11415
11416,Burnley,Chelsea,0.0,4.0,A,2021-2022,11416
11417,Newcastle,Brighton,2.0,1.0,H,2021-2022,11417
11418,Norwich,Brentford,1.0,3.0,A,2021-2022,11418
11419,Wolves,Crystal Palace,0.0,2.0,A,2021-2022,11419
11420,Liverpool,West Ham,1.0,0.0,H,2021-2022,11420
11421,Watford,Arsenal,2.0,3.0,A,2021-2022,11421
11422,Man City,Man United,4.0,1.0,H,2021-2022,11422
11423,Tottenham,Everton,5.0,0.0,H,2021-2022,11423
11424,Norwich,Chelsea,1.0,3.0,A,2021-2022,11424
11425,Southampton,Newcastle,1.0,2.0,A,2021-2022,11425
11426,Wolves,Watford,4.0,0.0,H,2021-2022,11426
11427,Leeds,Aston Villa,0.0,3.0,A,2021-2022,11427
11428,Brighton,Liverpool,0.0,2.0,A,2021-2022,11428
11429,Brentford,Burnley,2.0,0.0,H,2021-2022,11429
11430,Man United,Tottenham,3.0,2.0,H,2021-2022,11430
11431,Chelsea,Newcastle,1.0,0.0,H,2021-2022,11431
11432,Everton,Wolves,0.0,1.0,A,2021-2022,11432
11433,Leeds,Norwich,2.0,1.0,H,2021-2022,11433
11434,Southampton,Watford,1.0,2.0,A,2021-2022,11434
11435,West Ham,Aston Villa,2.0,1.0,H,2021-2022,11435
11436,Arsenal,Leicester,2.0,0.0,H,2021-2022,11436
11437,Crystal Palace,Man City,0.0,0.0,D,2021-2022,11437
11438,Brighton,Tottenham,0.0,2.0,A,2021-2022,11438
11439,Arsenal,Liverpool,0.0,2.0,A,2021-2022,11439
11440,Everton,Newcastle,1.0,0.0,H,2021-2022,11440
11441,Wolves,Leeds,2.0,3.0,A,2021-2022,11441
11442,Aston Villa,Arsenal,0.0,1.0,A,2021-2022,11442
11443,Leicester,Brentford,2.0,1.0,H,2021-2022,11443
11444,Tottenham,West Ham,3.0,1.0,H,2021-2022,11444
11445,Liverpool,Watford,2.0,0.0,H,2021-2022,11445
11446,Brighton,Norwich,0.0,0.0,D,2021-2022,11446
11447,Burnley,Man City,0.0,2.0,A,2021-2022,11447
11448,Chelsea,Brentford,1.0,4.0,A,2021-2022,11448
11449,Leeds,Southampton,1.0,1.0,D,2021-2022,11449
11450,Wolves,Aston Villa,2.0,1.0,H,2021-2022,11450
11451,Man United,Leicester,1.0,1.0,D,2021-2022,11451
11452,West Ham,Everton,2.0,1.0,H,2021-2022,11452
11453,Tottenham,Newcastle,5.0,1.0,H,2021-2022,11453
11454,Crystal Palace,Arsenal,3.0,0.0,H,2021-2022,11454
11455,Burnley,Everton,3.0,2.0,H,2021-2022,11455
11456,Newcastle,Wolves,1.0,0.0,H,2021-2022,11456
11457,Everton,Man United,1.0,0.0,H,2021-2022,11457
11458,Arsenal,Brighton,1.0,2.0,A,2021-2022,11458
11459,Southampton,Chelsea,0.0,6.0,A,2021-2022,11459
11460,Watford,Leeds,0.0,3.0,A,2021-2022,11460
11461,Aston Villa,Tottenham,0.0,4.0,A,2021-2022,11461
11462,Brentford,West Ham,2.0,0.0,H,2021-2022,11462
11463,Leicester,Crystal Palace,2.0,1.0,H,2021-2022,11463
11464,Norwich,Burnley,2.0,0.0,H,2021-2022,11464
11465,Man City,Liverpool,2.0,2.0,D,2021-2022,11465
11466,Tottenham,Brighton,0.0,1.0,A,2021-2022,11466
11467,Man United,Norwich,3.0,2.0,H,2021-2022,11467
11468,Southampton,Arsenal,1.0,0.0,H,2021-2022,11468
11469,Watford,Brentford,1.0,2.0,A,2021-2022,11469
11470,Newcastle,Leicester,2.0,1.0,H,2021-2022,11470
11471,West Ham,Burnley,1.0,1.0,D,2021-2022,11471
11472,Liverpool,Man United,4.0,0.0,H,2021-2022,11472
11473,Chelsea,Arsenal,2.0,4.0,A,2021-2022,11473
11474,Everton,Leicester,1.0,1.0,D,2021-2022,11474
11475,Newcastle,Crystal Palace,1.0,0.0,H,2021-2022,11475
11476,Man City,Brighton,3.0,0.0,H,2021-2022,11476
11477,Burnley,Southampton,2.0,0.0,H,2021-2022,11477
11478,Arsenal,Man United,3.0,1.0,H,2021-2022,11478
11479,Leicester,Aston Villa,0.0,0.0,D,2021-2022,11479
11480,Man City,Watford,5.0,1.0,H,2021-2022,11480
11481,Norwich,Newcastle,0.0,3.0,A,2021-2022,11481
11482,Brentford,Tottenham,0.0,0.0,D,2021-2022,11482
11483,Brighton,Southampton,2.0,2.0,D,2021-2022,11483
11484,Burnley,Wolves,1.0,0.0,H,2021-2022,11484
11485,Chelsea,West Ham,1.0,0.0,H,2021-2022,11485
11486,Liverpool,Everton,2.0,0.0,H,2021-2022,11486
11487,Crystal Palace,Leeds,0.0,0.0,D,2021-2022,11487
11488,Man United,Chelsea,1.0,1.0,D,2021-2022,11488
11489,Newcastle,Liverpool,0.0,1.0,A,2021-2022,11489
11490,Aston Villa,Norwich,2.0,0.0,H,2021-2022,11490
11491,Southampton,Crystal Palace,1.0,2.0,A,2021-2022,11491
11492,Watford,Burnley,1.0,2.0,A,2021-2022,11492
11493,Wolves,Brighton,0.0,3.0,A,2021-2022,11493
11494,Leeds,Man City,0.0,4.0,A,2021-2022,11494
11495,Everton,Chelsea,1.0,0.0,H,2021-2022,11495
11496,Tottenham,Leicester,3.0,1.0,H,2021-2022,11496
11497,West Ham,Arsenal,1.0,2.0,A,2021-2022,11497
11498,Man United,Brentford,3.0,0.0,H,2021-2022,11498
11499,Brentford,Southampton,3.0,0.0,H,2021-2022,11499
11500,Burnley,Aston Villa,1.0,3.0,A,2021-2022,11500
11501,Chelsea,Wolves,2.0,2.0,D,2021-2022,11501
11502,Crystal Palace,Watford,1.0,0.0,H,2021-2022,11502
11503,Brighton,Man United,4.0,0.0,H,2021-2022,11503
11504,Liverpool,Tottenham,1.0,1.0,D,2021-2022,11504
11505,Arsenal,Leeds,2.0,1.0,H,2021-2022,11505
11506,Leicester,Everton,1.0,2.0,A,2021-2022,11506
11507,Norwich,West Ham,0.0,4.0,A,2021-2022,11507
11508,Man City,Newcastle,5.0,0.0,H,2021-2022,11508
11509,Aston Villa,Liverpool,1.0,2.0,A,2021-2022,11509
11510,Leeds,Chelsea,0.0,3.0,A,2021-2022,11510
11511,Leicester,Norwich,3.0,0.0,H,2021-2022,11511
11512,Watford,Everton,0.0,0.0,D,2021-2022,11512
11513,Wolves,Man City,1.0,5.0,A,2021-2022,11513
11514,Tottenham,Arsenal,3.0,0.0,H,2021-2022,11514
11515,Tottenham,Burnley,1.0,0.0,H,2021-2022,11515
11516,Aston Villa,Crystal Palace,1.0,1.0,D,2021-2022,11516
11517,Leeds,Brighton,1.0,1.0,D,2021-2022,11517
11518,Watford,Leicester,1.0,5.0,A,2021-2022,11518
11519,West Ham,Man City,2.0,2.0,D,2021-2022,11519
11520,Wolves,Norwich,1.0,1.0,D,2021-2022,11520
11521,Everton,Brentford,2.0,3.0,A,2021-2022,11521
11522,Newcastle,Arsenal,2.0,0.0,H,2021-2022,11522
11523,Southampton,Liverpool,1.0,2.0,A,2021-2022,11523
11524,Everton,Crystal Palace,3.0,2.0,H,2021-2022,11524
11525,Aston Villa,Burnley,1.0,1.0,D,2021-2022,11525
11526,Chelsea,Leicester,1.0,1.0,D,2021-2022,11526
11527,Arsenal,Everton,5.0,1.0,H,2021-2022,11527
11528,Brentford,Leeds,1.0,2.0,A,2021-2022,11528
11529,Brighton,West Ham,3.0,1.0,H,2021-2022,11529
11530,Burnley,Newcastle,1.0,2.0,A,2021-2022,11530
11531,Chelsea,Watford,2.0,1.0,H,2021-2022,11531
11532,Crystal Palace,Man United,1.0,0.0,H,2021-2022,11532
11533,Leicester,Southampton,4.0,1.0,H,2021-2022,11533
11534,Liverpool,Wolves,3.0,1.0,H,2021-2022,11534
11535,Man City,Aston Villa,3.0,2.0,H,2021-2022,11535
11536,Norwich,Tottenham,0.0,5.0,A,2021-2022,11536
11537,Crystal Palace,Arsenal,0.0,2.0,A,2022-2023,11537
11538,Fulham,Liverpool,2.0,2.0,D,2022-2023,11538
11539,Bournemouth,Aston Villa,2.0,0.0,H,2022-2023,11539
11540,Leeds,Wolves,2.0,1.0,H,2022-2023,11540
11541,Newcastle,Nott'm Forest,2.0,0.0,H,2022-2023,11541
11542,Tottenham,Southampton,4.0,1.0,H,2022-2023,11542
11543,Everton,Chelsea,0.0,1.0,A,2022-2023,11543
11544,Leicester,Brentford,2.0,2.0,D,2022-2023,11544
11545,Man United,Brighton,1.0,2.0,A,2022-2023,11545
11546,West Ham,Man City,0.0,2.0,A,2022-2023,11546
11547,Aston Villa,Everton,2.0,1.0,H,2022-2023,11547
11548,Arsenal,Leicester,4.0,2.0,H,2022-2023,11548
11549,Brighton,Newcastle,0.0,0.0,D,2022-2023,11549
11550,Man City,Bournemouth,4.0,0.0,H,2022-2023,11550
11551,Southampton,Leeds,2.0,2.0,D,2022-2023,11551
11552,Wolves,Fulham,0.0,0.0,D,2022-2023,11552
11553,Brentford,Man United,4.0,0.0,H,2022-2023,11553
11554,Nott'm Forest,West Ham,1.0,0.0,H,2022-2023,11554
11555,Chelsea,Tottenham,2.0,2.0,D,2022-2023,11555
11556,Liverpool,Crystal Palace,1.0,1.0,D,2022-2023,11556
11557,Tottenham,Wolves,1.0,0.0,H,2022-2023,11557
11558,Crystal Palace,Aston Villa,3.0,1.0,H,2022-2023,11558
11559,Everton,Nott'm Forest,1.0,1.0,D,2022-2023,11559
11560,Fulham,Brentford,3.0,2.0,H,2022-2023,11560
11561,Leicester,Southampton,1.0,2.0,A,2022-2023,11561
11562,Bournemouth,Arsenal,0.0,3.0,A,2022-2023,11562
11563,Leeds,Chelsea,3.0,0.0,H,2022-2023,11563
11564,West Ham,Brighton,0.0,2.0,A,2022-2023,11564
11565,Newcastle,Man City,3.0,3.0,D,2022-2023,11565
11566,Man United,Liverpool,2.0,1.0,H,2022-2023,11566
11567,Southampton,Man United,0.0,1.0,A,2022-2023,11567
11568,Brentford,Everton,1.0,1.0,D,2022-2023,11568
11569,Brighton,Leeds,1.0,0.0,H,2022-2023,11569
11570,Chelsea,Leicester,2.0,1.0,H,2022-2023,11570
11571,Liverpool,Bournemouth,9.0,0.0,H,2022-2023,11571
11572,Man City,Crystal Palace,4.0,2.0,H,2022-2023,11572
11573,Arsenal,Fulham,2.0,1.0,H,2022-2023,11573
11574,Aston Villa,West Ham,0.0,1.0,A,2022-2023,11574
11575,Wolves,Newcastle,1.0,1.0,D,2022-2023,11575
11576,Nott'm Forest,Tottenham,0.0,2.0,A,2022-2023,11576
11577,Crystal Palace,Brentford,1.0,1.0,D,2022-2023,11577
11578,Fulham,Brighton,2.0,1.0,H,2022-2023,11578
11579,Southampton,Chelsea,2.0,1.0,H,2022-2023,11579
11580,Leeds,Everton,1.0,1.0,D,2022-2023,11580
11581,Arsenal,Aston Villa,2.0,1.0,H,2022-2023,11581
11582,Bournemouth,Wolves,0.0,0.0,D,2022-2023,11582
11583,Man City,Nott'm Forest,6.0,0.0,H,2022-2023,11583
11584,West Ham,Tottenham,1.0,1.0,D,2022-2023,11584
11585,Liverpool,Newcastle,2.0,1.0,H,2022-2023,11585
11586,Leicester,Man United,0.0,1.0,A,2022-2023,11586
11587,Everton,Liverpool,0.0,0.0,D,2022-2023,11587
11588,Brentford,Leeds,5.0,2.0,H,2022-2023,11588
11589,Chelsea,West Ham,2.0,1.0,H,2022-2023,11589
11590,Newcastle,Crystal Palace,0.0,0.0,D,2022-2023,11590
11591,Nott'm Forest,Bournemouth,2.0,3.0,A,2022-2023,11591
11592,Tottenham,Fulham,2.0,1.0,H,2022-2023,11592
11593,Wolves,Southampton,1.0,0.0,H,2022-2023,11593
11594,Aston Villa,Man City,1.0,1.0,D,2022-2023,11594
11595,Brighton,Leicester,5.0,2.0,H,2022-2023,11595
11596,Man United,Arsenal,3.0,1.0,H,2022-2023,11596
11597,Aston Villa,Southampton,1.0,0.0,H,2022-2023,11597
11598,Nott'm Forest,Fulham,2.0,3.0,A,2022-2023,11598
11599,Wolves,Man City,0.0,3.0,A,2022-2023,11599
11600,Newcastle,Bournemouth,1.0,1.0,D,2022-2023,11600
11601,Tottenham,Leicester,6.0,2.0,H,2022-2023,11601
11602,Brentford,Arsenal,0.0,3.0,A,2022-2023,11602
11603,Everton,West Ham,1.0,0.0,H,2022-2023,11603
11604,Arsenal,Tottenham,3.0,1.0,H,2022-2023,11604
11605,Bournemouth,Brentford,0.0,0.0,D,2022-2023,11605
11606,Crystal Palace,Chelsea,1.0,2.0,A,2022-2023,11606
11607,Fulham,Newcastle,1.0,4.0,A,2022-2023,11607
11608,Liverpool,Brighton,3.0,3.0,D,2022-2023,11608
11609,Southampton,Everton,1.0,2.0,A,2022-2023,11609
11610,West Ham,Wolves,2.0,0.0,H,2022-2023,11610
11611,Man City,Man United,6.0,3.0,H,2022-2023,11611
11612,Leeds,Aston Villa,0.0,0.0,D,2022-2023,11612
11613,Leicester,Nott'm Forest,4.0,0.0,H,2022-2023,11613
11614,Bournemouth,Leicester,2.0,1.0,H,2022-2023,11614
11615,Chelsea,Wolves,3.0,0.0,H,2022-2023,11615
11616,Man City,Southampton,4.0,0.0,H,2022-2023,11616
11617,Newcastle,Brentford,5.0,1.0,H,2022-2023,11617
11618,Brighton,Tottenham,0.0,1.0,A,2022-2023,11618
11619,Crystal Palace,Leeds,2.0,1.0,H,2022-2023,11619
11620,West Ham,Fulham,3.0,1.0,H,2022-2023,11620
11621,Arsenal,Liverpool,3.0,2.0,H,2022-2023,11621
11622,Everton,Man United,1.0,2.0,A,2022-2023,11622
11623,Nott'm Forest,Aston Villa,1.0,1.0,D,2022-2023,11623
11624,Brentford,Brighton,2.0,0.0,H,2022-2023,11624
11625,Leicester,Crystal Palace,0.0,0.0,D,2022-2023,11625
11626,Fulham,Bournemouth,2.0,2.0,D,2022-2023,11626
11627,Wolves,Nott'm Forest,1.0,0.0,H,2022-2023,11627
11628,Tottenham,Everton,2.0,0.0,H,2022-2023,11628
11629,Aston Villa,Chelsea,0.0,2.0,A,2022-2023,11629
11630,Leeds,Arsenal,0.0,1.0,A,2022-2023,11630
11631,Man United,Newcastle,0.0,0.0,D,2022-2023,11631
11632,Southampton,West Ham,1.0,1.0,D,2022-2023,11632
11633,Liverpool,Man City,1.0,0.0,H,2022-2023,11633
11634,Brighton,Nott'm Forest,0.0,0.0,D,2022-2023,11634
11635,Crystal Palace,Wolves,2.0,1.0,H,2022-2023,11635
11636,Bournemouth,Southampton,0.0,1.0,A,2022-2023,11636
11637,Brentford,Chelsea,0.0,0.0,D,2022-2023,11637
11638,Liverpool,West Ham,1.0,0.0,H,2022-2023,11638
11639,Newcastle,Everton,1.0,0.0,H,2022-2023,11639
11640,Man United,Tottenham,2.0,0.0,H,2022-2023,11640
11641,Fulham,Aston Villa,3.0,0.0,H,2022-2023,11641
11642,Leicester,Leeds,2.0,0.0,H,2022-2023,11642
11643,Nott'm Forest,Liverpool,1.0,0.0,H,2022-2023,11643
11644,Everton,Crystal Palace,3.0,0.0,H,2022-2023,11644
11645,Man City,Brighton,3.0,1.0,H,2022-2023,11645
11646,Chelsea,Man United,1.0,1.0,D,2022-2023,11646
11647,Aston Villa,Brentford,4.0,0.0,H,2022-2023,11647
11648,Leeds,Fulham,2.0,3.0,A,2022-2023,11648
11649,Southampton,Arsenal,1.0,1.0,D,2022-2023,11649
11650,Wolves,Leicester,0.0,4.0,A,2022-2023,11650
11651,Tottenham,Newcastle,1.0,2.0,A,2022-2023,11651
11652,West Ham,Bournemouth,2.0,0.0,H,2022-2023,11652
11653,Leicester,Man City,0.0,1.0,A,2022-2023,11653
11654,Bournemouth,Tottenham,2.0,3.0,A,2022-2023,11654
11655,Brentford,Wolves,1.0,1.0,D,2022-2023,11655
11656,Brighton,Chelsea,4.0,1.0,H,2022-2023,11656
11657,Crystal Palace,Southampton,1.0,0.0,H,2022-2023,11657
11658,Newcastle,Aston Villa,4.0,0.0,H,2022-2023,11658
11659,Fulham,Everton,0.0,0.0,D,2022-2023,11659
11660,Liverpool,Leeds,1.0,2.0,A,2022-2023,11660
11661,Arsenal,Nott'm Forest,5.0,0.0,H,2022-2023,11661
11662,Man United,West Ham,1.0,0.0,H,2022-2023,11662
11663,Leeds,Bournemouth,4.0,3.0,H,2022-2023,11663
11664,Man City,Fulham,2.0,1.0,H,2022-2023,11664
11665,Nott'm Forest,Brentford,2.0,2.0,D,2022-2023,11665
11666,Wolves,Brighton,2.0,3.0,A,2022-2023,11666
11667,Everton,Leicester,0.0,2.0,A,2022-2023,11667
11668,Chelsea,Arsenal,0.0,1.0,A,2022-2023,11668
11669,Aston Villa,Man United,3.0,1.0,H,2022-2023,11669
11670,Southampton,Newcastle,1.0,4.0,A,2022-2023,11670
11671,West Ham,Crystal Palace,1.0,2.0,A,2022-2023,11671
11672,Tottenham,Liverpool,1.0,2.0,A,2022-2023,11672
11673,Man City,Brentford,1.0,2.0,A,2022-2023,11673
11674,Bournemouth,Everton,3.0,0.0,H,2022-2023,11674
11675,Liverpool,Southampton,3.0,1.0,H,2022-2023,11675
11676,Nott'm Forest,Crystal Palace,1.0,0.0,H,2022-2023,11676
11677,Tottenham,Leeds,4.0,3.0,H,2022-2023,11677
11678,West Ham,Leicester,0.0,2.0,A,2022-2023,11678
11679,Newcastle,Chelsea,1.0,0.0,H,2022-2023,11679
11680,Wolves,Arsenal,0.0,2.0,A,2022-2023,11680
11681,Brighton,Aston Villa,1.0,2.0,A,2022-2023,11681
11682,Fulham,Man United,1.0,2.0,A,2022-2023,11682
11683,Brentford,Tottenham,2.0,2.0,D,2022-2023,11683
11684,Crystal Palace,Fulham,0.0,3.0,A,2022-2023,11684
11685,Everton,Wolves,1.0,2.0,A,2022-2023,11685
11686,Leicester,Newcastle,0.0,3.0,A,2022-2023,11686
11687,Southampton,Brighton,1.0,3.0,A,2022-2023,11687
11688,Aston Villa,Liverpool,1.0,3.0,A,2022-2023,11688
11689,Arsenal,West Ham,3.0,1.0,H,2022-2023,11689
11690,Chelsea,Bournemouth,2.0,0.0,H,2022-2023,11690
11691,Man United,Nott'm Forest,3.0,0.0,H,2022-2023,11691
11692,Leeds,Man City,1.0,3.0,A,2022-2023,11692
11693,West Ham,Brentford,0.0,2.0,A,2022-2023,11693
11694,Liverpool,Leicester,2.0,1.0,H,2022-2023,11694
11695,Wolves,Man United,0.0,1.0,A,2022-2023,11695
11696,Bournemouth,Crystal Palace,0.0,2.0,A,2022-2023,11696
11697,Fulham,Southampton,2.0,1.0,H,2022-2023,11697
11698,Man City,Everton,1.0,1.0,D,2022-2023,11698
11699,Newcastle,Leeds,0.0,0.0,D,2022-2023,11699
11700,Brighton,Arsenal,2.0,4.0,A,2022-2023,11700
11701,Tottenham,Aston Villa,0.0,2.0,A,2022-2023,11701
11702,Nott'm Forest,Chelsea,1.0,1.0,D,2022-2023,11702
11703,Brentford,Liverpool,3.0,1.0,H,2022-2023,11703
11704,Arsenal,Newcastle,0.0,0.0,D,2022-2023,11704
11705,Everton,Brighton,1.0,4.0,A,2022-2023,11705
11706,Leicester,Fulham,0.0,1.0,A,2022-2023,11706
11707,Man United,Bournemouth,3.0,0.0,H,2022-2023,11707
11708,Southampton,Nott'm Forest,0.0,1.0,A,2022-2023,11708
11709,Leeds,West Ham,2.0,2.0,D,2022-2023,11709
11710,Aston Villa,Wolves,1.0,1.0,D,2022-2023,11710
11711,Crystal Palace,Tottenham,0.0,4.0,A,2022-2023,11711
11712,Chelsea,Man City,0.0,1.0,A,2022-2023,11712
11713,Fulham,Chelsea,2.0,1.0,H,2022-2023,11713
11714,Aston Villa,Leeds,2.0,1.0,H,2022-2023,11714
11715,Man United,Man City,2.0,1.0,H,2022-2023,11715
11716,Brighton,Liverpool,3.0,0.0,H,2022-2023,11716
11717,Everton,Southampton,1.0,2.0,A,2022-2023,11717
11718,Nott'm Forest,Leicester,2.0,0.0,H,2022-2023,11718
11719,Wolves,West Ham,1.0,0.0,H,2022-2023,11719
11720,Brentford,Bournemouth,2.0,0.0,H,2022-2023,11720
11721,Chelsea,Crystal Palace,1.0,0.0,H,2022-2023,11721
11722,Newcastle,Fulham,1.0,0.0,H,2022-2023,11722
11723,Tottenham,Arsenal,0.0,2.0,A,2022-2023,11723
11724,Crystal Palace,Man United,1.0,1.0,D,2022-2023,11724
11725,Man City,Tottenham,4.0,2.0,H,2022-2023,11725
11726,Liverpool,Chelsea,0.0,0.0,D,2022-2023,11726
11727,Bournemouth,Nott'm Forest,1.0,1.0,D,2022-2023,11727
11728,Leicester,Brighton,2.0,2.0,D,2022-2023,11728
11729,Southampton,Aston Villa,0.0,1.0,A,2022-2023,11729
11730,West Ham,Everton,2.0,0.0,H,2022-2023,11730
11731,Crystal Palace,Newcastle,0.0,0.0,D,2022-2023,11731
11732,Leeds,Brentford,0.0,0.0,D,2022-2023,11732
11733,Man City,Wolves,3.0,0.0,H,2022-2023,11733
11734,Arsenal,Man United,3.0,2.0,H,2022-2023,11734
11735,Fulham,Tottenham,0.0,1.0,A,2022-2023,11735
11736,Chelsea,Fulham,0.0,0.0,D,2022-2023,11736
11737,Everton,Arsenal,1.0,0.0,H,2022-2023,11737
11738,Aston Villa,Leicester,2.0,4.0,A,2022-2023,11738
11739,Brentford,Southampton,3.0,0.0,H,2022-2023,11739
11740,Brighton,Bournemouth,1.0,0.0,H,2022-2023,11740
11741,Man United,Crystal Palace,2.0,1.0,H,2022-2023,11741
11742,Wolves,Liverpool,3.0,0.0,H,2022-2023,11742
11743,Newcastle,West Ham,1.0,1.0,D,2022-2023,11743
11744,Nott'm Forest,Leeds,1.0,0.0,H,2022-2023,11744
11745,Tottenham,Man City,1.0,0.0,H,2022-2023,11745
11746,Man United,Leeds,2.0,2.0,D,2022-2023,11746
11747,West Ham,Chelsea,1.0,1.0,D,2022-2023,11747
11748,Arsenal,Brentford,1.0,1.0,D,2022-2023,11748
11749,Crystal Palace,Brighton,1.0,1.0,D,2022-2023,11749
11750,Fulham,Nott'm Forest,2.0,0.0,H,2022-2023,11750
11751,Leicester,Tottenham,4.0,1.0,H,2022-2023,11751
11752,Southampton,Wolves,1.0,2.0,A,2022-2023,11752
11753,Bournemouth,Newcastle,1.0,1.0,D,2022-2023,11753
11754,Leeds,Man United,0.0,2.0,A,2022-2023,11754
11755,Man City,Aston Villa,3.0,1.0,H,2022-2023,11755
11756,Liverpool,Everton,2.0,0.0,H,2022-2023,11756
11757,Arsenal,Man City,1.0,3.0,A,2022-2023,11757
11758,Aston Villa,Arsenal,2.0,4.0,A,2022-2023,11758
11759,Brentford,Crystal Palace,1.0,1.0,D,2022-2023,11759
11760,Brighton,Fulham,0.0,1.0,A,2022-2023,11760
11761,Chelsea,Southampton,0.0,1.0,A,2022-2023,11761
11762,Everton,Leeds,1.0,0.0,H,2022-2023,11762
11763,Nott'm Forest,Man City,1.0,1.0,D,2022-2023,11763
11764,Wolves,Bournemouth,0.0,1.0,A,2022-2023,11764
11765,Newcastle,Liverpool,0.0,2.0,A,2022-2023,11765
11766,Man United,Leicester,3.0,0.0,H,2022-2023,11766
11767,Tottenham,West Ham,2.0,0.0,H,2022-2023,11767
11768,Fulham,Wolves,1.0,1.0,D,2022-2023,11768
11769,Everton,Aston Villa,0.0,2.0,A,2022-2023,11769
11770,Leeds,Southampton,1.0,0.0,H,2022-2023,11770
11771,Leicester,Arsenal,0.0,1.0,A,2022-2023,11771
11772,West Ham,Nott'm Forest,4.0,0.0,H,2022-2023,11772
11773,Bournemouth,Man City,1.0,4.0,A,2022-2023,11773
11774,Crystal Palace,Liverpool,0.0,0.0,D,2022-2023,11774
11775,Tottenham,Chelsea,2.0,0.0,H,2022-2023,11775
11776,Arsenal,Everton,4.0,0.0,H,2022-2023,11776
11777,Liverpool,Wolves,2.0,0.0,H,2022-2023,11777
11778,Man City,Newcastle,2.0,0.0,H,2022-2023,11778
11779,Arsenal,Bournemouth,3.0,2.0,H,2022-2023,11779
11780,Aston Villa,Crystal Palace,1.0,0.0,H,2022-2023,11780
11781,Brighton,West Ham,4.0,0.0,H,2022-2023,11781
11782,Chelsea,Leeds,1.0,0.0,H,2022-2023,11782
11783,Wolves,Tottenham,1.0,0.0,H,2022-2023,11783
11784,Southampton,Leicester,1.0,0.0,H,2022-2023,11784
11785,Nott'm Forest,Everton,2.0,2.0,D,2022-2023,11785
11786,Liverpool,Man United,7.0,0.0,H,2022-2023,11786
11787,Brentford,Fulham,3.0,2.0,H,2022-2023,11787
11788,Bournemouth,Liverpool,1.0,0.0,H,2022-2023,11788
11789,Everton,Brentford,1.0,0.0,H,2022-2023,11789
11790,Leeds,Brighton,2.0,2.0,D,2022-2023,11790
11791,Leicester,Chelsea,1.0,3.0,A,2022-2023,11791
11792,Tottenham,Nott'm Forest,3.0,1.0,H,2022-2023,11792
11793,Crystal Palace,Man City,0.0,1.0,A,2022-2023,11793
11794,Fulham,Arsenal,0.0,3.0,A,2022-2023,11794
11795,Man United,Southampton,0.0,0.0,D,2022-2023,11795
11796,West Ham,Aston Villa,1.0,1.0,D,2022-2023,11796
11797,Newcastle,Wolves,2.0,1.0,H,2022-2023,11797
11798,Brighton,Crystal Palace,1.0,0.0,H,2022-2023,11798
11799,Southampton,Brentford,0.0,2.0,A,2022-2023,11799
11800,Nott'm Forest,Newcastle,1.0,2.0,A,2022-2023,11800
11801,Aston Villa,Bournemouth,3.0,0.0,H,2022-2023,11801
11802,Brentford,Leicester,1.0,1.0,D,2022-2023,11802
11803,Southampton,Tottenham,3.0,3.0,D,2022-2023,11803
11804,Wolves,Leeds,2.0,4.0,A,2022-2023,11804
11805,Chelsea,Everton,2.0,2.0,D,2022-2023,11805
11806,Arsenal,Crystal Palace,4.0,1.0,H,2022-2023,11806
11807,Man City,Liverpool,4.0,1.0,H,2022-2023,11807
11808,Arsenal,Leeds,4.0,1.0,H,2022-2023,11808
11809,Bournemouth,Fulham,2.0,1.0,H,2022-2023,11809
11810,Brighton,Brentford,3.0,3.0,D,2022-2023,11810
11811,Crystal Palace,Leicester,2.0,1.0,H,2022-2023,11811
11812,Nott'm Forest,Wolves,1.0,1.0,D,2022-2023,11812
11813,Chelsea,Aston Villa,0.0,2.0,A,2022-2023,11813
11814,West Ham,Southampton,1.0,0.0,H,2022-2023,11814
11815,Newcastle,Man United,2.0,0.0,H,2022-2023,11815
11816,Everton,Tottenham,1.0,1.0,D,2022-2023,11816
11817,Bournemouth,Brighton,0.0,2.0,A,2022-2023,11817
11818,Leeds,Nott'm Forest,2.0,1.0,H,2022-2023,11818
11819,Leicester,Aston Villa,1.0,2.0,A,2022-2023,11819
11820,Chelsea,Liverpool,0.0,0.0,D,2022-2023,11820
11821,Man United,Brentford,1.0,0.0,H,2022-2023,11821
11822,West Ham,Newcastle,1.0,5.0,A,2022-2023,11822
11823,Man United,Everton,2.0,0.0,H,2022-2023,11823
11824,Aston Villa,Nott'm Forest,2.0,0.0,H,2022-2023,11824
11825,Brentford,Newcastle,1.0,2.0,A,2022-2023,11825
11826,Fulham,West Ham,0.0,1.0,A,2022-2023,11826
11827,Leicester,Bournemouth,0.0,1.0,A,2022-2023,11827
11828,Tottenham,Brighton,2.0,1.0,H,2022-2023,11828
11829,Wolves,Chelsea,1.0,0.0,H,2022-2023,11829
11830,Southampton,Man City,1.0,4.0,A,2022-2023,11830
11831,Leeds,Crystal Palace,1.0,5.0,A,2022-2023,11831
11832,Liverpool,Arsenal,2.0,2.0,D,2022-2023,11832
11833,Aston Villa,Newcastle,3.0,0.0,H,2022-2023,11833
11834,Chelsea,Brighton,1.0,2.0,A,2022-2023,11834
11835,Everton,Fulham,1.0,3.0,A,2022-2023,11835
11836,Southampton,Crystal Palace,0.0,2.0,A,2022-2023,11836
11837,Tottenham,Bournemouth,2.0,3.0,A,2022-2023,11837
11838,Wolves,Brentford,2.0,0.0,H,2022-2023,11838
11839,Man City,Leicester,3.0,1.0,H,2022-2023,11839
11840,West Ham,Arsenal,2.0,2.0,D,2022-2023,11840
11841,Nott'm Forest,Man United,0.0,2.0,A,2022-2023,11841
11842,Leeds,Liverpool,1.0,6.0,A,2022-2023,11842
11843,Arsenal,Southampton,3.0,3.0,D,2022-2023,11843
11844,Fulham,Leeds,2.0,1.0,H,2022-2023,11844
11845,Brentford,Aston Villa,1.0,1.0,D,2022-2023,11845
11846,Crystal Palace,Everton,0.0,0.0,D,2022-2023,11846
11847,Leicester,Wolves,2.0,1.0,H,2022-2023,11847
11848,Liverpool,Nott'm Forest,3.0,2.0,H,2022-2023,11848
11849,Bournemouth,West Ham,0.0,4.0,A,2022-2023,11849
11850,Newcastle,Tottenham,6.0,1.0,H,2022-2023,11850
11851,Wolves,Crystal Palace,2.0,0.0,H,2022-2023,11851
11852,Aston Villa,Fulham,1.0,0.0,H,2022-2023,11852
11853,Leeds,Leicester,1.0,1.0,D,2022-2023,11853
11854,Nott'm Forest,Brighton,3.0,1.0,H,2022-2023,11854
11855,Chelsea,Brentford,0.0,2.0,A,2022-2023,11855
11856,West Ham,Liverpool,1.0,2.0,A,2022-2023,11856
11857,Man City,Arsenal,4.0,1.0,H,2022-2023,11857
11858,Everton,Newcastle,1.0,4.0,A,2022-2023,11858
11859,Southampton,Bournemouth,0.0,1.0,A,2022-2023,11859
11860,Tottenham,Man United,2.0,2.0,D,2022-2023,11860
11861,Crystal Palace,West Ham,4.0,3.0,H,2022-2023,11861
11862,Brentford,Nott'm Forest,2.0,1.0,H,2022-2023,11862
11863,Brighton,Wolves,6.0,0.0,H,2022-2023,11863
11864,Bournemouth,Leeds,4.0,1.0,H,2022-2023,11864
11865,Fulham,Man City,1.0,2.0,A,2022-2023,11865
11866,Man United,Aston Villa,1.0,0.0,H,2022-2023,11866
11867,Newcastle,Southampton,3.0,1.0,H,2022-2023,11867
11868,Liverpool,Tottenham,4.0,3.0,H,2022-2023,11868
11869,Leicester,Everton,2.0,2.0,D,2022-2023,11869
11870,Arsenal,Chelsea,3.0,1.0,H,2022-2023,11870
11871,Liverpool,Fulham,1.0,0.0,H,2022-2023,11871
11872,Man City,West Ham,3.0,0.0,H,2022-2023,11872
11873,Brighton,Man United,1.0,0.0,H,2022-2023,11873
11874,Bournemouth,Chelsea,1.0,3.0,A,2022-2023,11874
11875,Man City,Leeds,2.0,1.0,H,2022-2023,11875
11876,Tottenham,Crystal Palace,1.0,0.0,H,2022-2023,11876
11877,Wolves,Aston Villa,1.0,0.0,H,2022-2023,11877
11878,Liverpool,Brentford,1.0,0.0,H,2022-2023,11878
11879,Newcastle,Arsenal,0.0,2.0,A,2022-2023,11879
11880,West Ham,Man United,1.0,0.0,H,2022-2023,11880
11881,Fulham,Leicester,5.0,3.0,H,2022-2023,11881
11882,Brighton,Everton,1.0,5.0,A,2022-2023,11882
11883,Nott'm Forest,Southampton,4.0,3.0,H,2022-2023,11883
11884,Leeds,Newcastle,2.0,2.0,D,2022-2023,11884
11885,Aston Villa,Tottenham,2.0,1.0,H,2022-2023,11885
11886,Chelsea,Nott'm Forest,2.0,2.0,D,2022-2023,11886
11887,Crystal Palace,Bournemouth,2.0,0.0,H,2022-2023,11887
11888,Man United,Wolves,2.0,0.0,H,2022-2023,11888
11889,Southampton,Fulham,0.0,2.0,A,2022-2023,11889
11890,Brentford,West Ham,2.0,0.0,H,2022-2023,11890
11891,Everton,Man City,0.0,3.0,A,2022-2023,11891
11892,Arsenal,Brighton,0.0,3.0,A,2022-2023,11892
11893,Leicester,Liverpool,0.0,3.0,A,2022-2023,11893
11894,Newcastle,Brighton,4.0,1.0,H,2022-2023,11894
11895,Tottenham,Brentford,1.0,3.0,A,2022-2023,11895
11896,Bournemouth,Man United,0.0,1.0,A,2022-2023,11896
11897,Fulham,Crystal Palace,2.0,2.0,D,2022-2023,11897
11898,Liverpool,Aston Villa,1.0,1.0,D,2022-2023,11898
11899,Wolves,Everton,1.0,1.0,D,2022-2023,11899
11900,Nott'm Forest,Arsenal,1.0,0.0,H,2022-2023,11900
11901,West Ham,Leeds,3.0,1.0,H,2022-2023,11901
11902,Brighton,Southampton,3.0,1.0,H,2022-2023,11902
11903,Man City,Chelsea,1.0,0.0,H,2022-2023,11903
11904,Newcastle,Leicester,0.0,0.0,D,2022-2023,11904
11905,Brighton,Man City,1.0,1.0,D,2022-2023,11905
11906,Man United,Chelsea,4.0,1.0,H,2022-2023,11906
11907,Arsenal,Wolves,5.0,0.0,H,2022-2023,11907
11908,Aston Villa,Brighton,2.0,1.0,H,2022-2023,11908
11909,Brentford,Man City,1.0,0.0,H,2022-2023,11909
11910,Chelsea,Newcastle,1.0,1.0,D,2022-2023,11910
11911,Crystal Palace,Nott'm Forest,1.0,1.0,D,2022-2023,11911
11912,Everton,Bournemouth,1.0,0.0,H,2022-2023,11912
11913,Leeds,Tottenham,1.0,4.0,A,2022-2023,11913
11914,Leicester,West Ham,2.0,1.0,H,2022-2023,11914
11915,Man United,Fulham,2.0,1.0,H,2022-2023,11915
11916,Southampton,Liverpool,4.0,4.0,D,2022-2023,11916
11917,Burnley,Man City,0.0,3.0,A,2023-2024,11917
11918,Arsenal,Nott'm Forest,2.0,1.0,H,2023-2024,11918
11919,Bournemouth,West Ham,1.0,1.0,D,2023-2024,11919
11920,Brighton,Luton,4.0,1.0,H,2023-2024,11920
11921,Everton,Fulham,0.0,1.0,A,2023-2024,11921
11922,Sheffield United,Crystal Palace,0.0,1.0,A,2023-2024,11922
11923,Newcastle,Aston Villa,5.0,1.0,H,2023-2024,11923
11924,Brentford,Tottenham,2.0,2.0,D,2023-2024,11924
11925,Chelsea,Liverpool,1.0,1.0,D,2023-2024,11925
11926,Man United,Wolves,1.0,0.0,H,2023-2024,11926
11927,Nott'm Forest,Sheffield United,2.0,1.0,H,2023-2024,11927
11928,Fulham,Brentford,0.0,3.0,A,2023-2024,11928
11929,Liverpool,Bournemouth,3.0,1.0,H,2023-2024,11929
11930,Wolves,Brighton,1.0,4.0,A,2023-2024,11930
11931,Tottenham,Man United,2.0,0.0,H,2023-2024,11931
11932,Man City,Newcastle,1.0,0.0,H,2023-2024,11932
11933,Aston Villa,Everton,4.0,0.0,H,2023-2024,11933
11934,West Ham,Chelsea,3.0,1.0,H,2023-2024,11934
11935,Crystal Palace,Arsenal,0.0,1.0,A,2023-2024,11935
11936,Chelsea,Luton,3.0,0.0,H,2023-2024,11936
11937,Bournemouth,Tottenham,0.0,2.0,A,2023-2024,11937
11938,Arsenal,Fulham,2.0,2.0,D,2023-2024,11938
11939,Brentford,Crystal Palace,1.0,1.0,D,2023-2024,11939
11940,Everton,Wolves,0.0,1.0,A,2023-2024,11940
11941,Man United,Nott'm Forest,3.0,2.0,H,2023-2024,11941
11942,Brighton,West Ham,1.0,3.0,A,2023-2024,11942
11943,Burnley,Aston Villa,1.0,3.0,A,2023-2024,11943
11944,Sheffield United,Man City,1.0,2.0,A,2023-2024,11944
11945,Newcastle,Liverpool,1.0,2.0,A,2023-2024,11945
11946,Luton,West Ham,1.0,2.0,A,2023-2024,11946
11947,Sheffield United,Everton,2.0,2.0,D,2023-2024,11947
11948,Brentford,Bournemouth,2.0,2.0,D,2023-2024,11948
11949,Burnley,Tottenham,2.0,5.0,A,2023-2024,11949
11950,Chelsea,Nott'm Forest,0.0,1.0,A,2023-2024,11950
11951,Man City,Fulham,5.0,1.0,H,2023-2024,11951
11952,Brighton,Newcastle,3.0,1.0,H,2023-2024,11952
11953,Crystal Palace,Wolves,3.0,2.0,H,2023-2024,11953
11954,Liverpool,Aston Villa,3.0,0.0,H,2023-2024,11954
11955,Arsenal,Man United,3.0,1.0,H,2023-2024,11955
11956,Wolves,Liverpool,1.0,3.0,A,2023-2024,11956
11957,Aston Villa,Crystal Palace,3.0,1.0,H,2023-2024,11957
11958,Fulham,Luton,1.0,0.0,H,2023-2024,11958
11959,Man United,Brighton,1.0,3.0,A,2023-2024,11959
11960,Tottenham,Sheffield United,2.0,1.0,H,2023-2024,11960
11961,West Ham,Man City,1.0,3.0,A,2023-2024,11961
11962,Newcastle,Brentford,1.0,0.0,H,2023-2024,11962
11963,Bournemouth,Chelsea,0.0,0.0,D,2023-2024,11963
11964,Everton,Arsenal,0.0,1.0,A,2023-2024,11964
11965,Nott'm Forest,Burnley,1.0,1.0,D,2023-2024,11965
11966,Crystal Palace,Fulham,0.0,0.0,D,2023-2024,11966
11967,Luton,Wolves,1.0,1.0,D,2023-2024,11967
11968,Man City,Nott'm Forest,2.0,0.0,H,2023-2024,11968
11969,Brentford,Everton,1.0,3.0,A,2023-2024,11969
11970,Burnley,Man United,0.0,1.0,A,2023-2024,11970
11971,Arsenal,Tottenham,2.0,2.0,D,2023-2024,11971
11972,Brighton,Bournemouth,3.0,1.0,H,2023-2024,11972
11973,Chelsea,Aston Villa,0.0,1.0,A,2023-2024,11973
11974,Liverpool,West Ham,3.0,1.0,H,2023-2024,11974
11975,Sheffield United,Newcastle,0.0,8.0,A,2023-2024,11975
11976,Aston Villa,Brighton,6.0,1.0,H,2023-2024,11976
11977,Bournemouth,Arsenal,0.0,4.0,A,2023-2024,11977
11978,Everton,Luton,1.0,2.0,A,2023-2024,11978
11979,Man United,Crystal Palace,0.0,1.0,A,2023-2024,11979
11980,Newcastle,Burnley,2.0,0.0,H,2023-2024,11980
11981,West Ham,Sheffield United,2.0,0.0,H,2023-2024,11981
11982,Wolves,Man City,2.0,1.0,H,2023-2024,11982
11983,Tottenham,Liverpool,2.0,1.0,H,2023-2024,11983
11984,Nott'm Forest,Brentford,1.0,1.0,D,2023-2024,11984
11985,Fulham,Chelsea,0.0,2.0,A,2023-2024,11985
11986,Luton,Burnley,1.0,2.0,A,2023-2024,11986
11987,Luton,Tottenham,0.0,1.0,A,2023-2024,11987
11988,Burnley,Chelsea,1.0,4.0,A,2023-2024,11988
11989,Everton,Bournemouth,3.0,0.0,H,2023-2024,11989
11990,Fulham,Sheffield United,3.0,1.0,H,2023-2024,11990
11991,Man United,Brentford,2.0,1.0,H,2023-2024,11991
11992,Crystal Palace,Nott'm Forest,0.0,0.0,D,2023-2024,11992
11993,Brighton,Liverpool,2.0,2.0,D,2023-2024,11993
11994,West Ham,Newcastle,2.0,2.0,D,2023-2024,11994
11995,Wolves,Aston Villa,1.0,1.0,D,2023-2024,11995
11996,Arsenal,Man City,1.0,0.0,H,2023-2024,11996
11997,Liverpool,Everton,2.0,0.0,H,2023-2024,11997
11998,Bournemouth,Wolves,1.0,2.0,A,2023-2024,11998
11999,Brentford,Burnley,3.0,0.0,H,2023-2024,11999
12000,Man City,Brighton,2.0,1.0,H,2023-2024,12000
12001,Newcastle,Crystal Palace,4.0,0.0,H,2023-2024,12001
12002,Nott'm Forest,Luton,2.0,2.0,D,2023-2024,12002
12003,Chelsea,Arsenal,2.0,2.0,D,2023-2024,12003
12004,Sheffield United,Man United,1.0,2.0,A,2023-2024,12004
12005,Aston Villa,West Ham,4.0,1.0,H,2023-2024,12005
12006,Tottenham,Fulham,2.0,0.0,H,2023-2024,12006
12007,Crystal Palace,Tottenham,1.0,2.0,A,2023-2024,12007
12008,Chelsea,Brentford,0.0,2.0,A,2023-2024,12008
12009,Arsenal,Sheffield United,5.0,0.0,H,2023-2024,12009
12010,Bournemouth,Burnley,2.0,1.0,H,2023-2024,12010
12011,Wolves,Newcastle,2.0,2.0,D,2023-2024,12011
12012,West Ham,Everton,0.0,1.0,A,2023-2024,12012
12013,Aston Villa,Luton,3.0,1.0,H,2023-2024,12013
12014,Brighton,Fulham,1.0,1.0,D,2023-2024,12014
12015,Liverpool,Nott'm Forest,3.0,0.0,H,2023-2024,12015
12016,Man United,Man City,0.0,3.0,A,2023-2024,12016
12017,Fulham,Man United,0.0,1.0,A,2023-2024,12017
12018,Brentford,West Ham,3.0,2.0,H,2023-2024,12018
12019,Burnley,Crystal Palace,0.0,2.0,A,2023-2024,12019
12020,Everton,Brighton,1.0,1.0,D,2023-2024,12020
12021,Man City,Bournemouth,6.0,1.0,H,2023-2024,12021
12022,Sheffield United,Wolves,2.0,1.0,H,2023-2024,12022
12023,Newcastle,Arsenal,1.0,0.0,H,2023-2024,12023
12024,Nott'm Forest,Aston Villa,2.0,0.0,H,2023-2024,12024
12025,Luton,Liverpool,1.0,1.0,D,2023-2024,12025
12026,Tottenham,Chelsea,1.0,4.0,A,2023-2024,12026
12027,Wolves,Tottenham,2.0,1.0,H,2023-2024,12027
12028,Arsenal,Burnley,3.0,1.0,H,2023-2024,12028
12029,Crystal Palace,Everton,2.0,3.0,A,2023-2024,12029
12030,Man United,Luton,1.0,0.0,H,2023-2024,12030
12031,Bournemouth,Newcastle,2.0,0.0,H,2023-2024,12031
12032,Aston Villa,Fulham,3.0,1.0,H,2023-2024,12032
12033,Brighton,Sheffield United,1.0,1.0,D,2023-2024,12033
12034,Liverpool,Brentford,3.0,0.0,H,2023-2024,12034
12035,West Ham,Nott'm Forest,3.0,2.0,H,2023-2024,12035
12036,Chelsea,Man City,4.0,4.0,D,2023-2024,12036
12037,Man City,Liverpool,1.0,1.0,D,2023-2024,12037
12038,Burnley,West Ham,1.0,2.0,A,2023-2024,12038
12039,Luton,Crystal Palace,2.0,1.0,H,2023-2024,12039
12040,Newcastle,Chelsea,4.0,1.0,H,2023-2024,12040
12041,Nott'm Forest,Brighton,2.0,3.0,A,2023-2024,12041
12042,Sheffield United,Bournemouth,1.0,3.0,A,2023-2024,12042
12043,Brentford,Arsenal,0.0,1.0,A,2023-2024,12043
12044,Tottenham,Aston Villa,1.0,2.0,A,2023-2024,12044
12045,Everton,Man United,0.0,3.0,A,2023-2024,12045
12046,Fulham,Wolves,3.0,2.0,H,2023-2024,12046
12047,Arsenal,Wolves,2.0,1.0,H,2023-2024,12047
12048,Brentford,Luton,3.0,1.0,H,2023-2024,12048
12049,Burnley,Sheffield United,5.0,0.0,H,2023-2024,12049
12050,Nott'm Forest,Everton,0.0,1.0,A,2023-2024,12050
12051,Newcastle,Man United,1.0,0.0,H,2023-2024,12051
12052,Bournemouth,Aston Villa,2.0,2.0,D,2023-2024,12052
12053,Chelsea,Brighton,3.0,2.0,H,2023-2024,12053
12054,Liverpool,Fulham,4.0,3.0,H,2023-2024,12054
12055,West Ham,Crystal Palace,1.0,1.0,D,2023-2024,12055
12056,Man City,Tottenham,3.0,3.0,D,2023-2024,12056
12057,Wolves,Burnley,1.0,0.0,H,2023-2024,12057
12058,Luton,Arsenal,3.0,4.0,A,2023-2024,12058
12059,Brighton,Brentford,2.0,1.0,H,2023-2024,12059
12060,Crystal Palace,Bournemouth,0.0,2.0,A,2023-2024,12060
12061,Fulham,Nott'm Forest,5.0,0.0,H,2023-2024,12061
12062,Sheffield United,Liverpool,0.0,2.0,A,2023-2024,12062
12063,Aston Villa,Man City,1.0,0.0,H,2023-2024,12063
12064,Man United,Chelsea,2.0,1.0,H,2023-2024,12064
12065,Everton,Newcastle,3.0,0.0,H,2023-2024,12065
12066,Tottenham,West Ham,1.0,2.0,A,2023-2024,12066
12067,Crystal Palace,Liverpool,1.0,2.0,A,2023-2024,12067
12068,Brighton,Burnley,1.0,1.0,D,2023-2024,12068
12069,Man United,Bournemouth,0.0,3.0,A,2023-2024,12069
12070,Sheffield United,Brentford,1.0,0.0,H,2023-2024,12070
12071,Wolves,Nott'm Forest,1.0,1.0,D,2023-2024,12071
12072,Aston Villa,Arsenal,1.0,0.0,H,2023-2024,12072
12073,Everton,Chelsea,2.0,0.0,H,2023-2024,12073
12074,Fulham,West Ham,5.0,0.0,H,2023-2024,12074
12075,Luton,Man City,1.0,2.0,A,2023-2024,12075
12076,Tottenham,Newcastle,4.0,1.0,H,2023-2024,12076
12077,Nott'm Forest,Tottenham,0.0,2.0,A,2023-2024,12077
12078,Chelsea,Sheffield United,2.0,0.0,H,2023-2024,12078
12079,Man City,Crystal Palace,2.0,2.0,D,2023-2024,12079
12080,Newcastle,Fulham,3.0,0.0,H,2023-2024,12080
12081,Burnley,Everton,0.0,2.0,A,2023-2024,12081
12082,Arsenal,Brighton,2.0,0.0,H,2023-2024,12082
12083,Brentford,Aston Villa,1.0,2.0,A,2023-2024,12083
12084,West Ham,Wolves,3.0,0.0,H,2023-2024,12084
12085,Liverpool,Man United,0.0,0.0,D,2023-2024,12085
12086,Crystal Palace,Brighton,1.0,1.0,D,2023-2024,12086
12087,Aston Villa,Sheffield United,1.0,1.0,D,2023-2024,12087
12088,West Ham,Man United,2.0,0.0,H,2023-2024,12088
12089,Fulham,Burnley,0.0,2.0,A,2023-2024,12089
12090,Luton,Newcastle,1.0,0.0,H,2023-2024,12090
12091,Nott'm Forest,Bournemouth,2.0,3.0,A,2023-2024,12091
12092,Tottenham,Everton,2.0,1.0,H,2023-2024,12092
12093,Liverpool,Arsenal,1.0,1.0,D,2023-2024,12093
12094,Wolves,Chelsea,2.0,1.0,H,2023-2024,12094
12095,Newcastle,Nott'm Forest,1.0,3.0,A,2023-2024,12095
12096,Bournemouth,Fulham,3.0,0.0,H,2023-2024,12096
12097,Sheffield United,Luton,2.0,3.0,A,2023-2024,12097
12098,Burnley,Liverpool,0.0,2.0,A,2023-2024,12098
12099,Man United,Aston Villa,3.0,2.0,H,2023-2024,12099
12100,Brentford,Wolves,1.0,4.0,A,2023-2024,12100
12101,Chelsea,Crystal Palace,2.0,1.0,H,2023-2024,12101
12102,Everton,Man City,1.0,3.0,A,2023-2024,12102
12103,Brighton,Tottenham,4.0,2.0,H,2023-2024,12103
12104,Arsenal,West Ham,0.0,2.0,A,2023-2024,12104
12105,Luton,Chelsea,2.0,3.0,A,2023-2024,12105
12106,Aston Villa,Burnley,3.0,2.0,H,2023-2024,12106
12107,Crystal Palace,Brentford,3.0,1.0,H,2023-2024,12107
12108,Man City,Sheffield United,2.0,0.0,H,2023-2024,12108
12109,Wolves,Everton,3.0,0.0,H,2023-2024,12109
12110,Nott'm Forest,Man United,2.0,1.0,H,2023-2024,12110
12111,Fulham,Arsenal,2.0,1.0,H,2023-2024,12111
12112,Tottenham,Bournemouth,3.0,1.0,H,2023-2024,12112
12113,Liverpool,Newcastle,4.0,2.0,H,2023-2024,12113
12114,West Ham,Brighton,0.0,0.0,D,2023-2024,12114
12115,Burnley,Luton,1.0,1.0,D,2023-2024,12115
12116,Chelsea,Fulham,1.0,0.0,H,2023-2024,12116
12117,Newcastle,Man City,2.0,3.0,A,2023-2024,12117
12118,Everton,Aston Villa,0.0,0.0,D,2023-2024,12118
12119,Man United,Tottenham,2.0,2.0,D,2023-2024,12119
12120,Arsenal,Crystal Palace,5.0,0.0,H,2023-2024,12120
12121,Brentford,Nott'm Forest,3.0,2.0,H,2023-2024,12121
12122,Sheffield United,West Ham,2.0,2.0,D,2023-2024,12122
12123,Bournemouth,Liverpool,0.0,4.0,A,2023-2024,12123
12124,Brighton,Wolves,0.0,0.0,D,2023-2024,12124
12125,Nott'm Forest,Arsenal,1.0,2.0,A,2023-2024,12125
12126,Fulham,Everton,0.0,0.0,D,2023-2024,12126
12127,Luton,Brighton,4.0,0.0,H,2023-2024,12127
12128,Crystal Palace,Sheffield United,3.0,2.0,H,2023-2024,12128
12129,Aston Villa,Newcastle,1.0,3.0,A,2023-2024,12129
12130,Man City,Burnley,3.0,1.0,H,2023-2024,12130
12131,Tottenham,Brentford,3.0,2.0,H,2023-2024,12131
12132,Liverpool,Chelsea,4.0,1.0,H,2023-2024,12132
12133,West Ham,Bournemouth,1.0,1.0,D,2023-2024,12133
12134,Wolves,Man United,3.0,4.0,A,2023-2024,12134
12135,Everton,Tottenham,2.0,2.0,D,2023-2024,12135
12136,Brighton,Crystal Palace,4.0,1.0,H,2023-2024,12136
12137,Burnley,Fulham,2.0,2.0,D,2023-2024,12137
12138,Newcastle,Luton,4.0,4.0,D,2023-2024,12138
12139,Sheffield United,Aston Villa,0.0,5.0,A,2023-2024,12139
12140,Bournemouth,Nott'm Forest,1.0,1.0,D,2023-2024,12140
12141,Chelsea,Wolves,2.0,4.0,A,2023-2024,12141
12142,Man United,West Ham,3.0,0.0,H,2023-2024,12142
12143,Arsenal,Liverpool,3.0,1.0,H,2023-2024,12143
12144,Brentford,Man City,1.0,3.0,A,2023-2024,12144
12145,Man City,Everton,2.0,0.0,H,2023-2024,12145
12146,Fulham,Bournemouth,3.0,1.0,H,2023-2024,12146
12147,Liverpool,Burnley,3.0,1.0,H,2023-2024,12147
12148,Luton,Sheffield United,1.0,3.0,A,2023-2024,12148
12149,Tottenham,Brighton,2.0,1.0,H,2023-2024,12149
12150,Wolves,Brentford,0.0,2.0,A,2023-2024,12150
12151,Nott'm Forest,Newcastle,2.0,3.0,A,2023-2024,12151
12152,West Ham,Arsenal,0.0,6.0,A,2023-2024,12152
12153,Aston Villa,Man United,1.0,2.0,A,2023-2024,12153
12154,Crystal Palace,Chelsea,1.0,3.0,A,2023-2024,12154
12155,Brentford,Liverpool,1.0,4.0,A,2023-2024,12155
12156,Burnley,Arsenal,0.0,5.0,A,2023-2024,12156
12157,Fulham,Aston Villa,1.0,2.0,A,2023-2024,12157
12158,Newcastle,Bournemouth,2.0,2.0,D,2023-2024,12158
12159,Nott'm Forest,West Ham,2.0,0.0,H,2023-2024,12159
12160,Tottenham,Wolves,1.0,2.0,A,2023-2024,12160
12161,Man City,Chelsea,1.0,1.0,D,2023-2024,12161
12162,Sheffield United,Brighton,0.0,5.0,A,2023-2024,12162
12163,Luton,Man United,1.0,2.0,A,2023-2024,12163
12164,Everton,Crystal Palace,1.0,1.0,D,2023-2024,12164
12165,Man City,Brentford,1.0,0.0,H,2023-2024,12165
12166,Liverpool,Luton,4.0,1.0,H,2023-2024,12166
12167,Aston Villa,Nott'm Forest,4.0,2.0,H,2023-2024,12167
12168,Brighton,Everton,1.0,1.0,D,2023-2024,12168
12169,Crystal Palace,Burnley,3.0,0.0,H,2023-2024,12169
12170,Man United,Fulham,1.0,2.0,A,2023-2024,12170
12171,Bournemouth,Man City,0.0,1.0,A,2023-2024,12171
12172,Arsenal,Newcastle,4.0,1.0,H,2023-2024,12172
12173,Wolves,Sheffield United,1.0,0.0,H,2023-2024,12173
12174,West Ham,Brentford,4.0,2.0,H,2023-2024,12174
12175,Brentford,Chelsea,2.0,2.0,D,2023-2024,12175
12176,Everton,West Ham,1.0,3.0,A,2023-2024,12176
12177,Fulham,Brighton,3.0,0.0,H,2023-2024,12177
12178,Newcastle,Wolves,3.0,0.0,H,2023-2024,12178
12179,Nott'm Forest,Liverpool,0.0,1.0,A,2023-2024,12179
12180,Tottenham,Crystal Palace,3.0,1.0,H,2023-2024,12180
12181,Luton,Aston Villa,2.0,3.0,A,2023-2024,12181
12182,Burnley,Bournemouth,0.0,2.0,A,2023-2024,12182
12183,Man City,Man United,3.0,1.0,H,2023-2024,12183
12184,Sheffield United,Arsenal,0.0,6.0,A,2023-2024,12184
12185,Man United,Everton,2.0,0.0,H,2023-2024,12185
12186,Bournemouth,Sheffield United,2.0,2.0,D,2023-2024,12186
12187,Crystal Palace,Luton,1.0,1.0,D,2023-2024,12187
12188,Wolves,Fulham,2.0,1.0,H,2023-2024,12188
12189,Arsenal,Brentford,2.0,1.0,H,2023-2024,12189
12190,Aston Villa,Tottenham,0.0,4.0,A,2023-2024,12190
12191,Brighton,Nott'm Forest,1.0,0.0,H,2023-2024,12191
12192,West Ham,Burnley,2.0,2.0,D,2023-2024,12192
12193,Liverpool,Man City,1.0,1.0,D,2023-2024,12193
12194,Chelsea,Newcastle,3.0,2.0,H,2023-2024,12194
12195,Bournemouth,Luton,4.0,3.0,H,2023-2024,12195
12196,Burnley,Brentford,2.0,1.0,H,2023-2024,12196
12197,Luton,Nott'm Forest,1.0,1.0,D,2023-2024,12197
12198,Fulham,Tottenham,3.0,0.0,H,2023-2024,12198
12199,West Ham,Aston Villa,1.0,1.0,D,2023-2024,12199
12200,Newcastle,West Ham,4.0,3.0,H,2023-2024,12200
12201,Bournemouth,Everton,2.0,1.0,H,2023-2024,12201
12202,Chelsea,Burnley,2.0,2.0,D,2023-2024,12202
12203,Nott'm Forest,Crystal Palace,1.0,1.0,D,2023-2024,12203
12204,Sheffield United,Fulham,3.0,3.0,D,2023-2024,12204
12205,Tottenham,Luton,2.0,1.0,H,2023-2024,12205
12206,Aston Villa,Wolves,2.0,0.0,H,2023-2024,12206
12207,Brentford,Man United,1.0,1.0,D,2023-2024,12207
12208,Liverpool,Brighton,2.0,1.0,H,2023-2024,12208
12209,Man City,Arsenal,0.0,0.0,D,2023-2024,12209
12210,Newcastle,Everton,1.0,1.0,D,2023-2024,12210
12211,Nott'm Forest,Fulham,3.0,1.0,H,2023-2024,12211
12212,Bournemouth,Crystal Palace,1.0,0.0,H,2023-2024,12212
12213,Burnley,Wolves,1.0,1.0,D,2023-2024,12213
12214,West Ham,Tottenham,1.0,1.0,D,2023-2024,12214
12215,Arsenal,Luton,2.0,0.0,H,2023-2024,12215
12216,Brentford,Brighton,0.0,0.0,D,2023-2024,12216
12217,Man City,Aston Villa,4.0,1.0,H,2023-2024,12217
12218,Liverpool,Sheffield United,3.0,1.0,H,2023-2024,12218
12219,Chelsea,Man United,4.0,3.0,H,2023-2024,12219
12220,Crystal Palace,Man City,2.0,4.0,A,2023-2024,12220
12221,Aston Villa,Brentford,3.0,3.0,D,2023-2024,12221
12222,Everton,Burnley,1.0,0.0,H,2023-2024,12222
12223,Fulham,Newcastle,0.0,1.0,A,2023-2024,12223
12224,Luton,Bournemouth,2.0,1.0,H,2023-2024,12224
12225,Wolves,West Ham,1.0,2.0,A,2023-2024,12225
12226,Brighton,Arsenal,0.0,3.0,A,2023-2024,12226
12227,Man United,Liverpool,2.0,2.0,D,2023-2024,12227
12228,Sheffield United,Chelsea,2.0,2.0,D,2023-2024,12228
12229,Tottenham,Nott'm Forest,3.0,1.0,H,2023-2024,12229
12230,Newcastle,Tottenham,4.0,0.0,H,2023-2024,12230
12231,Brentford,Sheffield United,2.0,0.0,H,2023-2024,12231
12232,Burnley,Brighton,1.0,1.0,D,2023-2024,12232
12233,Man City,Luton,5.0,1.0,H,2023-2024,12233
12234,Nott'm Forest,Wolves,2.0,2.0,D,2023-2024,12234
12235,Bournemouth,Man United,2.0,2.0,D,2023-2024,12235
12236,Liverpool,Crystal Palace,0.0,1.0,A,2023-2024,12236
12237,West Ham,Fulham,0.0,2.0,A,2023-2024,12237
12238,Arsenal,Aston Villa,0.0,2.0,A,2023-2024,12238
12239,Chelsea,Everton,6.0,0.0,H,2023-2024,12239
12240,Luton,Brentford,1.0,5.0,A,2023-2024,12240
12241,Sheffield United,Burnley,1.0,4.0,A,2023-2024,12241
12242,Wolves,Arsenal,0.0,2.0,A,2023-2024,12242
12243,Everton,Nott'm Forest,2.0,0.0,H,2023-2024,12243
12244,Aston Villa,Bournemouth,3.0,1.0,H,2023-2024,12244
12245,Crystal Palace,West Ham,5.0,2.0,H,2023-2024,12245
12246,Fulham,Liverpool,1.0,3.0,A,2023-2024,12246
12247,Arsenal,Chelsea,5.0,0.0,H,2023-2024,12247
12248,Wolves,Bournemouth,0.0,1.0,A,2023-2024,12248
12249,Crystal Palace,Newcastle,2.0,0.0,H,2023-2024,12249
12250,Everton,Liverpool,2.0,0.0,H,2023-2024,12250
12251,Man United,Sheffield United,4.0,2.0,H,2023-2024,12251
12252,Brighton,Man City,0.0,4.0,A,2023-2024,12252
12253,West Ham,Liverpool,2.0,2.0,D,2023-2024,12253
12254,Fulham,Crystal Palace,1.0,1.0,D,2023-2024,12254
12255,Man United,Burnley,1.0,1.0,D,2023-2024,12255
12256,Newcastle,Sheffield United,5.0,1.0,H,2023-2024,12256
12257,Wolves,Luton,2.0,1.0,H,2023-2024,12257
12258,Everton,Brentford,1.0,0.0,H,2023-2024,12258
12259,Aston Villa,Chelsea,2.0,2.0,D,2023-2024,12259
12260,Bournemouth,Brighton,3.0,0.0,H,2023-2024,12260
12261,Tottenham,Arsenal,2.0,3.0,A,2023-2024,12261
12262,Nott'm Forest,Man City,0.0,2.0,A,2023-2024,12262
12263,Chelsea,Tottenham,2.0,0.0,H,2023-2024,12263
12264,Luton,Everton,1.0,1.0,D,2023-2024,12264
12265,Arsenal,Bournemouth,3.0,0.0,H,2023-2024,12265
12266,Brentford,Fulham,0.0,0.0,D,2023-2024,12266
12267,Burnley,Newcastle,1.0,4.0,A,2023-2024,12267
12268,Sheffield United,Nott'm Forest,1.0,3.0,A,2023-2024,12268
12269,Man City,Wolves,5.0,1.0,H,2023-2024,12269
12270,Brighton,Aston Villa,1.0,0.0,H,2023-2024,12270
12271,Chelsea,West Ham,5.0,0.0,H,2023-2024,12271
12272,Liverpool,Tottenham,4.0,2.0,H,2023-2024,12272
12273,Crystal Palace,Man United,4.0,0.0,H,2023-2024,12273
12274,Fulham,Man City,0.0,4.0,A,2023-2024,12274
12275,Bournemouth,Brentford,1.0,2.0,A,2023-2024,12275
12276,Everton,Sheffield United,1.0,0.0,H,2023-2024,12276
12277,Newcastle,Brighton,1.0,1.0,D,2023-2024,12277
12278,Tottenham,Burnley,2.0,1.0,H,2023-2024,12278
12279,West Ham,Luton,3.0,1.0,H,2023-2024,12279
12280,Wolves,Crystal Palace,1.0,3.0,A,2023-2024,12280
12281,Nott'm Forest,Chelsea,2.0,3.0,A,2023-2024,12281
12282,Man United,Arsenal,0.0,1.0,A,2023-2024,12282
12283,Aston Villa,Liverpool,3.0,3.0,D,2023-2024,12283
12284,Tottenham,Man City,0.0,2.0,A,2023-2024,12284
12285,Brighton,Chelsea,1.0,2.0,A,2023-2024,12285
12286,Man United,Newcastle,3.0,2.0,H,2023-2024,12286
12287,Arsenal,Everton,2.0,1.0,H,2023-2024,12287
12288,Brentford,Newcastle,2.0,4.0,A,2023-2024,12288
12289,Brighton,Man United,0.0,2.0,A,2023-2024,12289
12290,Burnley,Nott'm Forest,1.0,2.0,A,2023-2024,12290
12291,Chelsea,Bournemouth,2.0,1.0,H,2023-2024,12291
12292,Crystal Palace,Aston Villa,5.0,0.0,H,2023-2024,12292
12293,Liverpool,Wolves,2.0,0.0,H,2023-2024,12293
12294,Luton,Fulham,2.0,4.0,A,2023-2024,12294
12295,Man City,West Ham,3.0,1.0,H,2023-2024,12295
12296,Sheffield United,Tottenham,0.0,3.0,A,2023-2024,12296
12297,Man United,Fulham,1.0,0.0,H,2024-2025,12297
12298,Ipswich,Liverpool,0.0,2.0,A,2024-2025,12298
12299,Arsenal,Wolves,2.0,0.0,H,2024-2025,12299
12300,Everton,Brighton,0.0,3.0,A,2024-2025,12300
12301,Newcastle,Southampton,1.0,0.0,H,2024-2025,12301
12302,Nott'm Forest,Bournemouth,1.0,1.0,D,2024-2025,12302
12303,West Ham,Aston Villa,1.0,2.0,A,2024-2025,12303
12304,Brentford,Crystal Palace,2.0,1.0,H,2024-2025,12304
12305,Chelsea,Man City,0.0,2.0,A,2024-2025,12305
12306,Leicester,Tottenham,1.0,1.0,D,2024-2025,12306
12307,Brighton,Man United,2.0,1.0,H,2024-2025,12307
12308,Crystal Palace,West Ham,0.0,2.0,A,2024-2025,12308
12309,Fulham,Leicester,2.0,1.0,H,2024-2025,12309
12310,Man City,Ipswich,4.0,1.0,H,2024-2025,12310
12311,Southampton,Nott'm Forest,0.0,1.0,A,2024-2025,12311
12312,Tottenham,Everton,4.0,0.0,H,2024-2025,12312
12313,Aston Villa,Arsenal,0.0,2.0,A,2024-2025,12313
12314,Bournemouth,Newcastle,1.0,1.0,D,2024-2025,12314
12315,Wolves,Chelsea,2.0,6.0,A,2024-2025,12315
12316,Liverpool,Brentford,2.0,0.0,H,2024-2025,12316
12317,Arsenal,Brighton,1.0,1.0,D,2024-2025,12317
12318,Brentford,Southampton,3.0,1.0,H,2024-2025,12318
12319,Everton,Bournemouth,2.0,3.0,A,2024-2025,12319
12320,Ipswich,Fulham,1.0,1.0,D,2024-2025,12320
12321,Leicester,Aston Villa,1.0,2.0,A,2024-2025,12321
12322,Nott'm Forest,Wolves,1.0,1.0,D,2024-2025,12322
12323,West Ham,Man City,1.0,3.0,A,2024-2025,12323
12324,Chelsea,Crystal Palace,1.0,1.0,D,2024-2025,12324
12325,Newcastle,Tottenham,2.0,1.0,H,2024-2025,12325
12326,Man United,Liverpool,0.0,3.0,A,2024-2025,12326
12327,Southampton,Man United,0.0,3.0,A,2024-2025,12327
12328,Brighton,Ipswich,0.0,0.0,D,2024-2025,12328
12329,Crystal Palace,Leicester,2.0,2.0,D,2024-2025,12329
12330,Fulham,West Ham,1.0,1.0,D,2024-2025,12330
12331,Liverpool,Nott'm Forest,0.0,1.0,A,2024-2025,12331
12332,Man City,Brentford,2.0,1.0,H,2024-2025,12332
12333,Aston Villa,Everton,3.0,2.0,H,2024-2025,12333
12334,Bournemouth,Chelsea,0.0,1.0,A,2024-2025,12334
12335,Tottenham,Arsenal,0.0,1.0,A,2024-2025,12335
12336,Wolves,Newcastle,1.0,2.0,A,2024-2025,12336
12337,West Ham,Chelsea,0.0,3.0,A,2024-2025,12337
12338,Aston Villa,Wolves,3.0,1.0,H,2024-2025,12338
12339,Fulham,Newcastle,3.0,1.0,H,2024-2025,12339
12340,Leicester,Everton,1.0,1.0,D,2024-2025,12340
12341,Liverpool,Bournemouth,3.0,0.0,H,2024-2025,12341
12342,Southampton,Ipswich,1.0,1.0,D,2024-2025,12342
12343,Tottenham,Brentford,3.0,1.0,H,2024-2025,12343
12344,Crystal Palace,Man United,0.0,0.0,D,2024-2025,12344
12345,Brighton,Nott'm Forest,2.0,2.0,D,2024-2025,12345
12346,Man City,Arsenal,2.0,2.0,D,2024-2025,12346
12347,Newcastle,Man City,1.0,1.0,D,2024-2025,12347
12348,Arsenal,Leicester,4.0,2.0,H,2024-2025,12348
12349,Brentford,West Ham,1.0,1.0,D,2024-2025,12349
12350,Chelsea,Brighton,4.0,2.0,H,2024-2025,12350
12351,Everton,Crystal Palace,2.0,1.0,H,2024-2025,12351
12352,Nott'm Forest,Fulham,0.0,1.0,A,2024-2025,12352
12353,Wolves,Liverpool,1.0,2.0,A,2024-2025,12353
12354,Ipswich,Aston Villa,2.0,2.0,D,2024-2025,12354
12355,Man United,Tottenham,0.0,3.0,A,2024-2025,12355
12356,Bournemouth,Southampton,3.0,1.0,H,2024-2025,12356
12357,Crystal Palace,Liverpool,0.0,1.0,A,2024-2025,12357
12358,Arsenal,Southampton,3.0,1.0,H,2024-2025,12358
12359,Brentford,Wolves,5.0,3.0,H,2024-2025,12359
12360,Leicester,Bournemouth,1.0,0.0,H,2024-2025,12360
12361,Man City,Fulham,3.0,2.0,H,2024-2025,12361
12362,West Ham,Ipswich,4.0,1.0,H,2024-2025,12362
12363,Everton,Newcastle,0.0,0.0,D,2024-2025,12363
12364,Aston Villa,Man United,0.0,0.0,D,2024-2025,12364
12365,Chelsea,Nott'm Forest,1.0,1.0,D,2024-2025,12365
12366,Brighton,Tottenham,3.0,2.0,H,2024-2025,12366
12367,Tottenham,West Ham,4.0,1.0,H,2024-2025,12367
12368,Fulham,Aston Villa,1.0,3.0,A,2024-2025,12368
12369,Ipswich,Everton,0.0,2.0,A,2024-2025,12369
12370,Man United,Brentford,2.0,1.0,H,2024-2025,12370
12371,Newcastle,Brighton,0.0,1.0,A,2024-2025,12371
12372,Southampton,Leicester,2.0,3.0,A,2024-2025,12372
12373,Bournemouth,Arsenal,2.0,0.0,H,2024-2025,12373
12374,Wolves,Man City,1.0,2.0,A,2024-2025,12374
12375,Liverpool,Chelsea,2.0,1.0,H,2024-2025,12375
12376,Nott'm Forest,Crystal Palace,1.0,0.0,H,2024-2025,12376
12377,Leicester,Nott'm Forest,1.0,3.0,A,2024-2025,12377
12378,Aston Villa,Bournemouth,1.0,1.0,D,2024-2025,12378
12379,Brentford,Ipswich,4.0,3.0,H,2024-2025,12379
12380,Brighton,Wolves,2.0,2.0,D,2024-2025,12380
12381,Man City,Southampton,1.0,0.0,H,2024-2025,12381
12382,Everton,Fulham,1.0,1.0,D,2024-2025,12382
12383,Chelsea,Newcastle,2.0,1.0,H,2024-2025,12383
12384,Crystal Palace,Tottenham,1.0,0.0,H,2024-2025,12384
12385,West Ham,Man United,2.0,1.0,H,2024-2025,12385
12386,Arsenal,Liverpool,2.0,2.0,D,2024-2025,12386
12387,Newcastle,Arsenal,1.0,0.0,H,2024-2025,12387
12388,Bournemouth,Man City,2.0,1.0,H,2024-2025,12388
12389,Ipswich,Leicester,1.0,1.0,D,2024-2025,12389
12390,Liverpool,Brighton,2.0,1.0,H,2024-2025,12390
12391,Nott'm Forest,West Ham,3.0,0.0,H,2024-2025,12391
12392,Southampton,Everton,1.0,0.0,H,2024-2025,12392
12393,Wolves,Crystal Palace,2.0,2.0,D,2024-2025,12393
12394,Tottenham,Aston Villa,4.0,1.0,H,2024-2025,12394
12395,Man United,Chelsea,1.0,1.0,D,2024-2025,12395
12396,Fulham,Brentford,2.0,1.0,H,2024-2025,12396
12397,Brentford,Bournemouth,3.0,2.0,H,2024-2025,12397
12398,Crystal Palace,Fulham,0.0,2.0,A,2024-2025,12398
12399,West Ham,Everton,0.0,0.0,D,2024-2025,12399
12400,Wolves,Southampton,2.0,0.0,H,2024-2025,12400
12401,Brighton,Man City,2.0,1.0,H,2024-2025,12401
12402,Liverpool,Aston Villa,2.0,0.0,H,2024-2025,12402
12403,Man United,Leicester,3.0,0.0,H,2024-2025,12403
12404,Nott'm Forest,Newcastle,1.0,3.0,A,2024-2025,12404
12405,Tottenham,Ipswich,1.0,2.0,A,2024-2025,12405
12406,Chelsea,Arsenal,1.0,1.0,D,2024-2025,12406
12407,Leicester,Chelsea,1.0,2.0,A,2024-2025,12407
12408,Arsenal,Nott'm Forest,3.0,0.0,H,2024-2025,12408
12409,Aston Villa,Crystal Palace,2.0,2.0,D,2024-2025,12409
12410,Bournemouth,Brighton,1.0,2.0,A,2024-2025,12410
12411,Everton,Brentford,0.0,0.0,D,2024-2025,12411
12412,Fulham,Wolves,1.0,4.0,A,2024-2025,12412
12413,Man City,Tottenham,0.0,4.0,A,2024-2025,12413
12414,Southampton,Liverpool,2.0,3.0,A,2024-2025,12414
12415,Ipswich,Man United,1.0,1.0,D,2024-2025,12415
12416,Newcastle,West Ham,0.0,2.0,A,2024-2025,12416
12417,Brighton,Southampton,1.0,1.0,D,2024-2025,12417
12418,Brentford,Leicester,4.0,1.0,H,2024-2025,12418
12419,Crystal Palace,Newcastle,1.0,1.0,D,2024-2025,12419
12420,Nott'm Forest,Ipswich,1.0,0.0,H,2024-2025,12420
12421,Wolves,Bournemouth,2.0,4.0,A,2024-2025,12421
12422,West Ham,Arsenal,2.0,5.0,A,2024-2025,12422
12423,Chelsea,Aston Villa,3.0,0.0,H,2024-2025,12423
12424,Man United,Everton,4.0,0.0,H,2024-2025,12424
12425,Tottenham,Fulham,1.0,1.0,D,2024-2025,12425
12426,Liverpool,Man City,2.0,0.0,H,2024-2025,12426
12427,Ipswich,Crystal Palace,0.0,1.0,A,2024-2025,12427
12428,Leicester,West Ham,3.0,1.0,H,2024-2025,12428
12429,Everton,Wolves,4.0,0.0,H,2024-2025,12429
12430,Man City,Nott'm Forest,3.0,0.0,H,2024-2025,12430
12431,Newcastle,Liverpool,3.0,3.0,D,2024-2025,12431
12432,Southampton,Chelsea,1.0,5.0,A,2024-2025,12432
12433,Arsenal,Man United,2.0,0.0,H,2024-2025,12433
12434,Aston Villa,Brentford,3.0,1.0,H,2024-2025,12434
12435,Fulham,Brighton,3.0,1.0,H,2024-2025,12435
12436,Bournemouth,Tottenham,1.0,0.0,H,2024-2025,12436
12437,Aston Villa,Southampton,1.0,0.0,H,2024-2025,12437
12438,Brentford,Newcastle,4.0,2.0,H,2024-2025,12438
12439,Crystal Palace,Man City,2.0,2.0,D,2024-2025,12439
12440,Man United,Nott'm Forest,2.0,3.0,A,2024-2025,12440
12441,Fulham,Arsenal,1.0,1.0,D,2024-2025,12441
12442,Ipswich,Bournemouth,1.0,2.0,A,2024-2025,12442
12443,Leicester,Brighton,2.0,2.0,D,2024-2025,12443
12444,Tottenham,Chelsea,3.0,4.0,A,2024-2025,12444
12445,West Ham,Wolves,2.0,1.0,H,2024-2025,12445
12446,Arsenal,Everton,0.0,0.0,D,2024-2025,12446
12447,Liverpool,Fulham,2.0,2.0,D,2024-2025,12447
12448,Newcastle,Leicester,4.0,0.0,H,2024-2025,12448
12449,Wolves,Ipswich,1.0,2.0,A,2024-2025,12449
12450,Nott'm Forest,Aston Villa,2.0,1.0,H,2024-2025,12450
12451,Brighton,Crystal Palace,1.0,3.0,A,2024-2025,12451
12452,Man City,Man United,1.0,2.0,A,2024-2025,12452
12453,Chelsea,Brentford,2.0,1.0,H,2024-2025,12453
12454,Southampton,Tottenham,0.0,5.0,A,2024-2025,12454
12455,Bournemouth,West Ham,1.0,1.0,D,2024-2025,12455
12456,Aston Villa,Man City,2.0,1.0,H,2024-2025,12456
12457,Brentford,Nott'm Forest,0.0,2.0,A,2024-2025,12457
12458,Ipswich,Newcastle,0.0,4.0,A,2024-2025,12458
12459,West Ham,Brighton,1.0,1.0,D,2024-2025,12459
12460,Crystal Palace,Arsenal,1.0,5.0,A,2024-2025,12460
12461,Everton,Chelsea,0.0,0.0,D,2024-2025,12461
12462,Fulham,Southampton,0.0,0.0,D,2024-2025,12462
12463,Leicester,Wolves,0.0,3.0,A,2024-2025,12463
12464,Man United,Bournemouth,0.0,3.0,A,2024-2025,12464
12465,Tottenham,Liverpool,3.0,6.0,A,2024-2025,12465
12466,Man City,Everton,1.0,1.0,D,2024-2025,12466
12467,Bournemouth,Crystal Palace,0.0,0.0,D,2024-2025,12467
12468,Chelsea,Fulham,1.0,2.0,A,2024-2025,12468
12469,Newcastle,Aston Villa,3.0,0.0,H,2024-2025,12469
12470,Nott'm Forest,Tottenham,1.0,0.0,H,2024-2025,12470
12471,Southampton,West Ham,0.0,1.0,A,2024-2025,12471
12472,Wolves,Man United,2.0,0.0,H,2024-2025,12472
12473,Liverpool,Leicester,3.0,1.0,H,2024-2025,12473
12474,Brighton,Brentford,0.0,0.0,D,2024-2025,12474
12475,Arsenal,Ipswich,1.0,0.0,H,2024-2025,12475
12476,Leicester,Man City,0.0,2.0,A,2024-2025,12476
12477,Crystal Palace,Southampton,2.0,1.0,H,2024-2025,12477
12478,Everton,Nott'm Forest,0.0,2.0,A,2024-2025,12478
12479,Fulham,Bournemouth,2.0,2.0,D,2024-2025,12479
12480,Tottenham,Wolves,2.0,2.0,D,2024-2025,12480
12481,West Ham,Liverpool,0.0,5.0,A,2024-2025,12481
12482,Aston Villa,Brighton,2.0,2.0,D,2024-2025,12482
12483,Ipswich,Chelsea,2.0,0.0,H,2024-2025,12483
12484,Man United,Newcastle,0.0,2.0,A,2024-2025,12484
12485,Brentford,Arsenal,1.0,3.0,A,2024-2025,12485
12486,Tottenham,Newcastle,1.0,2.0,A,2024-2025,12486
12487,Aston Villa,Leicester,2.0,1.0,H,2024-2025,12487
12488,Bournemouth,Everton,1.0,0.0,H,2024-2025,12488
12489,Crystal Palace,Chelsea,1.0,1.0,D,2024-2025,12489
12490,Man City,West Ham,4.0,1.0,H,2024-2025,12490
12491,Southampton,Brentford,0.0,5.0,A,2024-2025,12491
12492,Brighton,Arsenal,1.0,1.0,D,2024-2025,12492
12493,Fulham,Ipswich,2.0,2.0,D,2024-2025,12493
12494,Liverpool,Man United,2.0,2.0,D,2024-2025,12494
12495,Wolves,Nott'm Forest,0.0,3.0,A,2024-2025,12495
12496,Brentford,Man City,2.0,2.0,D,2024-2025,12496
12497,Chelsea,Bournemouth,2.0,2.0,D,2024-2025,12497
12498,West Ham,Fulham,3.0,2.0,H,2024-2025,12498
12499,Nott'm Forest,Liverpool,1.0,1.0,D,2024-2025,12499
12500,Everton,Aston Villa,0.0,1.0,A,2024-2025,12500
12501,Leicester,Crystal Palace,0.0,2.0,A,2024-2025,12501
12502,Newcastle,Wolves,3.0,0.0,H,2024-2025,12502
12503,Arsenal,Tottenham,2.0,1.0,H,2024-2025,12503
12504,Ipswich,Brighton,0.0,2.0,A,2024-2025,12504
12505,Man United,Southampton,3.0,1.0,H,2024-2025,12505
12506,Newcastle,Bournemouth,1.0,4.0,A,2024-2025,12506
12507,Brentford,Liverpool,0.0,2.0,A,2024-2025,12507
12508,Leicester,Fulham,0.0,2.0,A,2024-2025,12508
12509,West Ham,Crystal Palace,0.0,2.0,A,2024-2025,12509
12510,Arsenal,Aston Villa,2.0,2.0,D,2024-2025,12510
12511,Everton,Tottenham,3.0,2.0,H,2024-2025,12511
12512,Man United,Brighton,1.0,3.0,A,2024-2025,12512
12513,Nott'm Forest,Southampton,3.0,2.0,H,2024-2025,12513
12514,Ipswich,Man City,0.0,6.0,A,2024-2025,12514
12515,Chelsea,Wolves,3.0,1.0,H,2024-2025,12515
12516,Bournemouth,Nott'm Forest,5.0,0.0,H,2024-2025,12516
12517,Brighton,Everton,0.0,1.0,A,2024-2025,12517
12518,Liverpool,Ipswich,4.0,1.0,H,2024-2025,12518
12519,Southampton,Newcastle,1.0,3.0,A,2024-2025,12519
12520,Wolves,Arsenal,0.0,1.0,A,2024-2025,12520
12521,Man City,Chelsea,3.0,1.0,H,2024-2025,12521
12522,Crystal Palace,Brentford,1.0,2.0,A,2024-2025,12522
12523,Tottenham,Leicester,1.0,2.0,A,2024-2025,12523
12524,Aston Villa,West Ham,1.0,1.0,D,2024-2025,12524
12525,Fulham,Man United,0.0,1.0,A,2024-2025,12525
12526,Nott'm Forest,Brighton,7.0,0.0,H,2024-2025,12526
12527,Bournemouth,Liverpool,0.0,2.0,A,2024-2025,12527
12528,Everton,Leicester,4.0,0.0,H,2024-2025,12528
12529,Ipswich,Southampton,1.0,2.0,A,2024-2025,12529
12530,Newcastle,Fulham,1.0,2.0,A,2024-2025,12530
12531,Wolves,Aston Villa,2.0,0.0,H,2024-2025,12531
12532,Brentford,Tottenham,0.0,2.0,A,2024-2025,12532
12533,Man United,Crystal Palace,0.0,2.0,A,2024-2025,12533
12534,Arsenal,Man City,5.0,1.0,H,2024-2025,12534
12535,Chelsea,West Ham,2.0,1.0,H,2024-2025,12535
12536,Everton,Liverpool,2.0,2.0,D,2024-2025,12536
12537,Brighton,Chelsea,3.0,0.0,H,2024-2025,12537
12538,Leicester,Arsenal,0.0,2.0,A,2024-2025,12538
12539,Aston Villa,Ipswich,1.0,1.0,D,2024-2025,12539
12540,Fulham,Nott'm Forest,2.0,1.0,H,2024-2025,12540
12541,Man City,Newcastle,4.0,0.0,H,2024-2025,12541
12542,Southampton,Bournemouth,1.0,3.0,A,2024-2025,12542
12543,West Ham,Brentford,0.0,1.0,A,2024-2025,12543
12544,Crystal Palace,Everton,1.0,2.0,A,2024-2025,12544
12545,Liverpool,Wolves,2.0,1.0,H,2024-2025,12545
12546,Tottenham,Man United,1.0,0.0,H,2024-2025,12546
12547,Aston Villa,Liverpool,2.0,2.0,D,2024-2025,12547
12548,Leicester,Brentford,0.0,4.0,A,2024-2025,12548
12549,Everton,Man United,2.0,2.0,D,2024-2025,12549
12550,Arsenal,West Ham,0.0,1.0,A,2024-2025,12550
12551,Bournemouth,Wolves,0.0,1.0,A,2024-2025,12551
12552,Fulham,Crystal Palace,0.0,2.0,A,2024-2025,12552
12553,Ipswich,Tottenham,1.0,4.0,A,2024-2025,12553
12554,Southampton,Brighton,0.0,4.0,A,2024-2025,12554
12555,Aston Villa,Chelsea,2.0,1.0,H,2024-2025,12555
12556,Newcastle,Nott'm Forest,4.0,3.0,H,2024-2025,12556
12557,Man City,Liverpool,0.0,2.0,A,2024-2025,12557
12558,Brighton,Bournemouth,2.0,1.0,H,2024-2025,12558
12559,Crystal Palace,Aston Villa,4.0,1.0,H,2024-2025,12559
12560,Wolves,Fulham,1.0,2.0,A,2024-2025,12560
12561,Chelsea,Southampton,4.0,0.0,H,2024-2025,12561
12562,Brentford,Everton,1.0,1.0,D,2024-2025,12562
12563,Man United,Ipswich,3.0,2.0,H,2024-2025,12563
12564,Nott'm Forest,Arsenal,0.0,0.0,D,2024-2025,12564
12565,Tottenham,Man City,0.0,1.0,A,2024-2025,12565
12566,Liverpool,Newcastle,2.0,0.0,H,2024-2025,12566
12567,West Ham,Leicester,2.0,0.0,H,2024-2025,12567
12568,Nott'm Forest,Man City,1.0,0.0,H,2024-2025,12568
12569,Brighton,Fulham,2.0,1.0,H,2024-2025,12569
12570,Crystal Palace,Ipswich,1.0,0.0,H,2024-2025,12570
12571,Liverpool,Southampton,3.0,1.0,H,2024-2025,12571
12572,Brentford,Aston Villa,0.0,1.0,A,2024-2025,12572
12573,Wolves,Everton,1.0,1.0,D,2024-2025,12573
12574,Chelsea,Leicester,1.0,0.0,H,2024-2025,12574
12575,Tottenham,Bournemouth,2.0,2.0,D,2024-2025,12575
12576,Man United,Arsenal,1.0,1.0,D,2024-2025,12576
12577,West Ham,Newcastle,0.0,1.0,A,2024-2025,12577
12578,Everton,West Ham,1.0,1.0,D,2024-2025,12578
12579,Ipswich,Nott'm Forest,2.0,4.0,A,2024-2025,12579
12580,Man City,Brighton,2.0,2.0,D,2024-2025,12580
12581,Southampton,Wolves,1.0,2.0,A,2024-2025,12581
12582,Bournemouth,Brentford,1.0,2.0,A,2024-2025,12582
12583,Arsenal,Chelsea,1.0,0.0,H,2024-2025,12583
12584,Fulham,Tottenham,2.0,0.0,H,2024-2025,12584
12585,Leicester,Man United,0.0,3.0,A,2024-2025,12585
12586,Arsenal,Fulham,2.0,1.0,H,2024-2025,12586
12587,Wolves,West Ham,1.0,0.0,H,2024-2025,12587
12588,Nott'm Forest,Man United,1.0,0.0,H,2024-2025,12588
12589,Bournemouth,Ipswich,1.0,2.0,A,2024-2025,12589
12590,Brighton,Aston Villa,0.0,3.0,A,2024-2025,12590
12591,Man City,Leicester,2.0,0.0,H,2024-2025,12591
12592,Newcastle,Brentford,2.0,1.0,H,2024-2025,12592
12593,Southampton,Crystal Palace,1.0,1.0,D,2024-2025,12593
12594,Liverpool,Everton,1.0,0.0,H,2024-2025,12594
12595,Chelsea,Tottenham,1.0,0.0,H,2024-2025,12595
12596,Everton,Arsenal,1.0,1.0,D,2024-2025,12596
12597,Crystal Palace,Brighton,2.0,1.0,H,2024-2025,12597
12598,Ipswich,Wolves,1.0,2.0,A,2024-2025,12598
12599,West Ham,Bournemouth,2.0,2.0,D,2024-2025,12599
12600,Aston Villa,Nott'm Forest,2.0,1.0,H,2024-2025,12600
12601,Brentford,Chelsea,0.0,0.0,D,2024-2025,12601
12602,Fulham,Liverpool,3.0,2.0,H,2024-2025,12602
12603,Tottenham,Southampton,3.0,1.0,H,2024-2025,12603
12604,Man United,Man City,0.0,0.0,D,2024-2025,12604
12605,Leicester,Newcastle,0.0,3.0,A,2024-2025,12605
12606,Man City,Crystal Palace,5.0,2.0,H,2024-2025,12606
12607,Brighton,Leicester,2.0,2.0,D,2024-2025,12607
12608,Nott'm Forest,Everton,0.0,1.0,A,2024-2025,12608
12609,Southampton,Aston Villa,0.0,3.0,A,2024-2025,12609
12610,Arsenal,Brentford,1.0,1.0,D,2024-2025,12610
12611,Chelsea,Ipswich,2.0,2.0,D,2024-2025,12611
12612,Liverpool,West Ham,2.0,1.0,H,2024-2025,12612
12613,Wolves,Tottenham,4.0,2.0,H,2024-2025,12613
12614,Newcastle,Man United,4.0,1.0,H,2024-2025,12614
12615,Bournemouth,Fulham,1.0,0.0,H,2024-2025,12615
12616,Newcastle,Crystal Palace,5.0,0.0,H,2024-2025,12616
12617,Brentford,Brighton,4.0,2.0,H,2024-2025,12617
12618,Crystal Palace,Bournemouth,0.0,0.0,D,2024-2025,12618
12619,Everton,Man City,0.0,2.0,A,2024-2025,12619
12620,West Ham,Southampton,1.0,1.0,D,2024-2025,12620
12621,Aston Villa,Newcastle,4.0,1.0,H,2024-2025,12621
12622,Fulham,Chelsea,1.0,2.0,A,2024-2025,12622
12623,Ipswich,Arsenal,0.0,4.0,A,2024-2025,12623
12624,Man United,Wolves,0.0,1.0,A,2024-2025,12624
12625,Leicester,Liverpool,0.0,1.0,A,2024-2025,12625
12626,Tottenham,Nott'm Forest,1.0,2.0,A,2024-2025,12626
12627,Man City,Aston Villa,2.0,1.0,H,2024-2025,12627
12628,Arsenal,Crystal Palace,2.0,2.0,D,2024-2025,12628
12629,Chelsea,Everton,1.0,0.0,H,2024-2025,12629
12630,Brighton,West Ham,3.0,2.0,H,2024-2025,12630
12631,Newcastle,Ipswich,3.0,0.0,H,2024-2025,12631
12632,Southampton,Fulham,1.0,2.0,A,2024-2025,12632
12633,Wolves,Leicester,3.0,0.0,H,2024-2025,12633
12634,Bournemouth,Man United,1.0,1.0,D,2024-2025,12634
12635,Liverpool,Tottenham,5.0,1.0,H,2024-2025,12635
12636,Nott'm Forest,Brentford,0.0,2.0,A,2024-2025,12636
12637,Man City,Wolves,1.0,0.0,H,2024-2025,12637
12638,Aston Villa,Fulham,1.0,0.0,H,2024-2025,12638
12639,Everton,Ipswich,2.0,2.0,D,2024-2025,12639
12640,Leicester,Southampton,2.0,0.0,H,2024-2025,12640
12641,Arsenal,Bournemouth,1.0,2.0,A,2024-2025,12641
12642,Brentford,Man United,4.0,3.0,H,2024-2025,12642
12643,Brighton,Newcastle,1.0,1.0,D,2024-2025,12643
12644,West Ham,Tottenham,1.0,1.0,D,2024-2025,12644
12645,Chelsea,Liverpool,3.0,1.0,H,2024-2025,12645
12646,Crystal Palace,Nott'm Forest,1.0,1.0,D,2024-2025,12646
12647,Fulham,Everton,1.0,3.0,A,2024-2025,12647
12648,Ipswich,Brentford,0.0,1.0,A,2024-2025,12648
12649,Southampton,Man City,0.0,0.0,D,2024-2025,12649
12650,Wolves,Brighton,0.0,2.0,A,2024-2025,12650
12651,Bournemouth,Aston Villa,0.0,1.0,A,2024-2025,12651
12652,Newcastle,Chelsea,2.0,0.0,H,2024-2025,12652
12653,Man United,West Ham,0.0,2.0,A,2024-2025,12653
12654,Nott'm Forest,Leicester,2.0,2.0,D,2024-2025,12654
12655,Tottenham,Crystal Palace,0.0,2.0,A,2024-2025,12655
12656,Liverpool,Arsenal,2.0,2.0,D,2024-2025,12656
12657,Aston Villa,Tottenham,2.0,0.0,H,2024-2025,12657
12658,Chelsea,Man United,1.0,0.0,H,2024-2025,12658
12659,Everton,Southampton,2.0,0.0,H,2024-2025,12659
12660,West Ham,Nott'm Forest,1.0,2.0,A,2024-2025,12660
12661,Brentford,Fulham,2.0,3.0,A,2024-2025,12661
12662,Leicester,Ipswich,2.0,0.0,H,2024-2025,12662
12663,Arsenal,Newcastle,1.0,0.0,H,2024-2025,12663
12664,Brighton,Liverpool,3.0,2.0,H,2024-2025,12664
12665,Crystal Palace,Wolves,4.0,2.0,H,2024-2025,12665
12666,Man City,Bournemouth,3.0,1.0,H,2024-2025,12666
12667,Bournemouth,Leicester,2.0,0.0,H,2024-2025,12667
12668,Fulham,Man City,0.0,2.0,A,2024-2025,12668
12669,Ipswich,West Ham,1.0,3.0,A,2024-2025,12669
12670,Liverpool,Crystal Palace,1.0,1.0,D,2024-2025,12670
12671,Man United,Aston Villa,2.0,0.0,H,2024-2025,12671
12672,Newcastle,Everton,0.0,1.0,A,2024-2025,12672
12673,Nott'm Forest,Chelsea,0.0,1.0,A,2024-2025,12673
12674,Southampton,Arsenal,1.0,2.0,A,2024-2025,12674
12675,Tottenham,Brighton,1.0,4.0,A,2024-2025,12675
12676,Wolves,Brentford,1.0,1.0,D,2024-2025,12676
12677,Liverpool,Bournemouth,4.0,2.0,H,2025-2026,12677
12678,Aston Villa,Newcastle,0.0,0.0,D,2025-2026,12678
12679,Brighton,Fulham,1.0,1.0,D,2025-2026,12679
12680,Sunderland,West Ham,3.0,0.0,H,2025-2026,12680
12681,Tottenham,Burnley,3.0,0.0,H,2025-2026,12681
12682,Wolves,Man City,0.0,4.0,A,2025-2026,12682
12683,Chelsea,Crystal Palace,0.0,0.0,D,2025-2026,12683
12684,Nott'm Forest,Brentford,3.0,1.0,H,2025-2026,12684
12685,Man United,Arsenal,0.0,1.0,A,2025-2026,12685
12686,Leeds,Everton,1.0,0.0,H,2025-2026,12686
12687,West Ham,Chelsea,1.0,5.0,A,2025-2026,12687
12688,Man City,Tottenham,0.0,2.0,A,2025-2026,12688
12689,Bournemouth,Wolves,1.0,0.0,H,2025-2026,12689
12690,Brentford,Aston Villa,1.0,0.0,H,2025-2026,12690
12691,Burnley,Sunderland,2.0,0.0,H,2025-2026,12691
12692,Arsenal,Leeds,5.0,0.0,H,2025-2026,12692
12693,Crystal Palace,Nott'm Forest,1.0,1.0,D,2025-2026,12693
12694,Everton,Brighton,2.0,0.0,H,2025-2026,12694
12695,Fulham,Man United,1.0,1.0,D,2025-2026,12695
12696,Newcastle,Liverpool,2.0,3.0,A,2025-2026,12696
12697,Chelsea,Fulham,2.0,0.0,H,2025-2026,12697
12698,Man United,Burnley,3.0,2.0,H,2025-2026,12698
12699,Sunderland,Brentford,2.0,1.0,H,2025-2026,12699
12700,Tottenham,Bournemouth,0.0,1.0,A,2025-2026,12700
12701,Wolves,Everton,2.0,3.0,A,2025-2026,12701
12702,Leeds,Newcastle,0.0,0.0,D,2025-2026,12702
12703,Brighton,Man City,2.0,1.0,H,2025-2026,12703
12704,Nott'm Forest,West Ham,0.0,3.0,A,2025-2026,12704
12705,Liverpool,Arsenal,1.0,0.0,H,2025-2026,12705
12706,Aston Villa,Crystal Palace,0.0,3.0,A,2025-2026,12706
12707,Arsenal,Nott'm Forest,3.0,0.0,H,2025-2026,12707
12708,Bournemouth,Brighton,2.0,1.0,H,2025-2026,12708
12709,Crystal Palace,Sunderland,0.0,0.0,D,2025-2026,12709
12710,Everton,Aston Villa,0.0,0.0,D,2025-2026,12710
12711,Fulham,Leeds,1.0,0.0,H,2025-2026,12711
12712,Newcastle,Wolves,1.0,0.0,H,2025-2026,12712
12713,West Ham,Tottenham,0.0,3.0,A,2025-2026,12713
12714,Brentford,Chelsea,2.0,2.0,D,2025-2026,12714
12715,Burnley,Liverpool,0.0,1.0,A,2025-2026,12715
12716,Man City,Man United,3.0,0.0,H,2025-2026,12716
12717,Liverpool,Everton,2.0,1.0,H,2025-2026,12717
12718,Brighton,Tottenham,2.0,2.0,D,2025-2026,12718
12719,Burnley,Nott'm Forest,1.0,1.0,D,2025-2026,12719
12720,West Ham,Crystal Palace,1.0,2.0,A,2025-2026,12720
12721,Wolves,Leeds,1.0,3.0,A,2025-2026,12721
12722,Man United,Chelsea,2.0,1.0,H,2025-2026,12722
12723,Fulham,Brentford,3.0,1.0,H,2025-2026,12723
12724,Bournemouth,Newcastle,0.0,0.0,D,2025-2026,12724
12725,Sunderland,Aston Villa,1.0,1.0,D,2025-2026,12725
12726,Arsenal,Man City,1.0,1.0,D,2025-2026,12726
12727,Brentford,Man United,3.0,1.0,H,2025-2026,12727
12728,Chelsea,Brighton,1.0,3.0,A,2025-2026,12728
12729,Crystal Palace,Liverpool,2.0,1.0,H,2025-2026,12729
12730,Leeds,Bournemouth,2.0,2.0,D,2025-2026,12730
12731,Man City,Burnley,5.0,1.0,H,2025-2026,12731
12732,Nott'm Forest,Sunderland,0.0,1.0,A,2025-2026,12732
12733,Tottenham,Wolves,1.0,1.0,D,2025-2026,12733
12734,Aston Villa,Fulham,3.0,1.0,H,2025-2026,12734
12735,Newcastle,Arsenal,1.0,2.0,A,2025-2026,12735
12736,Everton,West Ham,1.0,1.0,D,2025-2026,12736
12737,Bournemouth,Fulham,3.0,1.0,H,2025-2026,12737
12738,Leeds,Tottenham,1.0,2.0,A,2025-2026,12738
12739,Arsenal,West Ham,2.0,0.0,H,2025-2026,12739
12740,Man United,Sunderland,2.0,0.0,H,2025-2026,12740
12741,Chelsea,Liverpool,2.0,1.0,H,2025-2026,12741
12742,Aston Villa,Burnley,2.0,1.0,H,2025-2026,12742
12743,Everton,Crystal Palace,2.0,1.0,H,2025-2026,12743
12744,Newcastle,Nott'm Forest,2.0,0.0,H,2025-2026,12744
12745,Wolves,Brighton,1.0,1.0,D,2025-2026,12745
12746,Brentford,Man City,0.0,1.0,A,2025-2026,12746
12747,Nott'm Forest,Chelsea,0.0,3.0,A,2025-2026,12747
12748,Brighton,Newcastle,2.0,1.0,H,2025-2026,12748
12749,Burnley,Leeds,2.0,0.0,H,2025-2026,12749
12750,Crystal Palace,Bournemouth,3.0,3.0,D,2025-2026,12750
12751,Man City,Everton,2.0,0.0,H,2025-2026,12751
12752,Sunderland,Wolves,2.0,0.0,H,2025-2026,12752
12753,Fulham,Arsenal,0.0,1.0,A,2025-2026,12753
12754,Tottenham,Aston Villa,1.0,2.0,A,2025-2026,12754
12755,Liverpool,Man United,1.0,2.0,A,2025-2026,12755
12756,West Ham,Brentford,0.0,2.0,A,2025-2026,12756
12757,Leeds,West Ham,2.0,1.0,H,2025-2026,12757
12758,Chelsea,Sunderland,1.0,2.0,A,2025-2026,12758
12759,Newcastle,Fulham,2.0,1.0,H,2025-2026,12759
12760,Man United,Brighton,4.0,2.0,H,2025-2026,12760
12761,Brentford,Liverpool,3.0,2.0,H,2025-2026,12761
12762,Arsenal,Crystal Palace,1.0,0.0,H,2025-2026,12762
12763,Aston Villa,Man City,1.0,0.0,H,2025-2026,12763
12764,Bournemouth,Nott'm Forest,2.0,0.0,H,2025-2026,12764
12765,Wolves,Burnley,2.0,3.0,A,2025-2026,12765
12766,Everton,Tottenham,0.0,3.0,A,2025-2026,12766
12767,Brighton,Leeds,3.0,0.0,H,2025-2026,12767
12768,Burnley,Arsenal,0.0,2.0,A,2025-2026,12768
12769,Crystal Palace,Brentford,2.0,0.0,H,2025-2026,12769
12770,Fulham,Wolves,3.0,0.0,H,2025-2026,12770
12771,Nott'm Forest,Man United,2.0,2.0,D,2025-2026,12771
12772,Tottenham,Chelsea,0.0,1.0,A,2025-2026,12772
12773,Liverpool,Aston Villa,2.0,0.0,H,2025-2026,12773
12774,West Ham,Newcastle,3.0,1.0,H,2025-2026,12774
12775,Man City,Bournemouth,3.0,1.0,H,2025-2026,12775
12776,Sunderland,Everton,1.0,1.0,D,2025-2026,12776
12777,Tottenham,Man United,2.0,2.0,D,2025-2026,12777
12778,Everton,Fulham,2.0,0.0,H,2025-2026,12778
12779,West Ham,Burnley,3.0,2.0,H,2025-2026,12779
12780,Sunderland,Arsenal,2.0,2.0,D,2025-2026,12780
12781,Chelsea,Wolves,3.0,0.0,H,2025-2026,12781
12782,Aston Villa,Bournemouth,4.0,0.0,H,2025-2026,12782
12783,Brentford,Newcastle,3.0,1.0,H,2025-2026,12783
12784,Crystal Palace,Brighton,0.0,0.0,D,2025-2026,12784
12785,Nott'm Forest,Leeds,3.0,1.0,H,2025-2026,12785
12786,Man City,Liverpool,3.0,0.0,H,2025-2026,12786
12787,Burnley,Chelsea,0.0,2.0,A,2025-2026,12787
12788,Bournemouth,West Ham,2.0,2.0,D,2025-2026,12788
12789,Brighton,Brentford,2.0,1.0,H,2025-2026,12789
12790,Fulham,Sunderland,1.0,0.0,H,2025-2026,12790
12791,Liverpool,Nott'm Forest,0.0,3.0,A,2025-2026,12791
12792,Wolves,Crystal Palace,0.0,2.0,A,2025-2026,12792
12793,Newcastle,Man City,2.0,1.0,H,2025-2026,12793
12794,Leeds,Aston Villa,1.0,2.0,A,2025-2026,12794
12795,Arsenal,Tottenham,4.0,1.0,H,2025-2026,12795
12796,Man United,Everton,0.0,1.0,A,2025-2026,12796
12797,Brentford,Burnley,3.0,1.0,H,2025-2026,12797
12798,Man City,Leeds,3.0,2.0,H,2025-2026,12798
12799,Sunderland,Bournemouth,3.0,2.0,H,2025-2026,12799
12800,Everton,Newcastle,1.0,4.0,A,2025-2026,12800
12801,Tottenham,Fulham,1.0,2.0,A,2025-2026,12801
12802,Crystal Palace,Man United,1.0,2.0,A,2025-2026,12802
12803,Aston Villa,Wolves,1.0,0.0,H,2025-2026,12803
12804,Nott'm Forest,Brighton,0.0,2.0,A,2025-2026,12804
12805,West Ham,Liverpool,0.0,2.0,A,2025-2026,12805
12806,Chelsea,Arsenal,1.0,1.0,D,2025-2026,12806
12807,Bournemouth,Everton,0.0,1.0,A,2025-2026,12807
12808,Fulham,Man City,4.0,5.0,A,2025-2026,12808
12809,Newcastle,Tottenham,2.0,2.0,D,2025-2026,12809
12810,Arsenal,Brentford,2.0,0.0,H,2025-2026,12810
12811,Brighton,Aston Villa,3.0,4.0,A,2025-2026,12811
12812,Burnley,Crystal Palace,0.0,1.0,A,2025-2026,12812
12813,Wolves,Nott'm Forest,0.0,1.0,A,2025-2026,12813
12814,Leeds,Chelsea,3.0,1.0,H,2025-2026,12814
12815,Liverpool,Sunderland,1.0,1.0,D,2025-2026,12815
12816,Man United,West Ham,1.0,1.0,D,2025-2026,12816
12817,Aston Villa,Arsenal,2.0,1.0,H,2025-2026,12817
12818,Bournemouth,Chelsea,0.0,0.0,D,2025-2026,12818
12819,Everton,Nott'm Forest,3.0,0.0,H,2025-2026,12819
12820,Man City,Sunderland,3.0,0.0,H,2025-2026,12820
12821,Newcastle,Burnley,2.0,1.0,H,2025-2026,12821
12822,Tottenham,Brentford,2.0,0.0,H,2025-2026,12822
12823,Leeds,Liverpool,3.0,3.0,D,2025-2026,12823
12824,Brighton,West Ham,1.0,1.0,D,2025-2026,12824
12825,Fulham,Crystal Palace,1.0,2.0,A,2025-2026,12825
12826,Wolves,Man United,1.0,4.0,A,2025-2026,12826
12827,Chelsea,Everton,2.0,0.0,H,2025-2026,12827
12828,Liverpool,Brighton,2.0,0.0,H,2025-2026,12828
12829,Burnley,Fulham,2.0,3.0,A,2025-2026,12829
12830,Arsenal,Wolves,2.0,1.0,H,2025-2026,12830
12831,Crystal Palace,Man City,0.0,3.0,A,2025-2026,12831
12832,Nott'm Forest,Tottenham,3.0,0.0,H,2025-2026,12832
12833,Sunderland,Newcastle,1.0,0.0,H,2025-2026,12833
12834,West Ham,Aston Villa,2.0,3.0,A,2025-2026,12834
12835,Brentford,Leeds,1.0,1.0,D,2025-2026,12835
12836,Man United,Bournemouth,4.0,4.0,D,2025-2026,12836
12837,Newcastle,Chelsea,2.0,2.0,D,2025-2026,12837
12838,Bournemouth,Burnley,1.0,1.0,D,2025-2026,12838
12839,Brighton,Sunderland,0.0,0.0,D,2025-2026,12839
12840,Man City,West Ham,3.0,0.0,H,2025-2026,12840
12841,Wolves,Brentford,0.0,2.0,A,2025-2026,12841
12842,Tottenham,Liverpool,1.0,2.0,A,2025-2026,12842
12843,Everton,Arsenal,0.0,1.0,A,2025-2026,12843
12844,Leeds,Crystal Palace,4.0,1.0,H,2025-2026,12844
12845,Aston Villa,Man United,2.0,1.0,H,2025-2026,12845
12846,Fulham,Nott'm Forest,1.0,0.0,H,2025-2026,12846
12847,Man United,Newcastle,1.0,0.0,H,2025-2026,12847
12848,Nott'm Forest,Man City,1.0,2.0,A,2025-2026,12848
12849,Arsenal,Brighton,2.0,1.0,H,2025-2026,12849
12850,Brentford,Bournemouth,4.0,1.0,H,2025-2026,12850
12851,Burnley,Everton,0.0,0.0,D,2025-2026,12851
12852,Liverpool,Wolves,2.0,1.0,H,2025-2026,12852
12853,West Ham,Fulham,0.0,1.0,A,2025-2026,12853
12854,Chelsea,Aston Villa,1.0,2.0,A,2025-2026,12854
12855,Sunderland,Leeds,1.0,1.0,D,2025-2026,12855
12856,Crystal Palace,Tottenham,0.0,1.0,A,2025-2026,12856
12857,Burnley,Newcastle,1.0,3.0,A,2025-2026,12857
12858,Chelsea,Bournemouth,2.0,2.0,D,2025-2026,12858
12859,Nott'm Forest,Everton,0.0,2.0,A,2025-2026,12859
12860,West Ham,Brighton,2.0,2.0,D,2025-2026,12860
12861,Arsenal,Aston Villa,4.0,1.0,H,2025-2026,12861
12862,Man United,Wolves,1.0,1.0,D,2025-2026,12862
12863,Crystal Palace,Fulham,1.0,1.0,D,2025-2026,12863
12864,Liverpool,Leeds,0.0,0.0,D,2025-2026,12864
12865,Brentford,Tottenham,0.0,0.0,D,2025-2026,12865
12866,Sunderland,Man City,0.0,0.0,D,2025-2026,12866
12867,Aston Villa,Nott'm Forest,3.0,1.0,H,2025-2026,12867
12868,Brighton,Burnley,2.0,0.0,H,2025-2026,12868
12869,Wolves,West Ham,3.0,0.0,H,2025-2026,12869
12870,Bournemouth,Arsenal,2.0,3.0,A,2025-2026,12870
12871,Leeds,Man United,1.0,1.0,D,2025-2026,12871
12872,Everton,Brentford,2.0,4.0,A,2025-2026,12872
12873,Newcastle,Crystal Palace,2.0,0.0,H,2025-2026,12873
12874,Tottenham,Sunderland,1.0,1.0,D,2025-2026,12874
12875,Fulham,Liverpool,2.0,2.0,D,2025-2026,12875
12876,Man City,Chelsea,1.0,1.0,D,2025-2026,12876
12877,West Ham,Nott'm Forest,1.0,2.0,A,2025-2026,12877
12878,Bournemouth,Tottenham,3.0,2.0,H,2025-2026,12878
12879,Brentford,Sunderland,3.0,0.0,H,2025-2026,12879
12880,Crystal Palace,Aston Villa,0.0,0.0,D,2025-2026,12880
12881,Everton,Wolves,1.0,1.0,D,2025-2026,12881
12882,Fulham,Chelsea,2.0,1.0,H,2025-2026,12882
12883,Man City,Brighton,1.0,1.0,D,2025-2026,12883
12884,Burnley,Man United,2.0,2.0,D,2025-2026,12884
12885,Newcastle,Leeds,4.0,3.0,H,2025-2026,12885
12886,Arsenal,Liverpool,0.0,0.0,D,2025-2026,12886
12887,Man United,Man City,2.0,0.0,H,2025-2026,12887
12888,Chelsea,Brentford,2.0,0.0,H,2025-2026,12888
12889,Leeds,Fulham,1.0,0.0,H,2025-2026,12889
12890,Liverpool,Burnley,1.0,1.0,D,2025-2026,12890
12891,Sunderland,Crystal Palace,2.0,1.0,H,2025-2026,12891
12892,Tottenham,West Ham,1.0,2.0,A,2025-2026,12892
12893,Nott'm Forest,Arsenal,0.0,0.0,D,2025-2026,12893
12894,Wolves,Newcastle,0.0,0.0,D,2025-2026,12894
12895,Aston Villa,Everton,0.0,1.0,A,2025-2026,12895
12896,Brighton,Bournemouth,1.0,1.0,D,2025-2026,12896
12897,West Ham,Sunderland,3.0,1.0,H,2025-2026,12897
12898,Burnley,Tottenham,2.0,2.0,D,2025-2026,12898
12899,Fulham,Brighton,2.0,1.0,H,2025-2026,12899
12900,Man City,Wolves,2.0,0.0,H,2025-2026,12900
12901,Bournemouth,Liverpool,3.0,2.0,H,2025-2026,12901
12902,Brentford,Nott'm Forest,0.0,2.0,A,2025-2026,12902
12903,Crystal Palace,Chelsea,1.0,3.0,A,2025-2026,12903
12904,Newcastle,Aston Villa,0.0,2.0,A,2025-2026,12904
12905,Arsenal,Man United,2.0,3.0,A,2025-2026,12905
12906,Everton,Leeds,1.0,1.0,D,2025-2026,12906
12907,Brighton,Everton,1.0,1.0,D,2025-2026,12907
12908,Leeds,Arsenal,0.0,4.0,A,2025-2026,12908
12909,Wolves,Bournemouth,0.0,2.0,A,2025-2026,12909
12910,Chelsea,West Ham,3.0,2.0,H,2025-2026,12910
12911,Liverpool,Newcastle,4.0,1.0,H,2025-2026,12911
12912,Aston Villa,Brentford,0.0,1.0,A,2025-2026,12912
12913,Man United,Fulham,3.0,2.0,H,2025-2026,12913
12914,Nott'm Forest,Crystal Palace,1.0,1.0,D,2025-2026,12914
12915,Tottenham,Man City,2.0,2.0,D,2025-2026,12915
12916,Sunderland,Burnley,3.0,0.0,H,2025-2026,12916
12917,Leeds,Nott'm Forest,3.0,1.0,H,2025-2026,12917
12918,Man United,Tottenham,2.0,0.0,H,2025-2026,12918
12919,Arsenal,Sunderland,3.0,0.0,H,2025-2026,12919
12920,Bournemouth,Aston Villa,1.0,1.0,D,2025-2026,12920
12921,Burnley,West Ham,0.0,2.0,A,2025-2026,12921
12922,Fulham,Everton,1.0,2.0,A,2025-2026,12922
12923,Wolves,Chelsea,1.0,3.0,A,2025-2026,12923
12924,Newcastle,Brentford,2.0,3.0,A,2025-2026,12924
12925,Brighton,Crystal Palace,0.0,1.0,A,2025-2026,12925
12926,Liverpool,Man City,1.0,2.0,A,2025-2026,12926
12927,Chelsea,Leeds,2.0,2.0,D,2025-2026,12927
12928,Everton,Bournemouth,1.0,2.0,A,2025-2026,12928
12929,Tottenham,Newcastle,1.0,2.0,A,2025-2026,12929
12930,West Ham,Man United,1.0,1.0,D,2025-2026,12930
12931,Aston Villa,Brighton,1.0,0.0,H,2025-2026,12931
12932,Crystal Palace,Burnley,2.0,3.0,A,2025-2026,12932
12933,Man City,Fulham,3.0,0.0,H,2025-2026,12933
12934,Nott'm Forest,Wolves,0.0,0.0,D,2025-2026,12934
12935,Sunderland,Liverpool,0.0,1.0,A,2025-2026,12935
12936,Brentford,Arsenal,1.0,1.0,D,2025-2026,12936
12937,Wolves,Arsenal,2.0,2.0,D,2025-2026,12937
12938,Aston Villa,Leeds,1.0,1.0,D,2025-2026,12938
12939,Brentford,Brighton,0.0,2.0,A,2025-2026,12939
12940,Chelsea,Burnley,1.0,1.0,D,2025-2026,12940
12941,West Ham,Bournemouth,0.0,0.0,D,2025-2026,12941
12942,Man City,Newcastle,2.0,1.0,H,2025-2026,12942
12943,Crystal Palace,Wolves,1.0,0.0,H,2025-2026,12943
12944,Nott'm Forest,Liverpool,0.0,1.0,A,2025-2026,12944
12945,Sunderland,Fulham,1.0,3.0,A,2025-2026,12945
12946,Tottenham,Arsenal,1.0,4.0,A,2025-2026,12946
12947,Everton,Man United,0.0,1.0,A,2025-2026,12947
12948,Wolves,Aston Villa,2.0,0.0,H,2025-2026,12948
12949,Bournemouth,Sunderland,1.0,1.0,D,2025-2026,12949
12950,Burnley,Brentford,3.0,4.0,A,2025-2026,12950
12951,Liverpool,West Ham,5.0,2.0,H,2025-2026,12951
12952,Newcastle,Everton,2.0,3.0,A,2025-2026,12952
12953,Leeds,Man City,0.0,1.0,A,2025-2026,12953
12954,Brighton,Nott'm Forest,2.0,1.0,H,2025-2026,12954
12955,Fulham,Tottenham,2.0,1.0,H,2025-2026,12955
12956,Man United,Crystal Palace,2.0,1.0,H,2025-2026,12956
12957,Arsenal,Chelsea,2.0,1.0,H,2025-2026,12957
12958,Bournemouth,Brentford,0.0,0.0,D,2025-2026,12958
12959,Everton,Burnley,2.0,0.0,H,2025-2026,12959
12960,Leeds,Sunderland,0.0,1.0,A,2025-2026,12960
12961,Wolves,Liverpool,2.0,1.0,H,2025-2026,12961
12962,Aston Villa,Chelsea,1.0,4.0,A,2025-2026,12962
12963,Brighton,Arsenal,0.0,1.0,A,2025-2026,12963
12964,Fulham,West Ham,0.0,1.0,A,2025-2026,12964
12965,Man City,Nott'm Forest,2.0,2.0,D,2025-2026,12965
12966,Newcastle,Man United,2.0,1.0,H,2025-2026,12966
12967,Tottenham,Crystal Palace,1.0,3.0,A,2025-2026,12967
12968,Burnley,Bournemouth,0.0,0.0,D,2025-2026,12968
12969,Sunderland,Brighton,0.0,1.0,A,2025-2026,12969
12970,Arsenal,Everton,2.0,0.0,H,2025-2026,12970
12971,Chelsea,Newcastle,0.0,1.0,A,2025-2026,12971
12972,West Ham,Man City,1.0,1.0,D,2025-2026,12972
12973,Crystal Palace,Leeds,0.0,0.0,D,2025-2026,12973
12974,Man United,Aston Villa,3.0,1.0,H,2025-2026,12974
12975,Nott'm Forest,Fulham,0.0,0.0,D,2025-2026,12975
12976,Liverpool,Tottenham,1.0,1.0,D,2025-2026,12976
12977,Brentford,Wolves,2.0,2.0,D,2025-2026,12977
12978,Bournemouth,Man United,2.0,2.0,D,2025-2026,12978
12979,Brighton,Liverpool,2.0,1.0,H,2025-2026,12979
12980,Fulham,Burnley,3.0,1.0,H,2025-2026,12980
12981,Everton,Chelsea,3.0,0.0,H,2025-2026,12981
12982,Leeds,Brentford,0.0,0.0,D,2025-2026,12982
12983,Newcastle,Sunderland,1.0,2.0,A,2025-2026,12983
12984,Aston Villa,West Ham,2.0,0.0,H,2025-2026,12984
12985,Tottenham,Nott'm Forest,0.0,3.0,A,2025-2026,12985
12986,West Ham,Wolves,4.0,0.0,H,2025-2026,12986
12987,Arsenal,Bournemouth,1.0,2.0,A,2025-2026,12987
12988,Brentford,Everton,2.0,2.0,D,2025-2026,12988
12989,Burnley,Brighton,0.0,2.0,A,2025-2026,12989
12990,Liverpool,Fulham,2.0,0.0,H,2025-2026,12990
12991,Crystal Palace,Newcastle,2.0,1.0,H,2025-2026,12991
12992,Nott'm Forest,Aston Villa,1.0,1.0,D,2025-2026,12992
12993,Sunderland,Tottenham,1.0,0.0,H,2025-2026,12993
12994,Chelsea,Man City,0.0,3.0,A,2025-2026,12994
12995,Man United,Leeds,1.0,2.0,A,2025-2026,12995
12996,Brentford,Fulham,0.0,0.0,D,2025-2026,12996
12997,Leeds,Wolves,3.0,0.0,H,2025-2026,12997
12998,Newcastle,Bournemouth,1.0,2.0,A,2025-2026,12998
12999,Tottenham,Brighton,2.0,2.0,D,2025-2026,12999
13000,Chelsea,Man United,0.0,1.0,A,2025-2026,13000
13001,Aston Villa,Sunderland,4.0,3.0,H,2025-2026,13001
13002,Everton,Liverpool,1.0,2.0,A,2025-2026,13002
13003,Nott'm Forest,Burnley,4.0,1.0,H,2025-2026,13003
13004,Man City,Arsenal,2.0,1.0,H,2025-2026,13004
13005,Crystal Palace,West Ham,0.0,0.0,D,2025-2026,13005
13006,Brighton,Chelsea,3.0,0.0,H,2025-2026,13006
13007,Bournemouth,Leeds,2.0,2.0,D,2025-2026,13007
13008,Burnley,Man City,0.0,1.0,A,2025-2026,13008
13009,Sunderland,Nott'm Forest,0.0,5.0,A,2025-2026,13009
13010,Fulham,Aston Villa,1.0,0.0,H,2025-2026,13010
13011,Liverpool,Crystal Palace,3.0,1.0,H,2025-2026,13011
13012,West Ham,Everton,2.0,1.0,H,2025-2026,13012
13013,Wolves,Tottenham,0.0,1.0,A,2025-2026,13013
13014,Arsenal,Newcastle,1.0,0.0,H,2025-2026,13014
13015,Man United,Brentford,2.0,1.0,H,2025-2026,13015
13016,Leeds,Burnley,3.0,1.0,H,2025-2026,13016
13017,Brentford,West Ham,3.0,0.0,H,2025-2026,13017
13018,Newcastle,Brighton,3.0,1.0,H,2025-2026,13018
13019,Wolves,Sunderland,1.0,1.0,D,2025-2026,13019
13020,Arsenal,Fulham,3.0,0.0,H,2025-2026,13020
13021,Bournemouth,Crystal Palace,3.0,0.0,H,2025-2026,13021
13022,Man United,Liverpool,3.0,2.0,H,2025-2026,13022
13023,Aston Villa,Tottenham,1.0,2.0,A,2025-2026,13023
13024,Chelsea,Nott'm Forest,1.0,3.0,A,2025-2026,13024
13025,Everton,Man City,3.0,3.0,D,2025-2026,13025
13026,Liverpool,Chelsea,1.0,1.0,D,2025-2026,13026
13027,Brighton,Wolves,3.0,0.0,H,2025-2026,13027
13028,Fulham,Bournemouth,0.0,1.0,A,2025-2026,13028
13029,Sunderland,Man United,0.0,0.0,D,2025-2026,13029
13030,Man City,Brentford,3.0,0.0,H,2025-2026,13030
13031,Burnley,Aston Villa,2.0,2.0,D,2025-2026,13031
13032,Crystal Palace,Everton,2.0,2.0,D,2025-2026,13032
13033,Nott'm Forest,Newcastle,1.0,1.0,D,2025-2026,13033
13034,West Ham,Arsenal,0.0,1.0,A,2025-2026,13034
13035,Tottenham,Leeds,1.0,1.0,D,2025-2026,13035
13036,Man City,Crystal Palace,3.0,0.0,H,2025-2026,13036
13037,Aston Villa,Liverpool,4.0,2.0,H,2025-2026,13037
13038,Man United,Nott'm Forest,3.0,2.0,H,2025-2026,13038
13039,Brentford,Crystal Palace,2.0,2.0,D,2025-2026,13039
13040,Everton,Sunderland,1.0,3.0,A,2025-2026,13040
13041,Leeds,Brighton,1.0,0.0,H,2025-2026,13041
13042,Wolves,Fulham,1.0,1.0,D,2025-2026,13042
13043,Newcastle,West Ham,3.0,1.0,H,2025-2026,13043
13044,Arsenal,Burnley,1.0,0.0,H,2025-2026,13044
13045,Bournemouth,Man City,1.0,1.0,D,2025-2026,13045
13046,Chelsea,Tottenham,2.0,1.0,H,2025-2026,13046
13047,Brighton,Man United,0.0,3.0,A,2025-2026,13047
13048,Burnley,Wolves,1.0,1.0,D,2025-2026,13048
13049,Crystal Palace,Arsenal,1.0,2.0,A,2025-2026,13049
13050,Fulham,Newcastle,2.0,0.0,H,2025-2026,13050
13051,Liverpool,Brentford,1.0,1.0,D,2025-2026,13051
13052,Man City,Aston Villa,1.0,2.0,A,2025-2026,13052
13053,Nott'm Forest,Bournemouth,1.0,1.0,D,2025-2026,13053
13054,Sunderland,Chelsea,2.0,1.0,H,2025-2026,13054
13055,Tottenham,Everton,1.0,0.0,H,2025-2026,13055
13056,West Ham,Leeds,3.0,0.0,H,2025-2026,13056
